match_id,home_team,away_team,count,prob
73,South Korea,Switzerland,5345,0.1069
73,Mexico,Switzerland,4921,0.09842
73,South Korea,Canada,4778,0.09556
73,Mexico,Canada,4335,0.0867
73,Czechia,Switzerland,3783,0.07566
73,South Africa,Switzerland,3250,0.065
73,Czechia,Canada,3247,0.06494
73,South Africa,Canada,2886,0.05772
73,South Korea,Bosnia and Herzegovina,2833,0.05666
73,South Korea,Qatar,2657,0.05314
73,Mexico,Bosnia and Herzegovina,2506,0.05012
73,Mexico,Qatar,2303,0.04606
73,Czechia,Bosnia and Herzegovina,1950,0.039
73,Czechia,Qatar,1852,0.03704
73,South Africa,Bosnia and Herzegovina,1788,0.03576
73,South Africa,Qatar,1566,0.03132
74,Brazil,Netherlands,6700,0.134
74,Morocco,Netherlands,6575,0.1315
74,Brazil,Japan,6221,0.12442
74,Morocco,Japan,6185,0.1237
74,Brazil,Tunisia,3861,0.07722
74,Morocco,Tunisia,3851,0.07702
74,Brazil,Sweden,3359,0.06718
74,Morocco,Sweden,3299,0.06598
74,Scotland,Netherlands,1745,0.0349
74,Scotland,Japan,1674,0.03348
74,Haiti,Netherlands,1491,0.02982
74,Haiti,Japan,1452,0.02904
74,Scotland,Tunisia,1000,0.02
74,Scotland,Sweden,946,0.01892
74,Haiti,Sweden,826,0.01652
74,Haiti,Tunisia,815,0.0163
75,Germany,Czechia,5647,0.11294
75,Germany,South Africa,5187,0.10374
75,Germany,South Korea,4805,0.0961
75,Germany,Mexico,3541,0.07082
75,Côte d'Ivoire,Czechia,2131,0.04262
75,Côte d'Ivoire,South Africa,2019,0.04038
75,Germany,Bosnia and Herzegovina,1835,0.0367
75,Côte d'Ivoire,South Korea,1763,0.03526
75,Germany,Qatar,1747,0.03494
75,Ecuador,Czechia,1532,0.03064
75,Ecuador,South Africa,1446,0.02892
75,Germany,Switzerland,1324,0.02648
75,Côte d'Ivoire,Mexico,1324,0.02648
75,Ecuador,South Korea,1313,0.02626
75,Ecuador,Mexico,1008,0.02016
75,Curaçao,Czechia,1005,0.0201
75,Germany,Canada,998,0.01996
75,Curaçao,South Africa,973,0.01946
75,Curaçao,South Korea,839,0.01678
75,Côte d'Ivoire,Bosnia and Herzegovina,775,0.0155
75,Curaçao,Mexico,657,0.01314
75,Côte d'Ivoire,Qatar,639,0.01278
75,Ecuador,Bosnia and Herzegovina,552,0.01104
75,Germany,Scotland,530,0.0106
75,Côte d'Ivoire,Switzerland,489,0.00978
75,Ecuador,Qatar,452,0.00904
75,Côte d'Ivoire,Canada,444,0.00888
75,Germany,Haiti,436,0.00872
75,Germany,Morocco,354,0.00708
75,Germany,Brazil,346,0.00692
75,Ecuador,Switzerland,340,0.0068
75,Curaçao,Bosnia and Herzegovina,330,0.0066
75,Curaçao,Qatar,306,0.00612
75,Ecuador,Canada,300,0.006
75,Curaçao,Switzerland,274,0.00548
75,Curaçao,Canada,218,0.00436
75,Côte d'Ivoire,Scotland,203,0.00406
75,Côte d'Ivoire,Haiti,180,0.0036
75,Côte d'Ivoire,Brazil,151,0.00302
75,Ecuador,Scotland,147,0.00294
75,Côte d'Ivoire,Morocco,128,0.00256
75,Ecuador,Haiti,127,0.00254
75,Ecuador,Morocco,122,0.00244
75,Ecuador,Brazil,107,0.00214
75,Germany,Australia,98,0.00196
75,Germany,Paraguay,87,0.00174
75,Curaçao,Scotland,82,0.00164
75,Curaçao,Haiti,81,0.00162
75,Curaçao,Morocco,80,0.0016
75,Germany,Türkiye,76,0.00152
75,Curaçao,Brazil,60,0.0012
75,Germany,United States,57,0.00114
75,Ecuador,Paraguay,32,0.00064
75,Côte d'Ivoire,Australia,32,0.00064
75,Côte d'Ivoire,Paraguay,32,0.00064
75,Côte d'Ivoire,Türkiye,26,0.00052
75,Côte d'Ivoire,United States,23,0.00046
75,Ecuador,Australia,23,0.00046
75,Curaçao,Paraguay,20,0.0004
75,Ecuador,Türkiye,18,0.00036
75,Ecuador,United States,15,0.0003
75,Curaçao,United States,14,0.00028
75,Germany,Sweden,13,0.00026
75,Curaçao,Türkiye,12,0.00024
75,Curaçao,Australia,11,0.00022
75,Germany,Tunisia,10,0.0002
75,Germany,Japan,10,0.0002
75,Ecuador,Tunisia,6,0.00012
75,Germany,Netherlands,6,0.00012
75,Côte d'Ivoire,Japan,5,0.0001
75,Côte d'Ivoire,Netherlands,5,0.0001
75,Côte d'Ivoire,Tunisia,5,0.0001
75,Ecuador,Japan,3,6e-05
75,Curaçao,Tunisia,3,6e-05
75,Curaçao,Netherlands,2,4e-05
75,Curaçao,Sweden,2,4e-05
75,Côte d'Ivoire,Sweden,2,4e-05
75,Ecuador,Netherlands,2,4e-05
75,Ecuador,Sweden,2,4e-05
75,Curaçao,Japan,1,2e-05
76,Japan,Morocco,6985,0.1397
76,Japan,Brazil,6864,0.13728
76,Netherlands,Morocco,6135,0.1227
76,Netherlands,Brazil,6057,0.12114
76,Japan,Scotland,4413,0.08826
76,Japan,Haiti,3863,0.07726
76,Netherlands,Scotland,3823,0.07646
76,Netherlands,Haiti,3282,0.06564
76,Tunisia,Morocco,1469,0.02938
76,Tunisia,Brazil,1442,0.02884
76,Sweden,Morocco,1266,0.02532
76,Sweden,Brazil,1254,0.02508
76,Tunisia,Scotland,867,0.01734
76,Tunisia,Haiti,828,0.01656
76,Sweden,Scotland,762,0.01524
76,Sweden,Haiti,690,0.0138
77,Côte d'Ivoire,Norway,4410,0.0882
77,Côte d'Ivoire,France,4262,0.08524
77,Côte d'Ivoire,Senegal,4162,0.08324
77,Ecuador,Norway,4094,0.08188
77,Ecuador,France,3988,0.07976
77,Ecuador,Senegal,3862,0.07724
77,Germany,Norway,3607,0.07214
77,Germany,France,3534,0.07068
77,Germany,Senegal,3410,0.0682
77,Curaçao,Norway,2890,0.0578
77,Curaçao,France,2761,0.05522
77,Curaçao,Senegal,2652,0.05304
77,Côte d'Ivoire,Iraq,1946,0.03892
77,Ecuador,Iraq,1673,0.03346
77,Germany,Iraq,1581,0.03162
77,Curaçao,Iraq,1168,0.02336
78,France,Scotland,4410,0.0882
78,France,Haiti,3925,0.0785
78,France,Morocco,3076,0.06152
78,France,Brazil,3025,0.0605
78,Norway,Scotland,2745,0.0549
78,Norway,Haiti,2491,0.04982
78,Senegal,Scotland,2112,0.04224
78,Norway,Brazil,1913,0.03826
78,Norway,Morocco,1855,0.0371
78,Senegal,Haiti,1823,0.03646
78,France,Paraguay,1621,0.03242
78,France,Australia,1613,0.03226
78,France,Türkiye,1590,0.0318
78,Senegal,Morocco,1387,0.02774
78,Senegal,Brazil,1372,0.02744
78,France,United States,1096,0.02192
78,Norway,Australia,1019,0.02038
78,Norway,Paraguay,1005,0.0201
78,Norway,Türkiye,987,0.01974
78,Senegal,Australia,753,0.01506
78,Senegal,Türkiye,732,0.01464
78,Senegal,Paraguay,718,0.01436
78,Norway,United States,668,0.01336
78,France,Tunisia,584,0.01168
78,France,Sweden,551,0.01102
78,Senegal,United States,488,0.00976
78,Iraq,Scotland,485,0.0097
78,Iraq,Haiti,437,0.00874
78,France,Netherlands,402,0.00804
78,Iraq,Morocco,380,0.0076
78,Norway,Sweden,348,0.00696
78,Iraq,Brazil,339,0.00678
78,France,Japan,339,0.00678
78,Norway,Tunisia,333,0.00666
78,Senegal,Tunisia,293,0.00586
78,Norway,Netherlands,290,0.0058
78,Senegal,Sweden,277,0.00554
78,Norway,Japan,247,0.00494
78,Senegal,Netherlands,209,0.00418
78,Iraq,Australia,195,0.0039
78,Iraq,Paraguay,192,0.00384
78,Iraq,Türkiye,186,0.00372
78,Senegal,Japan,153,0.00306
78,Iraq,United States,123,0.00246
78,France,Egypt,109,0.00218
78,France,New Zealand,108,0.00216
78,France,Iran,97,0.00194
78,Iraq,Tunisia,86,0.00172
78,France,Belgium,83,0.00166
78,Iraq,Sweden,82,0.00164
78,Norway,New Zealand,65,0.0013
78,Norway,Egypt,65,0.0013
78,Senegal,Egypt,61,0.00122
78,Iraq,Netherlands,60,0.0012
78,Senegal,Iran,55,0.0011
78,Norway,Belgium,53,0.00106
78,Norway,Iran,49,0.00098
78,Senegal,New Zealand,46,0.00092
78,Senegal,Belgium,40,0.0008
78,Iraq,Japan,39,0.00078
78,Iraq,Iran,19,0.00038
78,Iraq,Egypt,15,0.0003
78,France,Saudi Arabia,12,0.00024
78,France,Cape Verde,10,0.0002
78,Iraq,New Zealand,10,0.0002
78,Iraq,Belgium,9,0.00018
78,Senegal,Cape Verde,8,0.00016
78,Norway,Saudi Arabia,7,0.00014
78,France,Uruguay,7,0.00014
78,Senegal,Saudi Arabia,6,0.00012
78,France,Spain,4,8e-05
78,Norway,Cape Verde,2,4e-05
78,Norway,Spain,2,4e-05
78,Senegal,Uruguay,2,4e-05
78,Iraq,Cape Verde,1,2e-05
78,Norway,Uruguay,1,2e-05
79,Mexico,Ecuador,4544,0.09088
79,Mexico,Côte d'Ivoire,4223,0.08446
79,Mexico,Curaçao,4025,0.0805
79,South Korea,Ecuador,2947,0.05894
79,Mexico,Germany,2617,0.05234
79,South Korea,Côte d'Ivoire,2606,0.05212
79,South Korea,Curaçao,2465,0.0493
79,Mexico,Tunisia,1812,0.03624
79,South Korea,Germany,1623,0.03246
79,Mexico,Sweden,1599,0.03198
79,Mexico,Netherlands,1235,0.0247
79,Czechia,Ecuador,1168,0.02336
79,Czechia,Côte d'Ivoire,1166,0.02332
79,South Korea,Tunisia,1099,0.02198
79,Mexico,Japan,1087,0.02174
79,South Africa,Ecuador,1068,0.02136
79,Czechia,Curaçao,1063,0.02126
79,South Korea,Sweden,995,0.0199
79,South Africa,Côte d'Ivoire,962,0.01924
79,South Africa,Curaçao,884,0.01768
79,South Korea,Netherlands,745,0.0149
79,South Korea,Japan,682,0.01364
79,Czechia,Germany,643,0.01286
79,Mexico,Saudi Arabia,599,0.01198
79,Mexico,Uruguay,580,0.0116
79,Mexico,Cape Verde,543,0.01086
79,South Africa,Germany,526,0.01052
79,Czechia,Tunisia,466,0.00932
79,Czechia,Sweden,403,0.00806
79,South Africa,Tunisia,392,0.00784
79,South Korea,Saudi Arabia,384,0.00768
79,South Korea,Uruguay,364,0.00728
79,South Korea,Cape Verde,354,0.00708
79,South Africa,Sweden,349,0.00698
79,Czechia,Netherlands,324,0.00648
79,Czechia,Japan,324,0.00648
79,South Africa,Netherlands,260,0.0052
79,South Africa,Japan,244,0.00488
79,Mexico,Norway,174,0.00348
79,Mexico,Senegal,168,0.00336
79,Czechia,Saudi Arabia,160,0.0032
79,Mexico,Spain,155,0.0031
79,Czechia,Uruguay,150,0.003
79,South Africa,Saudi Arabia,147,0.00294
79,Czechia,Cape Verde,145,0.0029
79,Mexico,France,144,0.00288
79,Mexico,Iraq,125,0.0025
79,South Africa,Uruguay,124,0.00248
79,South Africa,Cape Verde,119,0.00238
79,South Korea,Senegal,106,0.00212
79,South Korea,Spain,93,0.00186
79,South Korea,Norway,93,0.00186
79,South Korea,Iraq,87,0.00174
79,South Korea,France,80,0.0016
79,South Africa,Senegal,62,0.00124
79,Czechia,Norway,50,0.001
79,South Africa,Norway,47,0.00094
79,Czechia,Senegal,46,0.00092
79,Czechia,Spain,43,0.00086
79,South Africa,Spain,38,0.00076
79,South Africa,France,32,0.00064
79,South Africa,Iraq,31,0.00062
79,Czechia,France,30,0.0006
79,Czechia,Iraq,25,0.0005
79,Mexico,Ghana,6,0.00012
79,South Korea,Bosnia and Herzegovina,6,0.00012
79,Mexico,DR Congo,5,0.0001
79,South Korea,Switzerland,5,0.0001
79,South Korea,Australia,5,0.0001
79,Mexico,Canada,5,0.0001
79,Mexico,Algeria,4,8e-05
79,Mexico,England,4,8e-05
79,Mexico,Croatia,4,8e-05
79,South Korea,New Zealand,4,8e-05
79,Mexico,Austria,4,8e-05
79,Czechia,Egypt,3,6e-05
79,South Korea,Iran,3,6e-05
79,Mexico,Colombia,3,6e-05
79,Czechia,Bosnia and Herzegovina,3,6e-05
79,Mexico,Türkiye,3,6e-05
79,South Africa,Croatia,3,6e-05
79,South Korea,Croatia,3,6e-05
79,South Korea,Portugal,3,6e-05
79,South Korea,DR Congo,3,6e-05
79,South Korea,Türkiye,3,6e-05
79,South Korea,Paraguay,2,4e-05
79,South Africa,Iran,2,4e-05
79,Mexico,Portugal,2,4e-05
79,Czechia,Türkiye,2,4e-05
79,Mexico,Iran,2,4e-05
79,Mexico,New Zealand,2,4e-05
79,Mexico,Panama,2,4e-05
79,Mexico,Egypt,2,4e-05
79,Czechia,Ghana,2,4e-05
79,Mexico,Uzbekistan,2,4e-05
79,Mexico,Switzerland,2,4e-05
79,South Korea,United States,2,4e-05
79,South Korea,Egypt,2,4e-05
79,South Africa,Algeria,2,4e-05
79,Czechia,Paraguay,2,4e-05
79,South Korea,Austria,2,4e-05
79,South Korea,Belgium,2,4e-05
79,South Korea,Algeria,2,4e-05
79,Mexico,Jordan,2,4e-05
79,South Korea,England,2,4e-05
79,South Korea,Qatar,2,4e-05
79,South Africa,DR Congo,1,2e-05
79,South Africa,Belgium,1,2e-05
79,South Africa,Switzerland,1,2e-05
79,Mexico,Belgium,1,2e-05
79,South Africa,Paraguay,1,2e-05
79,Czechia,Algeria,1,2e-05
79,South Korea,Argentina,1,2e-05
79,Czechia,Switzerland,1,2e-05
79,Czechia,Colombia,1,2e-05
79,South Africa,England,1,2e-05
79,South Africa,Egypt,1,2e-05
79,Czechia,Iran,1,2e-05
79,Czechia,Croatia,1,2e-05
79,South Korea,Canada,1,2e-05
79,South Korea,Panama,1,2e-05
79,South Korea,Ghana,1,2e-05
79,Czechia,Qatar,1,2e-05
79,Mexico,Bosnia and Herzegovina,1,2e-05
79,South Africa,Panama,1,2e-05
79,South Africa,United States,1,2e-05
79,South Korea,Colombia,1,2e-05
79,Mexico,Argentina,1,2e-05
79,Czechia,United States,1,2e-05
79,South Korea,Jordan,1,2e-05
79,Mexico,Australia,1,2e-05
79,Mexico,United States,1,2e-05
79,Mexico,Paraguay,1,2e-05
79,Mexico,Qatar,1,2e-05
79,South Africa,Uzbekistan,1,2e-05
79,South Africa,Jordan,1,2e-05
79,Czechia,Argentina,1,2e-05
79,South Korea,Uzbekistan,1,2e-05
80,England,Saudi Arabia,4590,0.0918
80,England,Uruguay,4220,0.0844
80,England,Cape Verde,4001,0.08002
80,England,Senegal,3274,0.06548
80,England,Norway,2944,0.05888
80,England,Iraq,2482,0.04964
80,England,France,2172,0.04344
80,Croatia,Saudi Arabia,1669,0.03338
80,Croatia,Uruguay,1658,0.03316
80,Croatia,Cape Verde,1524,0.03048
80,Croatia,Senegal,1262,0.02524
80,Croatia,Norway,1173,0.02346
80,England,Austria,1168,0.02336
80,England,Spain,1166,0.02332
80,England,Algeria,1123,0.02246
80,England,Jordan,1042,0.02084
80,Croatia,Iraq,906,0.01812
80,Croatia,France,891,0.01782
80,England,Argentina,703,0.01406
80,Panama,Saudi Arabia,665,0.0133
80,Ghana,Saudi Arabia,652,0.01304
80,Panama,Uruguay,592,0.01184
80,Panama,Cape Verde,583,0.01166
80,Ghana,Uruguay,570,0.0114
80,Ghana,Cape Verde,557,0.01114
80,Ghana,Senegal,493,0.00986
80,Panama,Senegal,486,0.00972
80,Ghana,Norway,474,0.00948
80,Croatia,Austria,465,0.0093
80,Croatia,Algeria,461,0.00922
80,Panama,Norway,458,0.00916
80,Croatia,Spain,453,0.00906
80,Croatia,Jordan,406,0.00812
80,Ghana,Iraq,379,0.00758
80,Panama,Iraq,323,0.00646
80,Panama,France,309,0.00618
80,Ghana,France,302,0.00604
80,Croatia,Argentina,264,0.00528
80,England,DR Congo,246,0.00492
80,Ghana,Austria,227,0.00454
80,Ghana,Algeria,202,0.00404
80,England,Colombia,195,0.0039
80,Ghana,Jordan,192,0.00384
80,England,Uzbekistan,190,0.0038
80,Ghana,Spain,184,0.00368
80,Panama,Austria,176,0.00352
80,Panama,Jordan,166,0.00332
80,Panama,Algeria,157,0.00314
80,Panama,Spain,141,0.00282
80,England,Portugal,124,0.00248
80,Ghana,Argentina,118,0.00236
80,Croatia,DR Congo,110,0.0022
80,Panama,Argentina,86,0.00172
80,Croatia,Uzbekistan,85,0.0017
80,Croatia,Colombia,81,0.00162
80,Ghana,Uzbekistan,46,0.00092
80,Ghana,DR Congo,43,0.00086
80,Croatia,Portugal,41,0.00082
80,Panama,DR Congo,41,0.00082
80,Ghana,Portugal,34,0.00068
80,Panama,Uzbekistan,33,0.00066
80,Panama,Colombia,32,0.00064
80,Ghana,Colombia,31,0.00062
80,Panama,Portugal,17,0.00034
80,England,Egypt,7,0.00014
80,England,Croatia,6,0.00012
80,England,United States,6,0.00012
80,England,Sweden,6,0.00012
80,England,Türkiye,5,0.0001
80,Ghana,Croatia,5,0.0001
80,Croatia,Bosnia and Herzegovina,5,0.0001
80,Croatia,Iran,5,0.0001
80,England,Belgium,5,0.0001
80,England,Canada,4,8e-05
80,England,Australia,4,8e-05
80,Ghana,Switzerland,4,8e-05
80,England,Iran,4,8e-05
80,England,Qatar,4,8e-05
80,Croatia,Japan,4,8e-05
80,Panama,Croatia,4,8e-05
80,Panama,Sweden,3,6e-05
80,Panama,Belgium,3,6e-05
80,Croatia,Netherlands,3,6e-05
80,England,Tunisia,3,6e-05
80,Croatia,Tunisia,3,6e-05
80,England,Switzerland,3,6e-05
80,England,Paraguay,3,6e-05
80,England,Ghana,2,4e-05
80,Ghana,England,2,4e-05
80,England,Bosnia and Herzegovina,2,4e-05
80,Croatia,Türkiye,2,4e-05
80,Ghana,Panama,2,4e-05
80,England,Netherlands,2,4e-05
80,Croatia,Egypt,2,4e-05
80,Croatia,Paraguay,2,4e-05
80,Croatia,Ghana,2,4e-05
80,Croatia,England,2,4e-05
80,Croatia,Australia,2,4e-05
80,Ghana,Australia,2,4e-05
80,Panama,Switzerland,2,4e-05
80,Ghana,Netherlands,1,2e-05
80,Panama,Iran,1,2e-05
80,Panama,Türkiye,1,2e-05
80,Panama,England,1,2e-05
80,Ghana,Tunisia,1,2e-05
80,Ghana,Egypt,1,2e-05
80,Ghana,United States,1,2e-05
80,Panama,New Zealand,1,2e-05
80,Ghana,New Zealand,1,2e-05
80,England,New Zealand,1,2e-05
80,Croatia,Belgium,1,2e-05
80,Croatia,Qatar,1,2e-05
80,Croatia,Canada,1,2e-05
80,Panama,Australia,1,2e-05
80,England,Panama,1,2e-05
80,Ghana,Japan,1,2e-05
80,Ghana,Sweden,1,2e-05
81,Belgium,Austria,2365,0.0473
81,Belgium,Algeria,2213,0.04426
81,Belgium,Jordan,2090,0.0418
81,Belgium,Senegal,1738,0.03476
81,Belgium,Norway,1665,0.0333
81,Belgium,Argentina,1354,0.02708
81,Belgium,Iraq,1345,0.0269
81,Egypt,Austria,1208,0.02416
81,Iran,Algeria,1204,0.02408
81,Iran,Austria,1148,0.02296
81,Egypt,Algeria,1125,0.0225
81,Belgium,France,1123,0.02246
81,Iran,Jordan,1065,0.0213
81,Egypt,Jordan,1000,0.02
81,New Zealand,Austria,958,0.01916
81,New Zealand,Algeria,926,0.01852
81,Egypt,Senegal,901,0.01802
81,Iran,Senegal,878,0.01756
81,Iran,Norway,846,0.01692
81,New Zealand,Jordan,838,0.01676
81,Egypt,Norway,748,0.01496
81,Iran,Argentina,720,0.0144
81,Egypt,Iraq,663,0.01326
81,New Zealand,Senegal,657,0.01314
81,Egypt,Argentina,644,0.01288
81,Iran,Iraq,643,0.01286
81,Iran,France,615,0.0123
81,New Zealand,Norway,606,0.01212
81,New Zealand,Argentina,580,0.0116
81,Egypt,France,562,0.01124
81,New Zealand,Iraq,538,0.01076
81,New Zealand,France,475,0.0095
81,Belgium,Egypt,449,0.00898
81,Belgium,Iran,433,0.00866
81,Belgium,Bosnia and Herzegovina,385,0.0077
81,Belgium,Croatia,372,0.00744
81,Belgium,New Zealand,364,0.00728
81,Belgium,Ghana,330,0.0066
81,Iran,Belgium,313,0.00626
81,Belgium,Australia,310,0.0062
81,Belgium,Panama,300,0.006
81,Belgium,Switzerland,297,0.00594
81,Belgium,DR Congo,288,0.00576
81,Belgium,Colombia,285,0.0057
81,Egypt,Iran,284,0.00568
81,Belgium,Türkiye,284,0.00568
81,Iran,Egypt,284,0.00568
81,Egypt,Belgium,275,0.0055
81,Belgium,Paraguay,275,0.0055
81,Egypt,New Zealand,258,0.00516
81,New Zealand,Belgium,251,0.00502
81,Belgium,Qatar,243,0.00486
81,Belgium,Tunisia,240,0.0048
81,Belgium,Uzbekistan,239,0.00478
81,New Zealand,Egypt,234,0.00468
81,Belgium,Canada,233,0.00466
81,Belgium,Portugal,231,0.00462
81,Belgium,England,227,0.00454
81,Iran,New Zealand,224,0.00448
81,Belgium,United States,218,0.00436
81,Iran,Croatia,215,0.0043
81,Belgium,Japan,214,0.00428
81,Belgium,Netherlands,206,0.00412
81,Belgium,Sweden,201,0.00402
81,Iran,Ghana,189,0.00378
81,Egypt,Croatia,182,0.00364
81,Egypt,Ghana,181,0.00362
81,Iran,Switzerland,174,0.00348
81,New Zealand,Iran,174,0.00348
81,Egypt,Panama,174,0.00348
81,New Zealand,Croatia,173,0.00346
81,Iran,DR Congo,173,0.00346
81,Egypt,Switzerland,166,0.00332
81,Iran,Australia,166,0.00332
81,Egypt,Bosnia and Herzegovina,155,0.0031
81,Egypt,DR Congo,153,0.00306
81,Egypt,Türkiye,152,0.00304
81,Iran,Colombia,151,0.00302
81,New Zealand,Bosnia and Herzegovina,150,0.003
81,Iran,Panama,147,0.00294
81,Egypt,Colombia,143,0.00286
81,Iran,Bosnia and Herzegovina,143,0.00286
81,New Zealand,Switzerland,143,0.00286
81,Egypt,Paraguay,140,0.0028
81,Iran,Paraguay,137,0.00274
81,New Zealand,Türkiye,136,0.00272
81,Iran,Qatar,135,0.0027
81,Iran,Tunisia,135,0.0027
81,Iran,Türkiye,133,0.00266
81,New Zealand,Panama,131,0.00262
81,Iran,Canada,126,0.00252
81,Iran,Uzbekistan,124,0.00248
81,Egypt,Tunisia,124,0.00248
81,Egypt,Canada,123,0.00246
81,New Zealand,Canada,120,0.0024
81,Egypt,Uzbekistan,120,0.0024
81,Egypt,Qatar,119,0.00238
81,Iran,Netherlands,115,0.0023
81,Iran,England,114,0.00228
81,Egypt,England,113,0.00226
81,New Zealand,Ghana,112,0.00224
81,New Zealand,DR Congo,111,0.00222
81,Egypt,Australia,111,0.00222
81,New Zealand,Tunisia,108,0.00216
81,Egypt,Netherlands,107,0.00214
81,New Zealand,Colombia,107,0.00214
81,Iran,Portugal,107,0.00214
81,Egypt,United States,105,0.0021
81,New Zealand,Qatar,105,0.0021
81,New Zealand,Australia,103,0.00206
81,Egypt,Sweden,103,0.00206
81,Iran,United States,100,0.002
81,Egypt,Portugal,99,0.00198
81,Egypt,Japan,98,0.00196
81,Iran,Japan,96,0.00192
81,New Zealand,United States,94,0.00188
81,New Zealand,Portugal,94,0.00188
81,New Zealand,England,93,0.00186
81,New Zealand,Uzbekistan,91,0.00182
81,Iran,Sweden,88,0.00176
81,New Zealand,Paraguay,87,0.00174
81,New Zealand,Sweden,86,0.00172
81,New Zealand,Netherlands,80,0.0016
81,New Zealand,Japan,78,0.00156
82,United States,Bosnia and Herzegovina,3199,0.06398
82,United States,Qatar,2946,0.05892
82,United States,Switzerland,2219,0.04438
82,United States,Tunisia,1847,0.03694
82,United States,Canada,1659,0.03318
82,United States,Sweden,1624,0.03248
82,Türkiye,Bosnia and Herzegovina,1358,0.02716
82,Australia,Bosnia and Herzegovina,1340,0.0268
82,Türkiye,Qatar,1292,0.02584
82,United States,Netherlands,1130,0.0226
82,Australia,Qatar,1124,0.02248
82,United States,Japan,1082,0.02164
82,Türkiye,Switzerland,931,0.01862
82,Australia,Switzerland,839,0.01678
82,Türkiye,Tunisia,760,0.0152
82,United States,Austria,733,0.01466
82,Türkiye,Canada,733,0.01466
82,Australia,Canada,689,0.01378
82,Australia,Tunisia,681,0.01362
82,Türkiye,Sweden,675,0.0135
82,Australia,Sweden,664,0.01328
82,United States,Algeria,654,0.01308
82,United States,Egypt,631,0.01262
82,Paraguay,Bosnia and Herzegovina,611,0.01222
82,United States,Jordan,587,0.01174
82,Paraguay,Qatar,558,0.01116
82,United States,Iran,551,0.01102
82,United States,DR Congo,540,0.0108
82,Türkiye,Netherlands,525,0.0105
82,United States,Belgium,511,0.01022
82,United States,Croatia,502,0.01004
82,United States,New Zealand,484,0.00968
82,United States,Ghana,473,0.00946
82,Türkiye,Japan,453,0.00906
82,Australia,Netherlands,445,0.0089
82,United States,Colombia,444,0.00888
82,Australia,Japan,443,0.00886
82,United States,Uzbekistan,441,0.00882
82,United States,Türkiye,411,0.00822
82,United States,Panama,411,0.00822
82,United States,Argentina,410,0.0082
82,United States,Australia,395,0.0079
82,Paraguay,Switzerland,394,0.00788
82,United States,Paraguay,327,0.00654
82,Paraguay,Canada,321,0.00642
82,Paraguay,Tunisia,305,0.0061
82,Türkiye,Austria,290,0.0058
82,Türkiye,Algeria,284,0.00568
82,Paraguay,Sweden,282,0.00564
82,United States,Portugal,282,0.00564
82,United States,England,281,0.00562
82,Australia,Jordan,273,0.00546
82,Türkiye,Egypt,253,0.00506
82,Australia,Austria,246,0.00492
82,Türkiye,Jordan,246,0.00492
82,Australia,Algeria,242,0.00484
82,Australia,Egypt,238,0.00476
82,Australia,DR Congo,224,0.00448
82,Türkiye,Australia,222,0.00444
82,Türkiye,DR Congo,221,0.00442
82,Australia,Iran,221,0.00442
82,Türkiye,New Zealand,218,0.00436
82,Türkiye,Iran,215,0.0043
82,Türkiye,Ghana,213,0.00426
82,Türkiye,United States,213,0.00426
82,Paraguay,Netherlands,210,0.0042
82,Türkiye,Croatia,204,0.00408
82,Australia,Ghana,204,0.00408
82,Türkiye,Belgium,203,0.00406
82,Türkiye,Colombia,198,0.00396
82,Paraguay,Japan,197,0.00394
82,Türkiye,Uzbekistan,194,0.00388
82,Australia,Türkiye,193,0.00386
82,Australia,New Zealand,190,0.0038
82,Australia,Belgium,190,0.0038
82,Australia,Panama,189,0.00378
82,Australia,United States,187,0.00374
82,Australia,Paraguay,180,0.0036
82,Türkiye,Paraguay,179,0.00358
82,Australia,Uzbekistan,177,0.00354
82,Australia,Colombia,176,0.00352
82,Australia,Croatia,176,0.00352
82,Türkiye,Argentina,167,0.00334
82,Türkiye,Panama,149,0.00298
82,Australia,Argentina,145,0.0029
82,Türkiye,England,136,0.00272
82,Paraguay,Algeria,132,0.00264
82,Australia,Portugal,125,0.0025
82,Australia,England,119,0.00238
82,Paraguay,Austria,117,0.00234
82,Paraguay,Jordan,115,0.0023
82,Türkiye,Portugal,113,0.00226
82,Paraguay,United States,110,0.0022
82,Paraguay,Australia,109,0.00218
82,Paraguay,DR Congo,104,0.00208
82,Paraguay,Iran,104,0.00208
82,Paraguay,Egypt,97,0.00194
82,Paraguay,Belgium,94,0.00188
82,Paraguay,Türkiye,90,0.0018
82,Paraguay,New Zealand,87,0.00174
82,Paraguay,Croatia,86,0.00172
82,Paraguay,Uzbekistan,82,0.00164
82,Paraguay,Argentina,80,0.0016
82,Paraguay,Panama,80,0.0016
82,Paraguay,Portugal,78,0.00156
82,Paraguay,Colombia,78,0.00156
82,Paraguay,England,71,0.00142
82,Paraguay,Ghana,69,0.00138
83,Colombia,Croatia,5697,0.11394
83,Portugal,Croatia,4272,0.08544
83,DR Congo,Croatia,4080,0.0816
83,Colombia,England,3996,0.07992
83,Uzbekistan,Croatia,3369,0.06738
83,Colombia,Ghana,3249,0.06498
83,Portugal,England,3184,0.06368
83,Colombia,Panama,3068,0.06136
83,DR Congo,England,3064,0.06128
83,Portugal,Ghana,2597,0.05194
83,Portugal,Panama,2474,0.04948
83,DR Congo,Ghana,2466,0.04932
83,Uzbekistan,England,2404,0.04808
83,DR Congo,Panama,2321,0.04642
83,Uzbekistan,Ghana,1989,0.03978
83,Uzbekistan,Panama,1770,0.0354
84,Spain,Algeria,10352,0.20704
84,Spain,Austria,10328,0.20656
84,Spain,Argentina,9936,0.19872
84,Spain,Jordan,7179,0.14358
84,Uruguay,Austria,1908,0.03816
84,Uruguay,Algeria,1858,0.03716
84,Uruguay,Argentina,1815,0.0363
84,Uruguay,Jordan,1258,0.02516
84,Saudi Arabia,Algeria,840,0.0168
84,Saudi Arabia,Austria,803,0.01606
84,Saudi Arabia,Argentina,801,0.01602
84,Cape Verde,Austria,673,0.01346
84,Cape Verde,Algeria,643,0.01286
84,Cape Verde,Argentina,618,0.01236
84,Saudi Arabia,Jordan,550,0.011
84,Cape Verde,Jordan,438,0.00876
85,Canada,Egypt,3350,0.067
85,Canada,Iran,3313,0.06626
85,Canada,New Zealand,3191,0.06382
85,Canada,Belgium,2535,0.0507
85,Switzerland,Egypt,2519,0.05038
85,Switzerland,Iran,2401,0.04802
85,Switzerland,New Zealand,2308,0.04616
85,Switzerland,Belgium,1858,0.03716
85,Canada,DR Congo,1017,0.02034
85,Canada,Ghana,958,0.01916
85,Canada,Croatia,884,0.01768
85,Canada,Colombia,876,0.01752
85,Canada,Panama,875,0.0175
85,Canada,Uzbekistan,869,0.01738
85,Switzerland,DR Congo,775,0.0155
85,Switzerland,Ghana,701,0.01402
85,Switzerland,Colombia,686,0.01372
85,Switzerland,Uzbekistan,684,0.01368
85,Switzerland,Croatia,646,0.01292
85,Switzerland,Panama,642,0.01284
85,Canada,Tunisia,617,0.01234
85,Bosnia and Herzegovina,Iran,606,0.01212
85,Canada,Portugal,582,0.01164
85,Bosnia and Herzegovina,New Zealand,573,0.01146
85,Canada,Australia,573,0.01146
85,Bosnia and Herzegovina,Egypt,564,0.01128
85,Canada,Sweden,563,0.01126
85,Qatar,Iran,552,0.01104
85,Canada,Paraguay,543,0.01086
85,Canada,Türkiye,534,0.01068
85,Qatar,New Zealand,519,0.01038
85,Qatar,Egypt,515,0.0103
85,Switzerland,Tunisia,492,0.00984
85,Canada,England,469,0.00938
85,Switzerland,Australia,458,0.00916
85,Switzerland,Paraguay,447,0.00894
85,Bosnia and Herzegovina,Belgium,445,0.0089
85,Switzerland,Türkiye,428,0.00856
85,Qatar,Belgium,416,0.00832
85,Canada,Netherlands,408,0.00816
85,Switzerland,Portugal,408,0.00816
85,Switzerland,Sweden,406,0.00812
85,Switzerland,England,381,0.00762
85,Canada,United States,379,0.00758
85,Canada,Japan,376,0.00752
85,Switzerland,Netherlands,312,0.00624
85,Canada,Austria,289,0.00578
85,Canada,Jordan,285,0.0057
85,Canada,Algeria,285,0.0057
85,Switzerland,Japan,268,0.00536
85,Switzerland,United States,263,0.00526
85,Switzerland,Austria,223,0.00446
85,Switzerland,Jordan,199,0.00398
85,Bosnia and Herzegovina,DR Congo,182,0.00364
85,Switzerland,Algeria,179,0.00358
85,Canada,Argentina,177,0.00354
85,Bosnia and Herzegovina,Uzbekistan,170,0.0034
85,Qatar,Ghana,156,0.00312
85,Qatar,DR Congo,155,0.0031
85,Qatar,Colombia,154,0.00308
85,Bosnia and Herzegovina,Panama,148,0.00296
85,Bosnia and Herzegovina,Ghana,147,0.00294
85,Qatar,Uzbekistan,143,0.00286
85,Bosnia and Herzegovina,Colombia,141,0.00282
85,Bosnia and Herzegovina,Croatia,140,0.0028
85,Bosnia and Herzegovina,Tunisia,132,0.00264
85,Switzerland,Argentina,130,0.0026
85,Qatar,Tunisia,129,0.00258
85,Qatar,Croatia,127,0.00254
85,Qatar,Panama,122,0.00244
85,Bosnia and Herzegovina,Türkiye,117,0.00234
85,Qatar,Türkiye,115,0.0023
85,Qatar,Sweden,112,0.00224
85,Bosnia and Herzegovina,Sweden,109,0.00218
85,Qatar,Paraguay,100,0.002
85,Bosnia and Herzegovina,Paraguay,97,0.00194
85,Qatar,Australia,97,0.00194
85,Qatar,Portugal,97,0.00194
85,Bosnia and Herzegovina,Portugal,96,0.00192
85,Bosnia and Herzegovina,Australia,90,0.0018
85,Bosnia and Herzegovina,England,88,0.00176
85,Bosnia and Herzegovina,Netherlands,88,0.00176
85,Qatar,Netherlands,84,0.00168
85,Bosnia and Herzegovina,United States,76,0.00152
85,Bosnia and Herzegovina,Japan,75,0.0015
85,Qatar,Japan,69,0.00138
85,Qatar,United States,69,0.00138
85,Qatar,England,68,0.00136
85,Bosnia and Herzegovina,Austria,57,0.00114
85,Qatar,Algeria,54,0.00108
85,Qatar,Austria,53,0.00106
85,Bosnia and Herzegovina,Algeria,47,0.00094
85,Qatar,Jordan,45,0.0009
85,Bosnia and Herzegovina,Jordan,43,0.00086
85,Qatar,Argentina,29,0.00058
85,Bosnia and Herzegovina,Argentina,27,0.00054
86,Türkiye,Belgium,3774,0.07548
86,Australia,Belgium,3608,0.07216
86,Türkiye,Egypt,3598,0.07196
86,Australia,Egypt,3538,0.07076
86,Türkiye,Iran,3528,0.07056
86,United States,Belgium,3510,0.0702
86,Australia,Iran,3499,0.06998
86,United States,Egypt,3309,0.06618
86,United States,Iran,3153,0.06306
86,Türkiye,New Zealand,3078,0.06156
86,Australia,New Zealand,3003,0.06006
86,United States,New Zealand,2777,0.05554
86,Paraguay,Belgium,2556,0.05112
86,Paraguay,Egypt,2495,0.0499
86,Paraguay,Iran,2432,0.04864
86,Paraguay,New Zealand,2142,0.04284
87,Argentina,Uruguay,10075,0.2015
87,Argentina,Saudi Arabia,6240,0.1248
87,Argentina,Cape Verde,5261,0.10522
87,Argentina,Spain,4296,0.08592
87,Algeria,Uruguay,3924,0.07848
87,Austria,Uruguay,3499,0.06998
87,Algeria,Saudi Arabia,2354,0.04708
87,Austria,Saudi Arabia,2160,0.0432
87,Algeria,Cape Verde,2089,0.04178
87,Jordan,Uruguay,2014,0.04028
87,Algeria,Spain,1732,0.03464
87,Austria,Cape Verde,1698,0.03396
87,Austria,Spain,1537,0.03074
87,Jordan,Saudi Arabia,1210,0.0242
87,Jordan,Cape Verde,1030,0.0206
87,Jordan,Spain,881,0.01762
88,Portugal,Ghana,3445,0.0689
88,Portugal,DR Congo,3352,0.06704
88,Portugal,Panama,3321,0.06642
88,Portugal,Colombia,3118,0.06236
88,Portugal,Croatia,2915,0.0583
88,Portugal,Uzbekistan,2914,0.05828
88,Portugal,Türkiye,1702,0.03404
88,Portugal,Australia,1696,0.03392
88,Portugal,Paraguay,1662,0.03324
88,Colombia,DR Congo,1542,0.03084
88,Colombia,Ghana,1457,0.02914
88,Colombia,Panama,1416,0.02832
88,Colombia,Uzbekistan,1345,0.0269
88,Colombia,Croatia,1300,0.026
88,Colombia,Portugal,1298,0.02596
88,Portugal,England,1263,0.02526
88,Portugal,United States,1030,0.0206
88,DR Congo,Colombia,858,0.01716
88,Colombia,Australia,734,0.01468
88,Colombia,Paraguay,730,0.0146
88,DR Congo,Portugal,705,0.0141
88,DR Congo,Ghana,704,0.01408
88,Colombia,Türkiye,693,0.01386
88,DR Congo,Uzbekistan,650,0.013
88,DR Congo,Panama,631,0.01262
88,DR Congo,Croatia,586,0.01172
88,Uzbekistan,Colombia,578,0.01156
88,Colombia,England,555,0.0111
88,Uzbekistan,Ghana,537,0.01074
88,Uzbekistan,Portugal,532,0.01064
88,Uzbekistan,DR Congo,529,0.01058
88,Uzbekistan,Panama,447,0.00894
88,Uzbekistan,Croatia,418,0.00836
88,Colombia,United States,402,0.00804
88,DR Congo,Türkiye,323,0.00646
88,DR Congo,Australia,313,0.00626
88,DR Congo,Paraguay,303,0.00606
88,Uzbekistan,Paraguay,260,0.0052
88,Uzbekistan,Türkiye,251,0.00502
88,DR Congo,England,234,0.00468
88,Uzbekistan,Australia,228,0.00456
88,Portugal,Austria,221,0.00442
88,Portugal,New Zealand,215,0.0043
88,Portugal,Egypt,203,0.00406
88,Portugal,Iran,195,0.0039
88,Uzbekistan,England,188,0.00376
88,Portugal,Jordan,185,0.0037
88,Portugal,Algeria,183,0.00366
88,DR Congo,United States,179,0.00358
88,Uzbekistan,United States,163,0.00326
88,Portugal,Belgium,160,0.0032
88,Portugal,Argentina,114,0.00228
88,Colombia,Iran,101,0.00202
88,Colombia,Egypt,85,0.0017
88,Colombia,Austria,85,0.0017
88,Colombia,New Zealand,79,0.00158
88,Colombia,Algeria,74,0.00148
88,Colombia,Jordan,66,0.00132
88,Colombia,Belgium,62,0.00124
88,Colombia,Argentina,46,0.00092
88,DR Congo,Iran,41,0.00082
88,DR Congo,New Zealand,40,0.0008
88,DR Congo,Jordan,34,0.00068
88,Uzbekistan,Egypt,34,0.00068
88,DR Congo,Egypt,33,0.00066
88,DR Congo,Austria,33,0.00066
88,Uzbekistan,Iran,31,0.00062
88,DR Congo,Belgium,27,0.00054
88,Uzbekistan,New Zealand,24,0.00048
88,DR Congo,Algeria,23,0.00046
88,Uzbekistan,Austria,23,0.00046
88,Uzbekistan,Jordan,22,0.00044
88,DR Congo,Argentina,22,0.00044
88,Uzbekistan,Belgium,11,0.00022
88,Uzbekistan,Argentina,11,0.00022
88,Uzbekistan,Algeria,10,0.0002
89,Switzerland,Germany,3950,0.079
89,South Korea,Germany,3652,0.07304
89,Canada,Germany,3178,0.06356
89,Mexico,Germany,3131,0.06262
89,Czechia,Germany,1888,0.03776
89,South Africa,Germany,1540,0.0308
89,Bosnia and Herzegovina,Germany,1347,0.02694
89,Switzerland,Côte d'Ivoire,1199,0.02398
89,Qatar,Germany,1173,0.02346
89,South Korea,Côte d'Ivoire,1092,0.02184
89,Mexico,Côte d'Ivoire,930,0.0186
89,Canada,Côte d'Ivoire,904,0.01808
89,Switzerland,Ecuador,800,0.016
89,South Korea,Czechia,790,0.0158
89,Switzerland,South Korea,778,0.01556
89,South Korea,Ecuador,732,0.01464
89,Mexico,Czechia,715,0.0143
89,South Korea,South Africa,696,0.01392
89,Canada,South Korea,677,0.01354
89,Mexico,South Korea,676,0.01352
89,Canada,Ecuador,650,0.013
89,Switzerland,Mexico,644,0.01288
89,Mexico,Ecuador,641,0.01282
89,Czechia,South Korea,616,0.01232
89,Switzerland,Czechia,599,0.01198
89,Mexico,South Africa,566,0.01132
89,South Korea,Mexico,561,0.01122
89,Switzerland,South Africa,559,0.01118
89,Czechia,Côte d'Ivoire,529,0.01058
89,Canada,Czechia,504,0.01008
89,South Africa,South Korea,488,0.00976
89,Czechia,Mexico,473,0.00946
89,Switzerland,Curaçao,473,0.00946
89,South Africa,Côte d'Ivoire,461,0.00922
89,Canada,Mexico,451,0.00902
89,South Korea,Curaçao,450,0.009
89,Canada,South Africa,429,0.00858
89,Czechia,Ecuador,420,0.0084
89,Bosnia and Herzegovina,Côte d'Ivoire,372,0.00744
89,South Africa,Mexico,369,0.00738
89,Mexico,Curaçao,364,0.00728
89,Canada,Curaçao,333,0.00666
89,Qatar,Côte d'Ivoire,322,0.00644
89,South Africa,Ecuador,292,0.00584
89,South Africa,Czechia,291,0.00582
89,Czechia,South Africa,288,0.00576
89,Bosnia and Herzegovina,South Korea,287,0.00574
89,Bosnia and Herzegovina,Ecuador,266,0.00532
89,South Korea,Switzerland,263,0.00526
89,Qatar,South Korea,253,0.00506
89,Switzerland,Bosnia and Herzegovina,234,0.00468
89,Qatar,Ecuador,228,0.00456
89,Bosnia and Herzegovina,Mexico,227,0.00454
89,Czechia,Curaçao,222,0.00444
89,Qatar,Mexico,205,0.0041
89,Bosnia and Herzegovina,South Africa,196,0.00392
89,Mexico,Switzerland,193,0.00386
89,Canada,Bosnia and Herzegovina,188,0.00376
89,South Korea,Canada,182,0.00364
89,Qatar,Czechia,182,0.00364
89,Bosnia and Herzegovina,Czechia,181,0.00362
89,Switzerland,Qatar,177,0.00354
89,South Korea,Bosnia and Herzegovina,173,0.00346
89,Bosnia and Herzegovina,Switzerland,167,0.00334
89,Canada,Switzerland,156,0.00312
89,Qatar,South Africa,149,0.00298
89,Bosnia and Herzegovina,Curaçao,147,0.00294
89,Mexico,Canada,145,0.0029
89,Switzerland,Canada,144,0.00288
89,South Africa,Curaçao,142,0.00284
89,Qatar,Switzerland,139,0.00278
89,Mexico,Bosnia and Herzegovina,138,0.00276
89,South Korea,Qatar,137,0.00274
89,Canada,Qatar,135,0.0027
89,Bosnia and Herzegovina,Canada,120,0.0024
89,Qatar,Curaçao,113,0.00226
89,Mexico,Qatar,108,0.00216
89,Czechia,Switzerland,108,0.00216
89,South Africa,Switzerland,94,0.00188
89,Qatar,Canada,86,0.00172
89,Czechia,Bosnia and Herzegovina,84,0.00168
89,Switzerland,Brazil,83,0.00166
89,Czechia,Canada,83,0.00166
89,South Africa,Canada,81,0.00162
89,South Korea,Morocco,76,0.00152
89,Canada,Morocco,73,0.00146
89,Mexico,Morocco,72,0.00144
89,Switzerland,Morocco,70,0.0014
89,Switzerland,Haiti,69,0.00138
89,South Africa,Bosnia and Herzegovina,66,0.00132
89,South Korea,Brazil,65,0.0013
89,Switzerland,Scotland,64,0.00128
89,South Korea,Scotland,62,0.00124
89,Czechia,Qatar,61,0.00122
89,Canada,Brazil,56,0.00112
89,Canada,Scotland,56,0.00112
89,Qatar,Bosnia and Herzegovina,55,0.0011
89,Mexico,Brazil,52,0.00104
89,Mexico,Scotland,52,0.00104
89,South Africa,Qatar,48,0.00096
89,Mexico,Haiti,47,0.00094
89,Canada,Haiti,46,0.00092
89,South Korea,Haiti,44,0.00088
89,Bosnia and Herzegovina,Qatar,42,0.00084
89,Czechia,Scotland,38,0.00076
89,Czechia,Morocco,32,0.00064
89,Czechia,Brazil,30,0.0006
89,Qatar,Morocco,25,0.0005
89,South Africa,Brazil,23,0.00046
89,Qatar,Scotland,22,0.00044
89,South Africa,Morocco,20,0.0004
89,Bosnia and Herzegovina,Brazil,20,0.0004
89,Bosnia and Herzegovina,Morocco,20,0.0004
89,South Africa,Haiti,19,0.00038
89,Bosnia and Herzegovina,Scotland,19,0.00038
89,Czechia,Haiti,17,0.00034
89,South Africa,Scotland,17,0.00034
89,Qatar,Brazil,15,0.0003
89,Qatar,Haiti,14,0.00028
89,Switzerland,United States,14,0.00028
89,Switzerland,Australia,14,0.00028
89,Switzerland,Türkiye,13,0.00026
89,South Korea,Australia,13,0.00026
89,Bosnia and Herzegovina,Haiti,13,0.00026
89,South Korea,Türkiye,12,0.00024
89,South Korea,Paraguay,12,0.00024
89,Mexico,Paraguay,12,0.00024
89,Switzerland,Paraguay,12,0.00024
89,Canada,Paraguay,11,0.00022
89,Mexico,United States,10,0.0002
89,Mexico,Türkiye,10,0.0002
89,Canada,Australia,9,0.00018
89,South Korea,United States,9,0.00018
89,South Africa,United States,8,0.00016
89,Canada,United States,8,0.00016
89,Mexico,Australia,7,0.00014
89,Canada,Türkiye,7,0.00014
89,Czechia,Australia,7,0.00014
89,Czechia,Türkiye,6,0.00012
89,South Korea,Netherlands,6,0.00012
89,South Africa,Australia,6,0.00012
89,South Africa,Paraguay,5,0.0001
89,Qatar,Australia,5,0.0001
89,Bosnia and Herzegovina,Australia,4,8e-05
89,Bosnia and Herzegovina,Paraguay,4,8e-05
89,Mexico,Japan,3,6e-05
89,South Korea,Tunisia,3,6e-05
89,Mexico,Tunisia,3,6e-05
89,Qatar,Paraguay,3,6e-05
89,Mexico,Sweden,2,4e-05
89,Canada,Japan,2,4e-05
89,Bosnia and Herzegovina,United States,2,4e-05
89,Czechia,Paraguay,2,4e-05
89,Switzerland,Tunisia,2,4e-05
89,South Korea,Sweden,2,4e-05
89,Mexico,Netherlands,2,4e-05
89,Czechia,Sweden,2,4e-05
89,Bosnia and Herzegovina,Tunisia,2,4e-05
89,Qatar,Japan,2,4e-05
89,South Africa,Türkiye,2,4e-05
89,South Africa,Japan,1,2e-05
89,South Korea,Japan,1,2e-05
89,Qatar,Türkiye,1,2e-05
89,South Africa,Tunisia,1,2e-05
89,Switzerland,Netherlands,1,2e-05
89,Bosnia and Herzegovina,Türkiye,1,2e-05
89,Canada,Netherlands,1,2e-05
89,Switzerland,Sweden,1,2e-05
89,Bosnia and Herzegovina,Japan,1,2e-05
89,Czechia,Netherlands,1,2e-05
89,Switzerland,Japan,1,2e-05
89,Czechia,Tunisia,1,2e-05
89,Czechia,United States,1,2e-05
90,Brazil,France,2290,0.0458
90,Morocco,France,2175,0.0435
90,Brazil,Norway,2040,0.0408
90,Morocco,Norway,2011,0.04022
90,Morocco,Senegal,1776,0.03552
90,Brazil,Senegal,1750,0.035
90,Netherlands,France,1749,0.03498
90,Japan,France,1671,0.03342
90,Morocco,Germany,1568,0.03136
90,Brazil,Germany,1544,0.03088
90,Netherlands,Norway,1524,0.03048
90,Japan,Norway,1516,0.03032
90,Brazil,Côte d'Ivoire,1435,0.0287
90,Morocco,Côte d'Ivoire,1369,0.02738
90,Japan,Senegal,1348,0.02696
90,Morocco,Ecuador,1311,0.02622
90,Netherlands,Senegal,1297,0.02594
90,Brazil,Ecuador,1239,0.02478
90,Japan,Germany,1196,0.02392
90,Netherlands,Germany,1195,0.0239
90,Netherlands,Côte d'Ivoire,1149,0.02298
90,Japan,Côte d'Ivoire,1110,0.0222
90,Netherlands,Ecuador,1027,0.02054
90,Japan,Ecuador,922,0.01844
90,Morocco,Curaçao,710,0.0142
90,Brazil,Curaçao,650,0.013
90,Tunisia,France,624,0.01248
90,Tunisia,Norway,589,0.01178
90,Morocco,Iraq,547,0.01094
90,Netherlands,Curaçao,538,0.01076
90,Brazil,Iraq,532,0.01064
90,Tunisia,Senegal,525,0.0105
90,Sweden,France,521,0.01042
90,Sweden,Norway,492,0.00984
90,Japan,Curaçao,491,0.00982
90,Tunisia,Germany,457,0.00914
90,Japan,Iraq,440,0.0088
90,Netherlands,Iraq,432,0.00864
90,Tunisia,Côte d'Ivoire,426,0.00852
90,Sweden,Senegal,381,0.00762
90,Sweden,Germany,373,0.00746
90,Tunisia,Ecuador,370,0.0074
90,Scotland,France,349,0.00698
90,Scotland,Norway,339,0.00678
90,Sweden,Côte d'Ivoire,315,0.0063
90,Haiti,France,290,0.0058
90,Sweden,Ecuador,289,0.00578
90,Scotland,Germany,280,0.0056
90,Haiti,Norway,270,0.0054
90,Scotland,Senegal,270,0.0054
90,Haiti,Senegal,266,0.00532
90,Scotland,Côte d'Ivoire,246,0.00492
90,Haiti,Côte d'Ivoire,225,0.0045
90,Scotland,Ecuador,223,0.00446
90,Haiti,Germany,190,0.0038
90,Tunisia,Curaçao,178,0.00356
90,Haiti,Ecuador,165,0.0033
90,Sweden,Curaçao,155,0.0031
90,Tunisia,Iraq,149,0.00298
90,Sweden,Iraq,124,0.00248
90,Scotland,Curaçao,113,0.00226
90,Scotland,Iraq,100,0.002
90,Haiti,Iraq,79,0.00158
90,Haiti,Curaçao,75,0.0015
91,Japan,France,4206,0.08412
91,Netherlands,France,3559,0.07118
91,Morocco,France,2808,0.05616
91,Brazil,France,2707,0.05414
91,Japan,Norway,2290,0.0458
91,Netherlands,Norway,1896,0.03792
91,Morocco,Norway,1613,0.03226
91,Japan,Senegal,1592,0.03184
91,Brazil,Norway,1484,0.02968
91,Netherlands,Senegal,1281,0.02562
91,Morocco,Senegal,1100,0.022
91,Brazil,Senegal,1029,0.02058
91,Japan,Morocco,1027,0.02054
91,Scotland,France,930,0.0186
91,Japan,Brazil,924,0.01848
91,Netherlands,Morocco,885,0.0177
91,Netherlands,Brazil,837,0.01674
91,Japan,Scotland,725,0.0145
91,Haiti,France,704,0.01408
91,Morocco,Scotland,664,0.01328
91,Brazil,Scotland,656,0.01312
91,Netherlands,Scotland,587,0.01174
91,Morocco,Brazil,567,0.01134
91,Japan,Haiti,558,0.01116
91,Brazil,Morocco,557,0.01114
91,Tunisia,France,545,0.0109
91,Morocco,Haiti,520,0.0104
91,Netherlands,Haiti,494,0.00988
91,Scotland,Norway,492,0.00984
91,Brazil,Haiti,491,0.00982
91,Sweden,France,427,0.00854
91,Scotland,Brazil,408,0.00816
91,Haiti,Norway,401,0.00802
91,Scotland,Morocco,397,0.00794
91,Scotland,Senegal,359,0.00718
91,Japan,Australia,339,0.00678
91,Japan,Türkiye,332,0.00664
91,Haiti,Brazil,305,0.0061
91,Tunisia,Norway,294,0.00588
91,Haiti,Morocco,293,0.00586
91,Haiti,Senegal,286,0.00572
91,Japan,Paraguay,271,0.00542
91,Netherlands,Australia,262,0.00524
91,Netherlands,Türkiye,262,0.00524
91,Japan,United States,252,0.00504
91,Japan,Iraq,252,0.00504
91,Brazil,Türkiye,249,0.00498
91,Netherlands,Paraguay,242,0.00484
91,Sweden,Norway,242,0.00484
91,Morocco,Australia,231,0.00462
91,Netherlands,Iraq,228,0.00456
91,Morocco,Türkiye,224,0.00448
91,Tunisia,Senegal,218,0.00436
91,Brazil,Australia,201,0.00402
91,Brazil,Iraq,195,0.0039
91,Brazil,Paraguay,190,0.0038
91,Morocco,Iraq,183,0.00366
91,Netherlands,United States,181,0.00362
91,Morocco,Paraguay,176,0.00352
91,Japan,Netherlands,174,0.00348
91,Sweden,Senegal,172,0.00344
91,Morocco,United States,155,0.0031
91,Netherlands,Japan,149,0.00298
91,Brazil,United States,145,0.0029
91,Scotland,Haiti,141,0.00282
91,Haiti,Scotland,140,0.0028
91,Tunisia,Brazil,130,0.0026
91,Tunisia,Morocco,114,0.00228
91,Japan,Tunisia,108,0.00216
91,Sweden,Brazil,107,0.00214
91,Japan,Sweden,105,0.0021
91,Sweden,Morocco,104,0.00208
91,Netherlands,Tunisia,96,0.00192
91,Brazil,Netherlands,94,0.00188
91,Tunisia,Scotland,90,0.0018
91,Morocco,Netherlands,90,0.0018
91,Netherlands,Sweden,88,0.00176
91,Brazil,Japan,83,0.00166
91,Morocco,Tunisia,82,0.00164
91,Morocco,Japan,76,0.00152
91,Brazil,Tunisia,74,0.00148
91,Scotland,Türkiye,73,0.00146
91,Scotland,Iraq,72,0.00144
91,Sweden,Scotland,71,0.00142
91,Haiti,Türkiye,68,0.00136
91,Scotland,United States,62,0.00124
91,Morocco,Sweden,62,0.00124
91,Scotland,Paraguay,61,0.00122
91,Tunisia,Haiti,61,0.00122
91,Scotland,Australia,59,0.00118
91,Brazil,Sweden,57,0.00114
91,Haiti,Australia,56,0.00112
91,Sweden,Haiti,55,0.0011
91,Tunisia,Australia,46,0.00092
91,Sweden,Türkiye,45,0.0009
91,Haiti,Paraguay,44,0.00088
91,Haiti,Iraq,41,0.00082
91,Haiti,United States,39,0.00078
91,Tunisia,Türkiye,38,0.00076
91,Sweden,Australia,36,0.00072
91,Sweden,Iraq,35,0.0007
91,Tunisia,Netherlands,34,0.00068
91,Tunisia,Japan,33,0.00066
91,Tunisia,Iraq,32,0.00064
91,Scotland,Netherlands,31,0.00062
91,Sweden,United States,29,0.00058
91,Tunisia,United States,28,0.00056
91,Sweden,Japan,28,0.00056
91,Sweden,Netherlands,27,0.00054
91,Japan,Egypt,27,0.00054
91,Netherlands,Iran,27,0.00054
91,Japan,Belgium,27,0.00054
91,Sweden,Paraguay,26,0.00052
91,Tunisia,Paraguay,26,0.00052
91,Netherlands,Egypt,24,0.00048
91,Scotland,Japan,23,0.00046
91,Morocco,Egypt,21,0.00042
91,Haiti,Japan,20,0.0004
91,Haiti,Netherlands,20,0.0004
91,Haiti,Tunisia,18,0.00036
91,Netherlands,Belgium,17,0.00034
91,Scotland,Tunisia,17,0.00034
91,Japan,Iran,16,0.00032
91,Japan,New Zealand,16,0.00032
91,Brazil,Belgium,16,0.00032
91,Haiti,Sweden,15,0.0003
91,Morocco,Belgium,13,0.00026
91,Brazil,Iran,13,0.00026
91,Morocco,New Zealand,13,0.00026
91,Scotland,Sweden,13,0.00026
91,Sweden,Tunisia,11,0.00022
91,Netherlands,New Zealand,11,0.00022
91,Morocco,Iran,10,0.0002
91,Tunisia,Sweden,10,0.0002
91,Brazil,Egypt,10,0.0002
91,Scotland,Egypt,9,0.00018
91,Haiti,Iran,8,0.00016
91,Brazil,New Zealand,6,0.00012
91,Scotland,Belgium,6,0.00012
91,Haiti,New Zealand,5,0.0001
91,Haiti,Egypt,4,8e-05
91,Scotland,New Zealand,3,6e-05
91,Morocco,Spain,3,6e-05
91,Brazil,Cape Verde,3,6e-05
91,Sweden,Belgium,2,4e-05
91,Tunisia,Iran,2,4e-05
91,Netherlands,Cape Verde,2,4e-05
91,Sweden,New Zealand,2,4e-05
91,Brazil,Uruguay,2,4e-05
91,Scotland,Iran,2,4e-05
91,Japan,Spain,1,2e-05
91,Sweden,Iran,1,2e-05
91,Japan,Cape Verde,1,2e-05
91,Netherlands,Spain,1,2e-05
91,Tunisia,New Zealand,1,2e-05
91,Japan,Uruguay,1,2e-05
91,Haiti,Uruguay,1,2e-05
91,Tunisia,Belgium,1,2e-05
91,Netherlands,Saudi Arabia,1,2e-05
91,Morocco,Saudi Arabia,1,2e-05
91,Japan,Saudi Arabia,1,2e-05
91,Tunisia,Saudi Arabia,1,2e-05
91,Morocco,Cape Verde,1,2e-05
92,Mexico,England,5077,0.10154
92,South Korea,England,3322,0.06644
92,Ecuador,England,1968,0.03936
92,Côte d'Ivoire,England,1831,0.03662
92,Mexico,Croatia,1580,0.0316
92,Germany,England,1475,0.0295
92,Curaçao,England,1417,0.02834
92,Czechia,England,1004,0.02008
92,South Korea,Croatia,940,0.0188
92,South Africa,England,835,0.0167
92,Tunisia,England,698,0.01396
92,Mexico,Uruguay,685,0.0137
92,Netherlands,England,678,0.01356
92,Japan,England,672,0.01344
92,Mexico,Norway,631,0.01262
92,Mexico,Senegal,630,0.0126
92,Ecuador,Croatia,606,0.01212
92,Côte d'Ivoire,Croatia,589,0.01178
92,Mexico,France,575,0.0115
92,Sweden,England,573,0.01146
92,Mexico,Saudi Arabia,564,0.01128
92,Mexico,Ghana,472,0.00944
92,Germany,Croatia,447,0.00894
92,South Korea,Uruguay,444,0.00888
92,Mexico,Cape Verde,441,0.00882
92,Mexico,Panama,423,0.00846
92,South Korea,Senegal,398,0.00796
92,Curaçao,Croatia,391,0.00782
92,South Korea,Norway,374,0.00748
92,Czechia,Croatia,333,0.00666
92,South Korea,France,325,0.0065
92,South Korea,Saudi Arabia,317,0.00634
92,Mexico,Iraq,302,0.00604
92,South Korea,Ghana,297,0.00594
92,Mexico,Spain,281,0.00562
92,South Africa,Croatia,269,0.00538
92,South Korea,Panama,269,0.00538
92,Ecuador,Uruguay,264,0.00528
92,Côte d'Ivoire,Uruguay,254,0.00508
92,Uruguay,England,251,0.00502
92,South Korea,Cape Verde,247,0.00494
92,Ecuador,Saudi Arabia,244,0.00488
92,Germany,Uruguay,228,0.00456
92,Netherlands,Croatia,227,0.00454
92,Tunisia,Croatia,226,0.00452
92,Côte d'Ivoire,Saudi Arabia,223,0.00446
92,Ecuador,Norway,219,0.00438
92,Côte d'Ivoire,Senegal,215,0.0043
92,Curaçao,Uruguay,211,0.00422
92,Côte d'Ivoire,Norway,207,0.00414
92,Ecuador,Senegal,205,0.0041
92,Japan,Croatia,199,0.00398
92,Côte d'Ivoire,France,194,0.00388
92,South Korea,Spain,194,0.00388
92,Saudi Arabia,England,189,0.00378
92,Ecuador,France,185,0.0037
92,Mexico,Austria,185,0.0037
92,Ecuador,Cape Verde,182,0.00364
92,South Korea,Iraq,182,0.00364
92,Côte d'Ivoire,Ghana,180,0.0036
92,Germany,Norway,179,0.00358
92,Mexico,Algeria,176,0.00352
92,Curaçao,Senegal,171,0.00342
92,Curaçao,Saudi Arabia,169,0.00338
92,Germany,Saudi Arabia,168,0.00336
92,Côte d'Ivoire,Cape Verde,167,0.00334
92,Ecuador,Ghana,166,0.00332
92,Mexico,Jordan,162,0.00324
92,Germany,Senegal,159,0.00318
92,Côte d'Ivoire,Panama,158,0.00316
92,Curaçao,Norway,157,0.00314
92,Cape Verde,England,152,0.00304
92,Mexico,Argentina,149,0.00298
92,Ecuador,Panama,149,0.00298
92,Germany,France,146,0.00292
92,Czechia,Senegal,145,0.0029
92,Sweden,Croatia,144,0.00288
92,Côte d'Ivoire,Spain,142,0.00284
92,Czechia,Uruguay,141,0.00282
92,Germany,Panama,138,0.00276
92,Curaçao,France,135,0.0027
92,Czechia,Norway,135,0.0027
92,Curaçao,Cape Verde,132,0.00264
92,Germany,Ghana,131,0.00262
92,Ecuador,Spain,131,0.00262
92,Curaçao,Ghana,128,0.00256
92,Sweden,Uruguay,121,0.00242
92,South Africa,Uruguay,117,0.00234
92,Curaçao,Panama,116,0.00232
92,South Korea,Algeria,116,0.00232
92,Germany,Spain,114,0.00228
92,Tunisia,Uruguay,113,0.00226
92,Czechia,Saudi Arabia,113,0.00226
92,Netherlands,Uruguay,111,0.00222
92,Germany,Cape Verde,111,0.00222
92,Spain,England,107,0.00214
92,Czechia,Ghana,106,0.00212
92,South Africa,Senegal,106,0.00212
92,Czechia,France,104,0.00208
92,South Korea,Austria,104,0.00208
92,Japan,Uruguay,103,0.00206
92,South Africa,Norway,101,0.00202
92,South Korea,Argentina,97,0.00194
92,Senegal,England,96,0.00192
92,Czechia,Panama,95,0.0019
92,Germany,Iraq,94,0.00188
92,Tunisia,Saudi Arabia,92,0.00184
92,Côte d'Ivoire,Iraq,92,0.00184
92,Ecuador,Iraq,90,0.0018
92,Czechia,Cape Verde,89,0.00178
92,South Africa,France,89,0.00178
92,Norway,England,89,0.00178
92,Netherlands,Saudi Arabia,88,0.00176
92,Sweden,Senegal,87,0.00174
92,Curaçao,Spain,86,0.00172
92,Tunisia,Norway,83,0.00166
92,Japan,Saudi Arabia,82,0.00164
92,South Korea,Jordan,82,0.00164
92,Curaçao,Iraq,80,0.0016
92,South Africa,Saudi Arabia,79,0.00158
92,South Africa,Cape Verde,79,0.00158
92,Netherlands,Senegal,79,0.00158
92,Japan,Norway,77,0.00154
92,Tunisia,Senegal,76,0.00152
92,South Africa,Panama,74,0.00148
92,South Africa,Ghana,74,0.00148
92,Tunisia,Ghana,72,0.00144
92,Uruguay,Croatia,72,0.00144
92,France,England,71,0.00142
92,Netherlands,Cape Verde,69,0.00138
92,Sweden,Norway,68,0.00136
92,Côte d'Ivoire,Austria,68,0.00136
92,Uruguay,Norway,67,0.00134
92,Netherlands,France,64,0.00128
92,Tunisia,Cape Verde,63,0.00126
92,Japan,Cape Verde,63,0.00126
92,Japan,Ghana,63,0.00126
92,Tunisia,France,63,0.00126
92,Uruguay,France,63,0.00126
92,Sweden,Saudi Arabia,63,0.00126
92,Czechia,Iraq,62,0.00124
92,Saudi Arabia,Croatia,61,0.00122
92,Côte d'Ivoire,Algeria,60,0.0012
92,Ecuador,Austria,60,0.0012
92,Netherlands,Norway,58,0.00116
92,Czechia,Spain,57,0.00114
92,Netherlands,Panama,57,0.00114
92,South Africa,Spain,57,0.00114
92,Sweden,Panama,56,0.00112
92,Côte d'Ivoire,Argentina,56,0.00112
92,Netherlands,Ghana,56,0.00112
92,Uruguay,Senegal,56,0.00112
92,Ecuador,Algeria,54,0.00108
92,Sweden,France,54,0.00108
92,Japan,Senegal,53,0.00106
92,Sweden,Ghana,52,0.00104
92,Tunisia,Panama,51,0.00102
92,Sweden,Cape Verde,51,0.00102
92,Czechia,Austria,50,0.001
92,Cape Verde,Norway,49,0.00098
92,Germany,Algeria,49,0.00098
92,Curaçao,Austria,49,0.00098
92,Saudi Arabia,Senegal,48,0.00096
92,Japan,Panama,48,0.00096
92,Saudi Arabia,Norway,47,0.00094
92,Netherlands,Spain,46,0.00092
92,Ecuador,Argentina,46,0.00092
92,Saudi Arabia,France,45,0.0009
92,South Africa,Iraq,45,0.0009
92,Japan,Spain,45,0.0009
92,Cape Verde,Senegal,44,0.00088
92,Japan,France,44,0.00088
92,Tunisia,Spain,44,0.00088
92,Côte d'Ivoire,Jordan,44,0.00088
92,Ecuador,Jordan,43,0.00086
92,Netherlands,Iraq,43,0.00086
92,Curaçao,Argentina,43,0.00086
92,Cape Verde,France,42,0.00084
92,Mexico,Colombia,41,0.00082
92,Cape Verde,Croatia,41,0.00082
92,Curaçao,Algeria,41,0.00082
92,Mexico,DR Congo,41,0.00082
92,Germany,Argentina,40,0.0008
92,Mexico,Uzbekistan,39,0.00078
92,Sweden,Spain,39,0.00078
92,Iraq,England,37,0.00074
92,Germany,Jordan,37,0.00074
92,Tunisia,Iraq,37,0.00074
92,Germany,Austria,37,0.00074
92,Japan,Iraq,36,0.00072
92,South Africa,Austria,35,0.0007
92,Sweden,Iraq,34,0.00068
92,France,Croatia,34,0.00068
92,South Africa,Algeria,33,0.00066
92,Uruguay,Iraq,33,0.00066
92,Mexico,Portugal,29,0.00058
92,Spain,Croatia,29,0.00058
92,South Africa,Argentina,29,0.00058
92,Czechia,Jordan,29,0.00058
92,Spain,Senegal,29,0.00058
92,South Korea,Colombia,28,0.00056
92,Spain,France,27,0.00054
92,Saudi Arabia,Iraq,27,0.00054
92,Curaçao,Jordan,27,0.00054
92,Czechia,Argentina,26,0.00052
92,Netherlands,Argentina,26,0.00052
92,Senegal,Croatia,25,0.0005
92,South Africa,Jordan,25,0.0005
92,South Korea,Uzbekistan,24,0.00048
92,Norway,Argentina,24,0.00048
92,Norway,Croatia,24,0.00048
92,Tunisia,Algeria,24,0.00048
92,South Korea,DR Congo,23,0.00046
92,Czechia,Algeria,22,0.00044
92,Uruguay,Algeria,22,0.00044
92,Uruguay,Panama,21,0.00042
92,Tunisia,Austria,21,0.00042
92,Norway,Algeria,21,0.00042
92,Sweden,Algeria,20,0.0004
92,Cape Verde,Iraq,20,0.0004
92,Saudi Arabia,Ghana,20,0.0004
92,Cape Verde,Ghana,19,0.00038
92,Norway,Jordan,19,0.00038
92,France,Austria,19,0.00038
92,Norway,Austria,19,0.00038
92,Ecuador,Colombia,19,0.00038
92,Côte d'Ivoire,DR Congo,19,0.00038
92,Senegal,Argentina,18,0.00036
92,South Korea,Portugal,17,0.00034
92,Spain,Norway,17,0.00034
92,Germany,DR Congo,17,0.00034
92,Uruguay,Ghana,16,0.00032
92,Senegal,Algeria,16,0.00032
92,France,Algeria,15,0.0003
92,Tunisia,Argentina,15,0.0003
92,Senegal,Austria,15,0.0003
92,Netherlands,Algeria,14,0.00028
92,Ecuador,DR Congo,14,0.00028
92,Côte d'Ivoire,Portugal,14,0.00028
92,Sweden,Austria,14,0.00028
92,Netherlands,Austria,14,0.00028
92,Japan,Austria,14,0.00028
92,Iraq,Austria,14,0.00028
92,Japan,Algeria,14,0.00028
92,France,Argentina,13,0.00026
92,Côte d'Ivoire,Colombia,13,0.00026
92,Uruguay,Austria,13,0.00026
92,Tunisia,Jordan,13,0.00026
92,Japan,Argentina,13,0.00026
92,France,Jordan,13,0.00026
92,Ecuador,Portugal,12,0.00024
92,Saudi Arabia,Panama,12,0.00024
92,Iraq,Algeria,12,0.00024
92,Czechia,Portugal,11,0.00022
92,Uruguay,Argentina,11,0.00022
92,South Africa,Colombia,11,0.00022
92,Curaçao,DR Congo,11,0.00022
92,Iraq,Argentina,11,0.00022
92,Japan,Jordan,11,0.00022
92,Senegal,Jordan,11,0.00022
92,Spain,Iraq,10,0.0002
92,Spain,Ghana,10,0.0002
92,Côte d'Ivoire,Uzbekistan,10,0.0002
92,Netherlands,Jordan,10,0.0002
92,Germany,Portugal,10,0.0002
92,Senegal,Ghana,10,0.0002
92,Cape Verde,Austria,10,0.0002
92,Spain,Panama,9,0.00018
92,Uruguay,Jordan,9,0.00018
92,Germany,Uzbekistan,9,0.00018
92,Germany,Colombia,9,0.00018
92,Saudi Arabia,Austria,9,0.00018
92,Curaçao,Colombia,9,0.00018
92,Norway,Ghana,9,0.00018
92,Saudi Arabia,Jordan,9,0.00018
92,Curaçao,Portugal,9,0.00018
92,South Africa,DR Congo,9,0.00018
92,Iraq,Jordan,9,0.00018
92,Iraq,Croatia,9,0.00018
92,Sweden,Argentina,9,0.00018
92,Cape Verde,Panama,9,0.00018
92,Curaçao,Uzbekistan,8,0.00016
92,Norway,Panama,8,0.00016
92,Czechia,Uzbekistan,7,0.00014
92,Spain,Algeria,7,0.00014
92,Saudi Arabia,Algeria,7,0.00014
92,France,Ghana,7,0.00014
92,Cape Verde,Algeria,7,0.00014
92,Spain,Austria,7,0.00014
92,Ecuador,Uzbekistan,6,0.00012
92,South Africa,Uzbekistan,6,0.00012
92,France,Panama,5,0.0001
92,Croatia,England,5,0.0001
92,Algeria,England,4,8e-05
92,Iraq,Ghana,4,8e-05
92,Iraq,DR Congo,4,8e-05
92,Sweden,Jordan,4,8e-05
92,Uruguay,Portugal,4,8e-05
92,Senegal,DR Congo,4,8e-05
92,Senegal,Uzbekistan,4,8e-05
92,Cape Verde,Argentina,4,8e-05
92,France,DR Congo,4,8e-05
92,Senegal,Colombia,4,8e-05
92,Japan,Portugal,4,8e-05
92,Senegal,Panama,4,8e-05
92,Portugal,England,3,6e-05
92,Norway,Colombia,3,6e-05
92,Norway,Portugal,3,6e-05
92,Czechia,Colombia,3,6e-05
92,Netherlands,Colombia,3,6e-05
92,Japan,Colombia,3,6e-05
92,Czechia,DR Congo,3,6e-05
92,Iraq,Panama,3,6e-05
92,Tunisia,DR Congo,3,6e-05
92,Saudi Arabia,DR Congo,3,6e-05
92,Bosnia and Herzegovina,Algeria,3,6e-05
92,Spain,Argentina,3,6e-05
92,Cape Verde,Jordan,3,6e-05
92,Saudi Arabia,Argentina,3,6e-05
92,South Africa,Portugal,3,6e-05
92,England,Argentina,2,4e-05
92,Ghana,England,2,4e-05
92,Croatia,Jordan,2,4e-05
92,Sweden,Portugal,2,4e-05
92,Türkiye,Croatia,2,4e-05
92,Iran,England,2,4e-05
92,Cape Verde,DR Congo,2,4e-05
92,Egypt,England,2,4e-05
92,Netherlands,Portugal,2,4e-05
92,DR Congo,England,2,4e-05
92,France,Colombia,2,4e-05
92,Sweden,Colombia,2,4e-05
92,Czechia,Belgium,2,4e-05
92,Switzerland,England,2,4e-05
92,Spain,Jordan,2,4e-05
92,Norway,Uzbekistan,2,4e-05
92,Mexico,Sweden,2,4e-05
92,Tunisia,Colombia,2,4e-05
92,Iraq,Uzbekistan,2,4e-05
92,Qatar,England,2,4e-05
92,France,Uzbekistan,2,4e-05
92,Côte d'Ivoire,Iran,2,4e-05
92,Côte d'Ivoire,Tunisia,2,4e-05
92,Tunisia,Portugal,2,4e-05
92,Curaçao,Belgium,2,4e-05
92,Senegal,Portugal,2,4e-05
92,Mexico,Iran,2,4e-05
92,Jordan,England,2,4e-05
92,South Korea,Netherlands,1,2e-05
92,Iran,Croatia,1,2e-05
92,Iraq,Colombia,1,2e-05
92,Japan,DR Congo,1,2e-05
92,Mexico,Türkiye,1,2e-05
92,DR Congo,Argentina,1,2e-05
92,New Zealand,Austria,1,2e-05
92,Colombia,Austria,1,2e-05
92,Belgium,Jordan,1,2e-05
92,Curaçao,Bosnia and Herzegovina,1,2e-05
92,Germany,Sweden,1,2e-05
92,Australia,England,1,2e-05
92,Germany,Belgium,1,2e-05
92,South Africa,Sweden,1,2e-05
92,Argentina,Colombia,1,2e-05
92,Germany,Japan,1,2e-05
92,Mexico,United States,1,2e-05
92,Netherlands,Uzbekistan,1,2e-05
92,New Zealand,Argentina,1,2e-05
92,Colombia,England,1,2e-05
92,Iran,Austria,1,2e-05
92,Uruguay,DR Congo,1,2e-05
92,Côte d'Ivoire,Switzerland,1,2e-05
92,United States,England,1,2e-05
92,South Korea,Japan,1,2e-05
92,Ecuador,Türkiye,1,2e-05
92,Uzbekistan,England,1,2e-05
92,Türkiye,Austria,1,2e-05
92,Ecuador,Iran,1,2e-05
92,South Korea,Belgium,1,2e-05
92,Panama,Croatia,1,2e-05
92,Mexico,Switzerland,1,2e-05
92,Curaçao,Sweden,1,2e-05
92,Paraguay,Argentina,1,2e-05
92,Curaçao,Tunisia,1,2e-05
92,South Korea,Tunisia,1,2e-05
92,Côte d'Ivoire,Bosnia and Herzegovina,1,2e-05
92,Germany,Egypt,1,2e-05
92,Côte d'Ivoire,United States,1,2e-05
92,Panama,Algeria,1,2e-05
92,Panama,Austria,1,2e-05
92,Côte d'Ivoire,Netherlands,1,2e-05
92,Saudi Arabia,Colombia,1,2e-05
92,Egypt,Argentina,1,2e-05
92,Côte d'Ivoire,Egypt,1,2e-05
92,Tunisia,Uzbekistan,1,2e-05
92,Belgium,England,1,2e-05
92,Côte d'Ivoire,Belgium,1,2e-05
92,South Africa,Canada,1,2e-05
92,Cape Verde,Portugal,1,2e-05
92,Switzerland,Argentina,1,2e-05
92,Argentina,Uzbekistan,1,2e-05
92,Germany,United States,1,2e-05
92,Bosnia and Herzegovina,Austria,1,2e-05
92,Bosnia and Herzegovina,Jordan,1,2e-05
92,Canada,Algeria,1,2e-05
92,South Korea,Paraguay,1,2e-05
92,England,Croatia,1,2e-05
92,Ecuador,Egypt,1,2e-05
92,Mexico,New Zealand,1,2e-05
92,Curaçao,Australia,1,2e-05
92,Australia,Croatia,1,2e-05
92,Spain,DR Congo,1,2e-05
92,Austria,England,1,2e-05
92,England,Algeria,1,2e-05
92,Croatia,Algeria,1,2e-05
92,England,Jordan,1,2e-05
92,Austria,Uzbekistan,1,2e-05
92,Germany,Canada,1,2e-05
92,DR Congo,Ghana,1,2e-05
92,Ghana,Croatia,1,2e-05
92,Portugal,Austria,1,2e-05
92,Australia,Panama,1,2e-05
92,South Korea,Egypt,1,2e-05
92,Cape Verde,Colombia,1,2e-05
92,Ecuador,Canada,1,2e-05
92,Türkiye,England,1,2e-05
92,Algeria,Colombia,1,2e-05
92,Germany,Türkiye,1,2e-05
92,Curaçao,Switzerland,1,2e-05
92,Sweden,DR Congo,1,2e-05
92,Germany,Switzerland,1,2e-05
92,Netherlands,DR Congo,1,2e-05
92,Qatar,Algeria,1,2e-05
92,Côte d'Ivoire,Japan,1,2e-05
92,Canada,Argentina,1,2e-05
92,Curaçao,Japan,1,2e-05
92,Spain,Portugal,1,2e-05
92,South Korea,Switzerland,1,2e-05
92,Sweden,Uzbekistan,1,2e-05
92,Qatar,Austria,1,2e-05
92,Argentina,England,1,2e-05
92,England,Austria,1,2e-05
92,France,Portugal,1,2e-05
92,Uzbekistan,Austria,1,2e-05
93,Croatia,Spain,5068,0.10136
93,Colombia,Spain,4859,0.09718
93,Portugal,Spain,4767,0.09534
93,England,Spain,4753,0.09506
93,DR Congo,Spain,2981,0.05962
93,Ghana,Spain,2168,0.04336
93,Uzbekistan,Spain,2156,0.04312
93,Panama,Spain,1915,0.0383
93,Portugal,Argentina,1056,0.02112
93,Croatia,Argentina,1056,0.02112
93,Colombia,Argentina,1014,0.02028
93,England,Argentina,999,0.01998
93,England,Austria,718,0.01436
93,Colombia,Austria,698,0.01396
93,Colombia,Algeria,695,0.0139
93,Croatia,Algeria,694,0.01388
93,Croatia,Austria,672,0.01344
93,DR Congo,Argentina,670,0.0134
93,Portugal,Austria,654,0.01308
93,England,Algeria,651,0.01302
93,Portugal,Algeria,646,0.01292
93,Colombia,Uruguay,579,0.01158
93,Portugal,Uruguay,556,0.01112
93,Croatia,Uruguay,552,0.01104
93,England,Uruguay,529,0.01058
93,Uzbekistan,Argentina,491,0.00982
93,DR Congo,Algeria,432,0.00864
93,Ghana,Argentina,431,0.00862
93,DR Congo,Austria,395,0.0079
93,Panama,Argentina,385,0.0077
93,England,Jordan,360,0.0072
93,Croatia,Jordan,359,0.00718
93,DR Congo,Uruguay,346,0.00692
93,Ghana,Austria,336,0.00672
93,Colombia,Jordan,324,0.00648
93,Portugal,Jordan,321,0.00642
93,Ghana,Algeria,307,0.00614
93,Uzbekistan,Austria,301,0.00602
93,Uzbekistan,Algeria,290,0.0058
93,Panama,Austria,265,0.0053
93,Panama,Algeria,262,0.00524
93,Ghana,Uruguay,247,0.00494
93,Uzbekistan,Uruguay,242,0.00484
93,DR Congo,Jordan,234,0.00468
93,Panama,Uruguay,216,0.00432
93,Colombia,Saudi Arabia,208,0.00416
93,England,Saudi Arabia,188,0.00376
93,Portugal,Saudi Arabia,179,0.00358
93,Croatia,Saudi Arabia,173,0.00346
93,Uzbekistan,Jordan,158,0.00316
93,Colombia,Cape Verde,157,0.00314
93,Croatia,Cape Verde,153,0.00306
93,Panama,Jordan,143,0.00286
93,England,Cape Verde,135,0.0027
93,Ghana,Jordan,135,0.0027
93,Portugal,Cape Verde,127,0.00254
93,DR Congo,Saudi Arabia,113,0.00226
93,Uzbekistan,Saudi Arabia,82,0.00164
93,Ghana,Saudi Arabia,76,0.00152
93,DR Congo,Cape Verde,76,0.00152
93,Panama,Saudi Arabia,68,0.00136
93,Uzbekistan,Cape Verde,62,0.00124
93,Panama,Cape Verde,60,0.0012
93,Ghana,Cape Verde,57,0.00114
94,Belgium,United States,3594,0.07188
94,Egypt,United States,1630,0.0326
94,Iran,United States,1549,0.03098
94,Belgium,Türkiye,1515,0.0303
94,Belgium,Australia,1341,0.02682
94,New Zealand,United States,1125,0.0225
94,Austria,United States,775,0.0155
94,Algeria,United States,769,0.01538
94,Norway,United States,644,0.01288
94,Iran,Türkiye,635,0.0127
94,Senegal,United States,629,0.01258
94,Iran,Australia,619,0.01238
94,Egypt,Türkiye,614,0.01228
94,Belgium,Switzerland,606,0.01212
94,Argentina,United States,596,0.01192
94,Belgium,Bosnia and Herzegovina,575,0.0115
94,Egypt,Australia,571,0.01142
94,Belgium,Paraguay,557,0.01114
94,France,United States,554,0.01108
94,Jordan,United States,547,0.01094
94,New Zealand,Türkiye,493,0.00986
94,Belgium,Canada,432,0.00864
94,New Zealand,Australia,428,0.00856
94,Belgium,Qatar,427,0.00854
94,Belgium,Tunisia,375,0.0075
94,Belgium,Japan,372,0.00744
94,Belgium,Netherlands,363,0.00726
94,Austria,Australia,336,0.00672
94,Belgium,Sweden,331,0.00662
94,Iraq,United States,313,0.00626
94,Austria,Türkiye,306,0.00612
94,Algeria,Australia,297,0.00594
94,Algeria,Türkiye,290,0.0058
94,Norway,Türkiye,274,0.00548
94,Iran,Switzerland,269,0.00538
94,Egypt,Paraguay,267,0.00534
94,Senegal,Türkiye,263,0.00526
94,Egypt,Switzerland,257,0.00514
94,Jordan,Türkiye,243,0.00486
94,Argentina,Türkiye,243,0.00486
94,Iran,Paraguay,242,0.00484
94,Argentina,Australia,241,0.00482
94,France,Türkiye,239,0.00478
94,Senegal,Australia,239,0.00478
94,Egypt,Bosnia and Herzegovina,236,0.00472
94,Norway,Australia,235,0.0047
94,Egypt,Qatar,219,0.00438
94,Iran,Qatar,214,0.00428
94,Jordan,Australia,212,0.00424
94,Iran,Bosnia and Herzegovina,212,0.00424
94,France,Australia,202,0.00404
94,New Zealand,Bosnia and Herzegovina,200,0.004
94,Iran,Canada,188,0.00376
94,New Zealand,Switzerland,187,0.00374
94,Egypt,Canada,183,0.00366
94,Egypt,Netherlands,176,0.00352
94,New Zealand,Paraguay,169,0.00338
94,Belgium,Egypt,168,0.00336
94,Iran,Tunisia,165,0.0033
94,New Zealand,Qatar,157,0.00314
94,Egypt,Tunisia,156,0.00312
94,Iran,Japan,156,0.00312
94,Egypt,Japan,150,0.003
94,Egypt,Sweden,148,0.00296
94,Belgium,Austria,147,0.00294
94,Belgium,Algeria,145,0.0029
94,Croatia,United States,145,0.0029
94,Algeria,Bosnia and Herzegovina,144,0.00288
94,Iran,Netherlands,142,0.00284
94,Iran,Sweden,141,0.00282
94,Belgium,New Zealand,140,0.0028
94,Iraq,Türkiye,134,0.00268
94,Austria,Bosnia and Herzegovina,134,0.00268
94,Belgium,Iran,132,0.00264
94,DR Congo,United States,128,0.00256
94,Belgium,DR Congo,126,0.00252
94,New Zealand,Tunisia,125,0.0025
94,Argentina,Switzerland,125,0.0025
94,Austria,Paraguay,125,0.0025
94,Austria,Switzerland,124,0.00248
94,New Zealand,Canada,122,0.00244
94,Portugal,United States,120,0.0024
94,Algeria,Switzerland,120,0.0024
94,Belgium,Argentina,119,0.00238
94,New Zealand,Japan,119,0.00238
94,Belgium,Colombia,119,0.00238
94,Switzerland,United States,118,0.00236
94,Türkiye,United States,118,0.00236
94,Iraq,Australia,115,0.0023
94,New Zealand,Netherlands,114,0.00228
94,Norway,Austria,113,0.00226
94,Senegal,Austria,112,0.00224
94,England,United States,112,0.00224
94,Algeria,Paraguay,110,0.0022
94,Belgium,Croatia,109,0.00218
94,Belgium,Jordan,109,0.00218
94,Belgium,Portugal,107,0.00214
94,Egypt,Belgium,107,0.00214
94,Belgium,Ghana,107,0.00214
94,Belgium,England,106,0.00212
94,Austria,Qatar,105,0.0021
94,Senegal,Switzerland,105,0.0021
94,Colombia,United States,105,0.0021
94,Senegal,Algeria,104,0.00208
94,Iran,Belgium,104,0.00208
94,Norway,Paraguay,104,0.00208
94,Australia,United States,103,0.00206
94,Norway,Algeria,101,0.00202
94,Argentina,Bosnia and Herzegovina,99,0.00198
94,Belgium,Uzbekistan,98,0.00196
94,Iran,Egypt,93,0.00186
94,Jordan,Switzerland,91,0.00182
94,Tunisia,United States,91,0.00182
94,Senegal,Paraguay,90,0.0018
94,Argentina,Paraguay,88,0.00176
94,France,Paraguay,88,0.00176
94,Belgium,Panama,87,0.00174
94,New Zealand,Sweden,87,0.00174
94,Norway,Switzerland,86,0.00172
94,Algeria,Canada,86,0.00172
94,Ghana,United States,85,0.0017
94,Senegal,Argentina,84,0.00168
94,Argentina,Qatar,84,0.00168
94,Jordan,Paraguay,84,0.00168
94,Panama,United States,83,0.00166
94,Norway,Argentina,83,0.00166
94,Netherlands,United States,82,0.00164
94,France,Austria,82,0.00164
94,Algeria,Qatar,82,0.00164
94,Jordan,Bosnia and Herzegovina,81,0.00162
94,Algeria,Japan,81,0.00162
94,Austria,Canada,80,0.0016
94,France,Algeria,79,0.00158
94,Austria,Sweden,79,0.00158
94,Austria,Netherlands,79,0.00158
94,Senegal,Tunisia,78,0.00156
94,Austria,Japan,78,0.00156
94,Japan,United States,78,0.00156
94,Austria,Tunisia,78,0.00156
94,Argentina,Canada,77,0.00154
94,Paraguay,United States,76,0.00152
94,Algeria,Tunisia,75,0.0015
94,Algeria,Sweden,75,0.0015
94,Argentina,Netherlands,75,0.0015
94,Senegal,Jordan,74,0.00148
94,Senegal,Canada,74,0.00148
94,Norway,Bosnia and Herzegovina,73,0.00146
94,Canada,United States,73,0.00146
94,Croatia,Australia,72,0.00144
94,Norway,Jordan,71,0.00142
94,Egypt,Iran,71,0.00142
94,Australia,Türkiye,71,0.00142
94,France,Bosnia and Herzegovina,70,0.0014
94,Uzbekistan,United States,70,0.0014
94,United States,Australia,70,0.0014
94,France,Argentina,70,0.0014
94,Argentina,Tunisia,69,0.00138
94,Senegal,Japan,67,0.00134
94,Senegal,Bosnia and Herzegovina,66,0.00132
94,Jordan,Netherlands,66,0.00132
94,Algeria,Netherlands,66,0.00132
94,France,Switzerland,65,0.0013
94,Egypt,England,65,0.0013
94,Senegal,Netherlands,65,0.0013
94,Egypt,Algeria,65,0.0013
94,Colombia,Türkiye,64,0.00128
94,Jordan,Japan,64,0.00128
94,Bosnia and Herzegovina,United States,63,0.00126
94,Egypt,New Zealand,63,0.00126
94,New Zealand,Belgium,63,0.00126
94,Croatia,Türkiye,62,0.00124
94,France,Tunisia,62,0.00124
94,Norway,Netherlands,61,0.00122
94,New Zealand,Iran,60,0.0012
94,Egypt,Austria,60,0.0012
94,Jordan,Canada,60,0.0012
94,Norway,Canada,60,0.0012
94,Senegal,Sweden,59,0.00118
94,France,Canada,59,0.00118
94,France,Jordan,59,0.00118
94,Iran,Algeria,59,0.00118
94,Egypt,Colombia,58,0.00116
94,Argentina,Sweden,58,0.00116
94,Norway,Qatar,58,0.00116
94,France,Japan,58,0.00116
94,Iraq,Austria,58,0.00116
94,Qatar,United States,57,0.00114
94,Senegal,Qatar,57,0.00114
94,Jordan,Sweden,57,0.00114
94,England,Türkiye,56,0.00112
94,Iran,Austria,56,0.00112
94,Iran,DR Congo,55,0.0011
94,Switzerland,Türkiye,54,0.00108
94,Iran,New Zealand,54,0.00108
94,Egypt,DR Congo,54,0.00108
94,Argentina,Japan,54,0.00108
94,Iran,Croatia,53,0.00106
94,Norway,Tunisia,53,0.00106
94,Norway,Sweden,53,0.00106
94,Iran,Colombia,52,0.00104
94,Jordan,Tunisia,51,0.00102
94,Türkiye,Australia,51,0.00102
94,Norway,Japan,51,0.00102
94,Iraq,Algeria,50,0.001
94,Iran,Portugal,50,0.001
94,Egypt,Portugal,50,0.001
94,England,Australia,50,0.001
94,United States,Türkiye,49,0.00098
94,Jordan,Qatar,49,0.00098
94,Sweden,United States,49,0.00098
94,Iraq,Argentina,48,0.00096
94,Ghana,Türkiye,48,0.00096
94,Portugal,Australia,47,0.00094
94,Iran,England,46,0.00092
94,Iraq,Qatar,46,0.00092
94,Switzerland,Australia,46,0.00092
94,Algeria,Belgium,45,0.0009
94,Canada,Türkiye,45,0.0009
94,Iraq,Switzerland,45,0.0009
94,Iran,Ghana,45,0.0009
94,Netherlands,Türkiye,44,0.00088
94,France,Netherlands,43,0.00086
94,Japan,Türkiye,43,0.00086
94,France,Sweden,42,0.00084
94,New Zealand,Egypt,42,0.00084
94,New Zealand,DR Congo,42,0.00084
94,Algeria,Egypt,42,0.00084
94,Egypt,Argentina,41,0.00082
94,Panama,Türkiye,41,0.00082
94,Iran,Jordan,41,0.00082
94,Egypt,Croatia,41,0.00082
94,Austria,Egypt,41,0.00082
94,Iran,Argentina,41,0.00082
94,Japan,Australia,41,0.00082
94,Egypt,Ghana,40,0.0008
94,Iraq,Paraguay,40,0.0008
94,Austria,Croatia,40,0.0008
94,Iraq,Bosnia and Herzegovina,40,0.0008
94,Panama,Australia,40,0.0008
94,New Zealand,Colombia,40,0.0008
94,New Zealand,Algeria,39,0.00078
94,Argentina,Egypt,39,0.00078
94,Iraq,Jordan,39,0.00078
94,Egypt,Uzbekistan,39,0.00078
94,Ghana,Australia,39,0.00078
94,New Zealand,England,39,0.00078
94,Algeria,Uzbekistan,38,0.00076
94,Argentina,Belgium,38,0.00076
94,New Zealand,Croatia,38,0.00076
94,Bosnia and Herzegovina,Türkiye,38,0.00076
94,Colombia,Australia,37,0.00074
94,Egypt,Jordan,37,0.00074
94,Portugal,Türkiye,37,0.00074
94,France,Qatar,37,0.00074
94,Austria,Belgium,36,0.00072
94,Jordan,Belgium,36,0.00072
94,New Zealand,Austria,35,0.0007
94,Iraq,Tunisia,35,0.0007
94,Iran,Panama,35,0.0007
94,Netherlands,Australia,35,0.0007
94,Iraq,Japan,35,0.0007
94,Jordan,Croatia,35,0.0007
94,New Zealand,Portugal,35,0.0007
94,DR Congo,Türkiye,35,0.0007
94,New Zealand,Uzbekistan,34,0.00068
94,Iran,Uzbekistan,34,0.00068
94,Algeria,Portugal,34,0.00068
94,Egypt,Panama,33,0.00066
94,Austria,Colombia,33,0.00066
94,Paraguay,Türkiye,33,0.00066
94,Jordan,Egypt,32,0.00064
94,England,Switzerland,32,0.00064
94,Algeria,DR Congo,32,0.00064
94,Bosnia and Herzegovina,Australia,31,0.00062
94,Uzbekistan,Australia,31,0.00062
94,Algeria,Croatia,30,0.0006
94,Jordan,Iran,30,0.0006
94,DR Congo,Australia,30,0.0006
94,Austria,Iran,30,0.0006
94,Canada,Australia,30,0.0006
94,Sweden,Türkiye,30,0.0006
94,Austria,Portugal,30,0.0006
94,Austria,England,29,0.00058
94,Paraguay,Australia,29,0.00058
94,Algeria,England,29,0.00058
94,United States,Paraguay,29,0.00058
94,Argentina,England,29,0.00058
94,Iraq,Netherlands,29,0.00058
94,Austria,DR Congo,28,0.00056
94,Algeria,New Zealand,28,0.00056
94,Colombia,Canada,28,0.00056
94,Croatia,Bosnia and Herzegovina,27,0.00054
94,Algeria,Colombia,27,0.00054
94,Jordan,Colombia,27,0.00054
94,Iraq,Sweden,27,0.00054
94,Uzbekistan,Türkiye,27,0.00054
94,Ghana,Bosnia and Herzegovina,27,0.00054
94,New Zealand,Ghana,27,0.00054
94,Tunisia,Australia,26,0.00052
94,Croatia,Qatar,26,0.00052
94,Algeria,Ghana,26,0.00052
94,Argentina,Colombia,26,0.00052
94,Algeria,Iran,26,0.00052
94,New Zealand,Jordan,26,0.00052
94,Argentina,DR Congo,25,0.0005
94,Croatia,Canada,25,0.0005
94,England,Qatar,25,0.0005
94,New Zealand,Argentina,25,0.0005
94,Türkiye,Bosnia and Herzegovina,25,0.0005
94,Tunisia,Türkiye,25,0.0005
94,Austria,Ghana,25,0.0005
94,Norway,Egypt,25,0.0005
94,Colombia,Qatar,25,0.0005
94,Portugal,Switzerland,24,0.00048
94,Croatia,Paraguay,24,0.00048
94,Argentina,Iran,24,0.00048
94,Switzerland,Netherlands,24,0.00048
94,Colombia,Switzerland,24,0.00048
94,Algeria,Panama,23,0.00046
94,Argentina,Croatia,23,0.00046
94,England,Paraguay,23,0.00046
94,Türkiye,Switzerland,23,0.00046
94,Türkiye,Paraguay,23,0.00046
94,Croatia,Switzerland,23,0.00046
94,Panama,Bosnia and Herzegovina,23,0.00046
94,Jordan,DR Congo,22,0.00044
94,Sweden,Australia,22,0.00044
94,Tunisia,Switzerland,22,0.00044
94,Argentina,New Zealand,22,0.00044
94,Jordan,Portugal,22,0.00044
94,Portugal,Canada,22,0.00044
94,Portugal,Bosnia and Herzegovina,22,0.00044
94,Argentina,Panama,21,0.00042
94,Colombia,Bosnia and Herzegovina,21,0.00042
94,Paraguay,Switzerland,21,0.00042
94,Switzerland,Sweden,20,0.0004
94,Argentina,Portugal,20,0.0004
94,Australia,Qatar,20,0.0004
94,Croatia,Sweden,20,0.0004
94,Australia,Switzerland,20,0.0004
94,England,Bosnia and Herzegovina,20,0.0004
94,Norway,Belgium,20,0.0004
94,Jordan,England,19,0.00038
94,Canada,Tunisia,19,0.00038
94,Iraq,Canada,19,0.00038
94,Australia,Paraguay,19,0.00038
94,Qatar,Australia,19,0.00038
94,Switzerland,Japan,19,0.00038
94,Senegal,Egypt,19,0.00038
94,Ghana,Qatar,19,0.00038
94,New Zealand,Panama,19,0.00038
94,Austria,New Zealand,18,0.00036
94,Qatar,Türkiye,18,0.00036
94,Uzbekistan,Qatar,18,0.00036
94,Türkiye,Qatar,18,0.00036
94,Ghana,Paraguay,18,0.00036
94,Argentina,Uzbekistan,18,0.00036
94,Portugal,Sweden,18,0.00036
94,United States,Canada,18,0.00036
94,Austria,Panama,18,0.00036
94,Australia,Bosnia and Herzegovina,18,0.00036
94,Portugal,Qatar,17,0.00034
94,DR Congo,Bosnia and Herzegovina,17,0.00034
94,Argentina,Ghana,17,0.00034
94,Tunisia,Bosnia and Herzegovina,17,0.00034
94,Uzbekistan,Bosnia and Herzegovina,17,0.00034
94,Türkiye,Canada,17,0.00034
94,Bosnia and Herzegovina,Netherlands,16,0.00032
94,Switzerland,Paraguay,16,0.00032
94,DR Congo,Paraguay,16,0.00032
94,DR Congo,Canada,16,0.00032
94,Japan,Qatar,16,0.00032
94,Portugal,Paraguay,16,0.00032
94,Japan,Paraguay,16,0.00032
94,Colombia,Netherlands,16,0.00032
94,Netherlands,Paraguay,16,0.00032
94,England,Tunisia,16,0.00032
94,Norway,Portugal,16,0.00032
94,Switzerland,Tunisia,16,0.00032
94,United States,Bosnia and Herzegovina,16,0.00032
94,Japan,Switzerland,16,0.00032
94,England,Canada,15,0.0003
94,Panama,Switzerland,15,0.0003
94,Jordan,New Zealand,15,0.0003
94,Canada,Sweden,15,0.0003
94,Senegal,Belgium,15,0.0003
94,Panama,Paraguay,15,0.0003
94,Ghana,Sweden,15,0.0003
94,Bosnia and Herzegovina,Tunisia,15,0.0003
94,Netherlands,Switzerland,15,0.0003
94,Netherlands,Bosnia and Herzegovina,15,0.0003
94,Bosnia and Herzegovina,Sweden,15,0.0003
94,Netherlands,Qatar,15,0.0003
94,Austria,Uzbekistan,14,0.00028
94,Ghana,Tunisia,14,0.00028
94,DR Congo,Qatar,14,0.00028
94,Norway,Croatia,14,0.00028
94,France,Belgium,14,0.00028
94,Switzerland,DR Congo,14,0.00028
94,Colombia,Paraguay,14,0.00028
94,DR Congo,Japan,14,0.00028
94,Jordan,Panama,14,0.00028
94,United States,Switzerland,14,0.00028
94,Colombia,Tunisia,14,0.00028
94,Senegal,Croatia,14,0.00028
94,Türkiye,Tunisia,14,0.00028
94,DR Congo,Switzerland,13,0.00026
94,Switzerland,Belgium,13,0.00026
94,Norway,Iran,13,0.00026
94,Japan,Egypt,13,0.00026
94,Senegal,New Zealand,13,0.00026
94,Jordan,Uzbekistan,13,0.00026
94,Bosnia and Herzegovina,Iran,13,0.00026
94,Netherlands,Croatia,13,0.00026
94,Switzerland,New Zealand,13,0.00026
94,Ghana,Switzerland,13,0.00026
94,Japan,Bosnia and Herzegovina,13,0.00026
94,Ghana,Japan,13,0.00026
94,Croatia,Tunisia,13,0.00026
94,Croatia,Netherlands,13,0.00026
94,Switzerland,Croatia,13,0.00026
94,Senegal,Portugal,13,0.00026
94,Bosnia and Herzegovina,Japan,12,0.00024
94,France,Portugal,12,0.00024
94,Panama,Netherlands,12,0.00024
94,Paraguay,Qatar,12,0.00024
94,Paraguay,Bosnia and Herzegovina,12,0.00024
94,Portugal,Japan,12,0.00024
94,Uzbekistan,Canada,12,0.00024
94,Ghana,Canada,12,0.00024
94,Canada,Netherlands,12,0.00024
94,United States,Qatar,12,0.00024
94,Sweden,Canada,12,0.00024
94,Jordan,Ghana,12,0.00024
94,Senegal,Colombia,12,0.00024
94,Canada,Paraguay,12,0.00024
94,England,Netherlands,12,0.00024
94,Uzbekistan,Switzerland,12,0.00024
94,Senegal,England,11,0.00022
94,Colombia,Sweden,11,0.00022
94,Portugal,Netherlands,11,0.00022
94,Australia,Sweden,11,0.00022
94,Netherlands,Belgium,11,0.00022
94,Senegal,DR Congo,11,0.00022
94,Portugal,Tunisia,11,0.00022
94,Panama,Canada,11,0.00022
94,Iraq,Egypt,11,0.00022
94,Australia,Canada,11,0.00022
94,Senegal,Iran,11,0.00022
94,Türkiye,Netherlands,11,0.00022
94,Senegal,Ghana,11,0.00022
94,Türkiye,Japan,10,0.0002
94,France,Ghana,10,0.0002
94,Sweden,Bosnia and Herzegovina,10,0.0002
94,Switzerland,Panama,10,0.0002
94,Qatar,Tunisia,10,0.0002
94,Norway,DR Congo,10,0.0002
94,Panama,Sweden,10,0.0002
94,Panama,Qatar,10,0.0002
94,Canada,Japan,10,0.0002
94,Canada,Colombia,10,0.0002
94,Switzerland,Iran,10,0.0002
94,DR Congo,Tunisia,10,0.0002
94,Panama,Tunisia,10,0.0002
94,Australia,Netherlands,9,0.00018
94,Norway,Uzbekistan,9,0.00018
94,United States,Japan,9,0.00018
94,Qatar,Netherlands,9,0.00018
94,United States,Tunisia,9,0.00018
94,France,New Zealand,9,0.00018
94,Uzbekistan,Paraguay,9,0.00018
94,France,Egypt,9,0.00018
94,Croatia,Japan,9,0.00018
94,Qatar,Paraguay,9,0.00018
94,Netherlands,DR Congo,9,0.00018
94,Switzerland,Egypt,9,0.00018
94,Sweden,Switzerland,9,0.00018
94,Netherlands,New Zealand,9,0.00018
94,Paraguay,Netherlands,9,0.00018
94,Iraq,Belgium,9,0.00018
94,Paraguay,Canada,9,0.00018
94,Qatar,Iran,9,0.00018
94,Japan,Colombia,9,0.00018
94,Netherlands,Canada,8,0.00016
94,Switzerland,Portugal,8,0.00016
94,Japan,DR Congo,8,0.00016
94,Tunisia,Qatar,8,0.00016
94,Tunisia,Paraguay,8,0.00016
94,Iraq,Iran,8,0.00016
94,England,Japan,8,0.00016
94,France,Iran,8,0.00016
94,United States,Netherlands,8,0.00016
94,Australia,Japan,8,0.00016
94,Senegal,Uzbekistan,8,0.00016
94,Switzerland,England,8,0.00016
94,Japan,Canada,8,0.00016
94,Canada,DR Congo,8,0.00016
94,Netherlands,Uzbekistan,8,0.00016
94,France,DR Congo,8,0.00016
94,Qatar,Sweden,8,0.00016
94,Uzbekistan,Netherlands,8,0.00016
94,Australia,Tunisia,8,0.00016
94,Norway,New Zealand,8,0.00016
94,Ghana,Netherlands,8,0.00016
94,Sweden,Qatar,8,0.00016
94,France,England,8,0.00016
94,Norway,England,8,0.00016
94,Norway,Colombia,8,0.00016
94,Netherlands,Egypt,7,0.00014
94,England,Sweden,7,0.00014
94,Türkiye,Sweden,7,0.00014
94,Canada,Croatia,7,0.00014
94,Iraq,Uzbekistan,7,0.00014
94,Sweden,Belgium,7,0.00014
94,Qatar,Croatia,7,0.00014
94,Netherlands,Iran,7,0.00014
94,Croatia,Egypt,7,0.00014
94,Bosnia and Herzegovina,Paraguay,7,0.00014
94,Uzbekistan,Sweden,7,0.00014
94,Senegal,Panama,7,0.00014
94,Canada,England,7,0.00014
94,United States,Croatia,7,0.00014
94,France,Panama,7,0.00014
94,Japan,New Zealand,7,0.00014
94,Colombia,Japan,7,0.00014
94,Tunisia,Belgium,7,0.00014
94,Japan,Ghana,7,0.00014
94,Paraguay,Sweden,7,0.00014
94,Canada,Egypt,7,0.00014
94,Qatar,Japan,6,0.00012
94,Iraq,Croatia,6,0.00012
94,United States,Colombia,6,0.00012
94,France,Uzbekistan,6,0.00012
94,Japan,Belgium,6,0.00012
94,Bosnia and Herzegovina,Colombia,6,0.00012
94,Paraguay,Japan,6,0.00012
94,France,Colombia,6,0.00012
94,Japan,Croatia,6,0.00012
94,DR Congo,Netherlands,6,0.00012
94,Norway,Panama,6,0.00012
94,Iraq,Panama,6,0.00012
94,Iraq,Portugal,6,0.00012
94,Bosnia and Herzegovina,DR Congo,6,0.00012
94,Switzerland,Colombia,6,0.00012
94,Sweden,Egypt,6,0.00012
94,Switzerland,Uzbekistan,6,0.00012
94,Tunisia,DR Congo,5,0.0001
94,Australia,Belgium,5,0.0001
94,Canada,Panama,5,0.0001
94,Uzbekistan,Tunisia,5,0.0001
94,Norway,Ghana,5,0.0001
94,Tunisia,Croatia,5,0.0001
94,Canada,Iran,5,0.0001
94,Netherlands,Panama,5,0.0001
94,Bosnia and Herzegovina,Belgium,5,0.0001
94,DR Congo,Sweden,5,0.0001
94,Paraguay,Tunisia,5,0.0001
94,Bosnia and Herzegovina,New Zealand,5,0.0001
94,Bosnia and Herzegovina,Croatia,5,0.0001
94,Bosnia and Herzegovina,Egypt,5,0.0001
94,Iraq,England,5,0.0001
94,Canada,Belgium,5,0.0001
94,Croatia,Iran,5,0.0001
94,Türkiye,Croatia,5,0.0001
94,Sweden,Croatia,5,0.0001
94,Croatia,Portugal,5,0.0001
94,Bosnia and Herzegovina,England,5,0.0001
94,United States,Sweden,5,0.0001
94,Panama,Japan,5,0.0001
94,Croatia,Colombia,5,0.0001
94,Uzbekistan,Japan,5,0.0001
94,Türkiye,England,5,0.0001
94,Australia,Egypt,5,0.0001
94,United States,England,4,8e-05
94,Uzbekistan,Belgium,4,8e-05
94,Japan,England,4,8e-05
94,Bosnia and Herzegovina,Ghana,4,8e-05
94,Switzerland,Ghana,4,8e-05
94,Canada,New Zealand,4,8e-05
94,Paraguay,Ghana,4,8e-05
94,Qatar,DR Congo,4,8e-05
94,Australia,Croatia,4,8e-05
94,Tunisia,Portugal,4,8e-05
94,Sweden,Colombia,4,8e-05
94,Tunisia,New Zealand,4,8e-05
94,Türkiye,Belgium,4,8e-05
94,Canada,Uzbekistan,4,8e-05
94,Iraq,Ghana,4,8e-05
94,DR Congo,Ghana,4,8e-05
94,England,New Zealand,4,8e-05
94,Paraguay,Iran,4,8e-05
94,Qatar,England,4,8e-05
94,Iraq,DR Congo,4,8e-05
94,France,Croatia,4,8e-05
94,Japan,Portugal,4,8e-05
94,Sweden,Paraguay,4,8e-05
94,Portugal,Iran,4,8e-05
94,Sweden,England,4,8e-05
94,Türkiye,Egypt,4,8e-05
94,Bosnia and Herzegovina,Portugal,4,8e-05
94,Qatar,Egypt,4,8e-05
94,Portugal,Egypt,4,8e-05
94,United States,DR Congo,4,8e-05
94,Japan,Iran,4,8e-05
94,Türkiye,Iran,4,8e-05
94,Netherlands,England,4,8e-05
94,Ghana,DR Congo,4,8e-05
94,Tunisia,Canada,3,6e-05
94,Ghana,Iran,3,6e-05
94,Colombia,Egypt,3,6e-05
94,Netherlands,Portugal,3,6e-05
94,Türkiye,Ghana,3,6e-05
94,Tunisia,Ghana,3,6e-05
94,Paraguay,DR Congo,3,6e-05
94,Paraguay,Egypt,3,6e-05
94,Türkiye,DR Congo,3,6e-05
94,Ghana,New Zealand,3,6e-05
94,Ghana,Egypt,3,6e-05
94,Croatia,Belgium,3,6e-05
94,Sweden,Panama,3,6e-05
94,Australia,Portugal,3,6e-05
94,United States,Iran,3,6e-05
94,Tunisia,Colombia,3,6e-05
94,Japan,Panama,3,6e-05
94,Sweden,DR Congo,3,6e-05
94,Qatar,Uzbekistan,3,6e-05
94,DR Congo,Iran,3,6e-05
94,Croatia,Uzbekistan,3,6e-05
94,Colombia,Ghana,3,6e-05
94,Tunisia,Egypt,3,6e-05
94,Portugal,Ghana,3,6e-05
94,Netherlands,Ghana,3,6e-05
94,Sweden,Uzbekistan,3,6e-05
94,United States,Belgium,3,6e-05
94,Australia,Panama,3,6e-05
94,Qatar,Panama,3,6e-05
94,Australia,DR Congo,3,6e-05
94,Croatia,New Zealand,3,6e-05
94,Portugal,New Zealand,3,6e-05
94,Bosnia and Herzegovina,Panama,3,6e-05
94,Paraguay,Uzbekistan,3,6e-05
94,Tunisia,Iran,3,6e-05
94,United States,Uzbekistan,3,6e-05
94,Tunisia,Uzbekistan,3,6e-05
94,Qatar,Portugal,3,6e-05
94,Qatar,Belgium,3,6e-05
94,Portugal,Croatia,3,6e-05
94,DR Congo,Panama,3,6e-05
94,England,Belgium,3,6e-05
94,Iraq,Colombia,3,6e-05
94,Türkiye,Uzbekistan,2,4e-05
94,Croatia,DR Congo,2,4e-05
94,Tunisia,England,2,4e-05
94,Canada,Ghana,2,4e-05
94,England,Colombia,2,4e-05
94,England,DR Congo,2,4e-05
94,Sweden,Portugal,2,4e-05
94,Paraguay,New Zealand,2,4e-05
94,Uzbekistan,Croatia,2,4e-05
94,Sweden,Ghana,2,4e-05
94,Portugal,Belgium,2,4e-05
94,Paraguay,Portugal,2,4e-05
94,Colombia,Croatia,2,4e-05
94,Qatar,Colombia,2,4e-05
94,DR Congo,Croatia,2,4e-05
94,Colombia,Iran,2,4e-05
94,Panama,Egypt,2,4e-05
94,Australia,Iran,2,4e-05
94,Japan,Uzbekistan,2,4e-05
94,Uzbekistan,Ghana,2,4e-05
94,Paraguay,Croatia,2,4e-05
94,Türkiye,Colombia,2,4e-05
94,Iraq,New Zealand,2,4e-05
94,Canada,Portugal,2,4e-05
94,United States,Portugal,2,4e-05
94,Colombia,Belgium,2,4e-05
94,Türkiye,Panama,2,4e-05
94,DR Congo,New Zealand,2,4e-05
94,Australia,Uzbekistan,2,4e-05
94,Panama,New Zealand,2,4e-05
94,Netherlands,Colombia,2,4e-05
94,England,Iran,1,2e-05
94,DR Congo,Belgium,1,2e-05
94,Tunisia,Panama,1,2e-05
94,Sweden,New Zealand,1,2e-05
94,Australia,Ghana,1,2e-05
94,DR Congo,Egypt,1,2e-05
94,United States,Egypt,1,2e-05
94,Panama,Uzbekistan,1,2e-05
94,Türkiye,New Zealand,1,2e-05
94,Qatar,New Zealand,1,2e-05
94,Australia,New Zealand,1,2e-05
94,Paraguay,Panama,1,2e-05
94,Panama,DR Congo,1,2e-05
94,Uzbekistan,Panama,1,2e-05
94,Paraguay,Colombia,1,2e-05
94,Sweden,Iran,1,2e-05
94,Türkiye,Portugal,1,2e-05
94,Colombia,New Zealand,1,2e-05
94,Portugal,Panama,1,2e-05
94,Ghana,Portugal,1,2e-05
94,Bosnia and Herzegovina,Uzbekistan,1,2e-05
94,Australia,Colombia,1,2e-05
94,United States,New Zealand,1,2e-05
94,Panama,Belgium,1,2e-05
94,Australia,England,1,2e-05
94,Uzbekistan,Egypt,1,2e-05
94,Uzbekistan,Iran,1,2e-05
94,Panama,Portugal,1,2e-05
94,Paraguay,Belgium,1,2e-05
95,Belgium,Portugal,3571,0.07142
95,Türkiye,Portugal,3006,0.06012
95,United States,Portugal,2953,0.05906
95,Egypt,Portugal,2896,0.05792
95,Australia,Portugal,2882,0.05764
95,Iran,Portugal,2696,0.05392
95,New Zealand,Portugal,2227,0.04454
95,Paraguay,Portugal,1674,0.03348
95,Belgium,Colombia,1476,0.02952
95,Türkiye,Colombia,1256,0.02512
95,United States,Colombia,1229,0.02458
95,Egypt,Colombia,1160,0.0232
95,Australia,Colombia,1151,0.02302
95,Iran,Colombia,1057,0.02114
95,New Zealand,Colombia,854,0.01708
95,Belgium,DR Congo,761,0.01522
95,Paraguay,Colombia,650,0.013
95,Türkiye,DR Congo,642,0.01284
95,Australia,DR Congo,617,0.01234
95,Egypt,DR Congo,582,0.01164
95,United States,DR Congo,566,0.01132
95,Iran,DR Congo,545,0.0109
95,Belgium,Uzbekistan,540,0.0108
95,United States,Uzbekistan,451,0.00902
95,Türkiye,Uzbekistan,447,0.00894
95,New Zealand,DR Congo,433,0.00866
95,Australia,Uzbekistan,413,0.00826
95,Iran,Uzbekistan,406,0.00812
95,Egypt,Uzbekistan,401,0.00802
95,Belgium,Croatia,363,0.00726
95,Paraguay,DR Congo,362,0.00724
95,New Zealand,Uzbekistan,321,0.00642
95,Egypt,Croatia,311,0.00622
95,United States,Croatia,291,0.00582
95,Türkiye,Croatia,289,0.00578
95,Iran,Croatia,289,0.00578
95,Belgium,Ghana,288,0.00576
95,Australia,Croatia,269,0.00538
95,Türkiye,Ghana,242,0.00484
95,Belgium,Panama,238,0.00476
95,United States,Panama,235,0.0047
95,Australia,Türkiye,233,0.00466
95,Australia,Ghana,231,0.00462
95,Egypt,Panama,230,0.0046
95,Egypt,Ghana,230,0.0046
95,Paraguay,Uzbekistan,227,0.00454
95,Iran,Ghana,222,0.00444
95,New Zealand,Croatia,218,0.00436
95,United States,Ghana,216,0.00432
95,Belgium,England,214,0.00428
95,Türkiye,Panama,213,0.00426
95,Türkiye,England,207,0.00414
95,Türkiye,Australia,205,0.0041
95,Egypt,England,193,0.00386
95,Australia,Panama,192,0.00384
95,Iran,Panama,191,0.00382
95,Belgium,Australia,189,0.00378
95,United States,Türkiye,181,0.00362
95,United States,England,179,0.00358
95,New Zealand,Ghana,170,0.0034
95,Belgium,Türkiye,168,0.00336
95,United States,Australia,168,0.00336
95,Iran,Türkiye,168,0.00336
95,Iran,England,166,0.00332
95,Australia,England,164,0.00328
95,Paraguay,Croatia,163,0.00326
95,New Zealand,Panama,162,0.00324
95,Egypt,Türkiye,157,0.00314
95,United States,Paraguay,153,0.00306
95,New Zealand,England,145,0.0029
95,Australia,Paraguay,142,0.00284
95,Egypt,Australia,140,0.0028
95,Paraguay,Ghana,137,0.00274
95,Türkiye,Paraguay,136,0.00272
95,Australia,United States,135,0.0027
95,Belgium,Paraguay,135,0.0027
95,Iran,Australia,132,0.00264
95,Paraguay,Australia,131,0.00262
95,Türkiye,United States,127,0.00254
95,New Zealand,Australia,123,0.00246
95,Paraguay,Türkiye,118,0.00236
95,New Zealand,Türkiye,114,0.00228
95,Egypt,United States,109,0.00218
95,Egypt,Paraguay,102,0.00204
95,Paraguay,Panama,101,0.00202
95,Iran,Paraguay,98,0.00196
95,Paraguay,England,96,0.00192
95,Belgium,United States,88,0.00176
95,New Zealand,Paraguay,88,0.00176
95,Paraguay,United States,87,0.00174
95,New Zealand,United States,83,0.00166
95,Iran,United States,78,0.00156
95,Belgium,Iran,35,0.0007
95,Egypt,Iran,30,0.0006
95,Belgium,New Zealand,27,0.00054
95,Egypt,New Zealand,26,0.00052
95,Belgium,Algeria,25,0.0005
95,United States,New Zealand,24,0.00048
95,New Zealand,Iran,24,0.00048
95,Belgium,Austria,23,0.00046
95,United States,Egypt,23,0.00046
95,Iran,Egypt,21,0.00042
95,Belgium,Egypt,20,0.0004
95,Australia,New Zealand,20,0.0004
95,Egypt,Belgium,20,0.0004
95,New Zealand,Belgium,20,0.0004
95,Belgium,Argentina,19,0.00038
95,United States,Austria,19,0.00038
95,Australia,Argentina,18,0.00036
95,New Zealand,Egypt,18,0.00036
95,Türkiye,Austria,18,0.00036
95,Australia,Egypt,17,0.00034
95,Türkiye,Iran,16,0.00032
95,Iran,Belgium,16,0.00032
95,Iran,New Zealand,16,0.00032
95,United States,Iran,16,0.00032
95,Türkiye,Egypt,16,0.00032
95,United States,Belgium,16,0.00032
95,Australia,Austria,15,0.0003
95,Iran,Austria,15,0.0003
95,Belgium,Jordan,15,0.0003
95,Türkiye,Belgium,15,0.0003
95,Türkiye,New Zealand,15,0.0003
95,New Zealand,Austria,14,0.00028
95,Egypt,Austria,14,0.00028
95,Paraguay,Belgium,14,0.00028
95,Australia,Iran,13,0.00026
95,Türkiye,Algeria,13,0.00026
95,Paraguay,Egypt,12,0.00024
95,Australia,Belgium,12,0.00024
95,United States,Argentina,12,0.00024
95,Iran,Argentina,11,0.00022
95,Paraguay,Jordan,11,0.00022
95,Paraguay,Iran,11,0.00022
95,Paraguay,Argentina,11,0.00022
95,Egypt,Jordan,11,0.00022
95,United States,Algeria,10,0.0002
95,United States,Jordan,10,0.0002
95,New Zealand,Algeria,10,0.0002
95,Australia,Jordan,10,0.0002
95,Türkiye,Argentina,9,0.00018
95,Paraguay,Austria,9,0.00018
95,Iran,Algeria,9,0.00018
95,New Zealand,Argentina,9,0.00018
95,Australia,Algeria,9,0.00018
95,Paraguay,Algeria,8,0.00016
95,Iran,Jordan,8,0.00016
95,Paraguay,New Zealand,8,0.00016
95,Egypt,Argentina,6,0.00012
95,Türkiye,Jordan,6,0.00012
95,New Zealand,Jordan,4,8e-05
95,Egypt,Algeria,3,6e-05
96,Canada,Argentina,4041,0.08082
96,Switzerland,Argentina,3316,0.06632
96,Canada,Uruguay,2050,0.041
96,Switzerland,Uruguay,1744,0.03488
96,Canada,Spain,1402,0.02804
96,Iran,Argentina,1241,0.02482
96,Canada,Algeria,1221,0.02442
96,Egypt,Argentina,1199,0.02398
96,Switzerland,Spain,1166,0.02332
96,Canada,Austria,1096,0.02192
96,Belgium,Argentina,1065,0.0213
96,New Zealand,Argentina,997,0.01994
96,Switzerland,Algeria,992,0.01984
96,Canada,Saudi Arabia,914,0.01828
96,Switzerland,Austria,876,0.01752
96,Switzerland,Saudi Arabia,715,0.0143
96,Canada,Cape Verde,666,0.01332
96,Egypt,Uruguay,573,0.01146
96,Canada,Jordan,564,0.01128
96,Iran,Uruguay,559,0.01118
96,Bosnia and Herzegovina,Argentina,535,0.0107
96,New Zealand,Uruguay,511,0.01022
96,Switzerland,Cape Verde,501,0.01002
96,Belgium,Uruguay,500,0.01
96,Qatar,Argentina,461,0.00922
96,Egypt,Spain,394,0.00788
96,Belgium,Spain,393,0.00786
96,Switzerland,Jordan,379,0.00758
96,New Zealand,Spain,375,0.0075
96,Iran,Spain,375,0.0075
96,Egypt,Algeria,365,0.0073
96,Colombia,Argentina,358,0.00716
96,DR Congo,Argentina,349,0.00698
96,Iran,Algeria,343,0.00686
96,Croatia,Argentina,329,0.00658
96,Belgium,Algeria,322,0.00644
96,Iran,Austria,319,0.00638
96,Egypt,Austria,316,0.00632
96,New Zealand,Algeria,295,0.0059
96,Egypt,Saudi Arabia,289,0.00578
96,New Zealand,Austria,289,0.00578
96,Portugal,Argentina,284,0.00568
96,Belgium,Saudi Arabia,282,0.00564
96,Belgium,Austria,281,0.00562
96,Ghana,Argentina,268,0.00536
96,Bosnia and Herzegovina,Uruguay,264,0.00528
96,New Zealand,Saudi Arabia,261,0.00522
96,Iran,Saudi Arabia,252,0.00504
96,Uzbekistan,Argentina,243,0.00486
96,Panama,Argentina,242,0.00484
96,England,Argentina,236,0.00472
96,Tunisia,Argentina,222,0.00444
96,Iran,Cape Verde,221,0.00442
96,Türkiye,Argentina,218,0.00436
96,Qatar,Uruguay,213,0.00426
96,Australia,Argentina,209,0.00418
96,Belgium,Cape Verde,204,0.00408
96,Egypt,Cape Verde,190,0.0038
96,Netherlands,Argentina,188,0.00376
96,Japan,Argentina,178,0.00356
96,Colombia,Uruguay,176,0.00352
96,Croatia,Uruguay,174,0.00348
96,New Zealand,Cape Verde,173,0.00346
96,Sweden,Argentina,168,0.00336
96,Paraguay,Argentina,165,0.0033
96,Bosnia and Herzegovina,Spain,164,0.00328
96,DR Congo,Uruguay,159,0.00318
96,Bosnia and Herzegovina,Algeria,154,0.00308
96,Egypt,Jordan,151,0.00302
96,Qatar,Spain,151,0.00302
96,Iran,Jordan,148,0.00296
96,Belgium,Jordan,138,0.00276
96,Ghana,Uruguay,135,0.0027
96,Qatar,Algeria,134,0.00268
96,Portugal,Uruguay,134,0.00268
96,United States,Argentina,131,0.00262
96,Uzbekistan,Uruguay,131,0.00262
96,Bosnia and Herzegovina,Austria,128,0.00256
96,Austria,Argentina,126,0.00252
96,England,Uruguay,126,0.00252
96,New Zealand,Jordan,125,0.0025
96,Croatia,Algeria,124,0.00248
96,Croatia,Spain,124,0.00248
96,Colombia,Spain,119,0.00238
96,Portugal,Spain,119,0.00238
96,DR Congo,Spain,116,0.00232
96,Colombia,Algeria,114,0.00228
96,Türkiye,Uruguay,112,0.00224
96,Panama,Uruguay,112,0.00224
96,Bosnia and Herzegovina,Saudi Arabia,110,0.0022
96,Qatar,Austria,103,0.00206
96,Croatia,Austria,103,0.00206
96,Uzbekistan,Spain,103,0.00206
96,Netherlands,Uruguay,102,0.00204
96,Japan,Uruguay,101,0.00202
96,DR Congo,Algeria,100,0.002
96,Qatar,Saudi Arabia,100,0.002
96,Australia,Uruguay,99,0.00198
96,Colombia,Saudi Arabia,98,0.00196
96,Algeria,Argentina,96,0.00192
96,Colombia,Austria,94,0.00188
96,DR Congo,Saudi Arabia,92,0.00184
96,Jordan,Argentina,92,0.00184
96,Panama,Spain,91,0.00182
96,Ghana,Spain,89,0.00178
96,Sweden,Uruguay,88,0.00176
96,England,Spain,87,0.00174
96,DR Congo,Austria,85,0.0017
96,Croatia,Saudi Arabia,84,0.00168
96,Qatar,Cape Verde,83,0.00166
96,Bosnia and Herzegovina,Cape Verde,83,0.00166
96,Tunisia,Uruguay,82,0.00164
96,Panama,Algeria,82,0.00164
96,Ghana,Algeria,82,0.00164
96,Netherlands,Algeria,81,0.00162
96,United States,Uruguay,81,0.00162
96,Netherlands,Spain,80,0.0016
96,Australia,Spain,79,0.00158
96,Uzbekistan,Algeria,79,0.00158
96,Tunisia,Spain,76,0.00152
96,Paraguay,Uruguay,76,0.00152
96,Portugal,Algeria,75,0.0015
96,Uzbekistan,Austria,74,0.00148
96,Sweden,Spain,74,0.00148
96,Bosnia and Herzegovina,Jordan,74,0.00148
96,Japan,Spain,71,0.00142
96,Portugal,Austria,69,0.00138
96,Türkiye,Spain,68,0.00136
96,Portugal,Saudi Arabia,67,0.00134
96,Colombia,Cape Verde,65,0.0013
96,Sweden,Algeria,65,0.0013
96,England,Algeria,64,0.00128
96,Türkiye,Austria,63,0.00126
96,Uzbekistan,Saudi Arabia,63,0.00126
96,Tunisia,Algeria,62,0.00124
96,Ghana,Saudi Arabia,62,0.00124
96,Ghana,Austria,61,0.00122
96,England,Austria,60,0.0012
96,Argentina,Algeria,60,0.0012
96,Ghana,Cape Verde,60,0.0012
96,Panama,Saudi Arabia,59,0.00118
96,Panama,Austria,59,0.00118
96,Paraguay,Spain,59,0.00118
96,England,Saudi Arabia,58,0.00116
96,Paraguay,Algeria,58,0.00116
96,Türkiye,Algeria,58,0.00116
96,Argentina,Uruguay,58,0.00116
96,United States,Spain,56,0.00112
96,DR Congo,Cape Verde,55,0.0011
96,Netherlands,Austria,55,0.0011
96,Qatar,Jordan,55,0.0011
96,Tunisia,Austria,54,0.00108
96,Australia,Algeria,54,0.00108
96,Australia,Saudi Arabia,53,0.00106
96,Portugal,Cape Verde,53,0.00106
96,Austria,Algeria,52,0.00104
96,Croatia,Cape Verde,52,0.00104
96,Japan,Austria,52,0.00104
96,Australia,Austria,52,0.00104
96,Tunisia,Saudi Arabia,51,0.00102
96,Japan,Algeria,50,0.001
96,Portugal,Jordan,48,0.00096
96,United States,Algeria,47,0.00094
96,Algeria,Uruguay,46,0.00092
96,Austria,Uruguay,45,0.0009
96,Netherlands,Saudi Arabia,45,0.0009
96,England,Cape Verde,44,0.00088
96,Türkiye,Saudi Arabia,44,0.00088
96,Sweden,Saudi Arabia,43,0.00086
96,Algeria,Austria,42,0.00084
96,Uzbekistan,Cape Verde,42,0.00084
96,DR Congo,Jordan,42,0.00084
96,Algeria,Spain,41,0.00082
96,Paraguay,Austria,41,0.00082
96,Croatia,Jordan,41,0.00082
96,Colombia,Jordan,40,0.0008
96,Sweden,Austria,40,0.0008
96,Japan,Saudi Arabia,40,0.0008
96,Jordan,Uruguay,39,0.00078
96,Austria,Spain,39,0.00078
96,Argentina,Austria,37,0.00074
96,United States,Saudi Arabia,37,0.00074
96,Paraguay,Saudi Arabia,36,0.00072
96,Netherlands,Cape Verde,35,0.0007
96,Australia,Cape Verde,35,0.0007
96,Panama,Cape Verde,35,0.0007
96,Tunisia,Cape Verde,34,0.00068
96,Türkiye,Cape Verde,33,0.00066
96,Türkiye,Jordan,33,0.00066
96,Panama,Jordan,33,0.00066
96,Sweden,Cape Verde,32,0.00064
96,Paraguay,Cape Verde,31,0.00062
96,United States,Austria,31,0.00062
96,Argentina,Spain,30,0.0006
96,Japan,Cape Verde,30,0.0006
96,Sweden,Jordan,29,0.00058
96,Jordan,Spain,29,0.00058
96,Japan,Jordan,28,0.00056
96,Uzbekistan,Jordan,27,0.00054
96,Tunisia,Jordan,26,0.00052
96,England,Jordan,24,0.00048
96,Australia,Jordan,24,0.00048
96,Netherlands,Jordan,24,0.00048
96,Argentina,Jordan,23,0.00046
96,Jordan,Algeria,23,0.00046
96,Ghana,Jordan,23,0.00046
96,United States,Cape Verde,21,0.00042
96,Argentina,Saudi Arabia,21,0.00042
96,Austria,Saudi Arabia,21,0.00042
96,United States,Jordan,20,0.0004
96,Algeria,Saudi Arabia,19,0.00038
96,Argentina,Cape Verde,19,0.00038
96,Algeria,Cape Verde,18,0.00036
96,Paraguay,Jordan,17,0.00034
96,Algeria,Jordan,16,0.00032
96,Austria,Jordan,15,0.0003
96,Austria,Cape Verde,14,0.00028
96,Jordan,Austria,13,0.00026
96,Jordan,Saudi Arabia,11,0.00022
96,Jordan,Cape Verde,11,0.00022
97,Germany,Morocco,1892,0.03784
97,Germany,Brazil,1818,0.03636
97,Germany,France,1685,0.0337
97,Germany,Netherlands,1432,0.02864
97,Germany,Japan,1428,0.02856
97,Germany,Norway,1290,0.0258
97,Germany,Senegal,1054,0.02108
97,Germany,Côte d'Ivoire,988,0.01976
97,South Korea,Brazil,851,0.01702
97,South Korea,Morocco,824,0.01648
97,South Korea,France,806,0.01612
97,Germany,Ecuador,795,0.0159
97,Switzerland,Brazil,713,0.01426
97,Switzerland,Morocco,709,0.01418
97,Mexico,Morocco,687,0.01374
97,Mexico,France,658,0.01316
97,Mexico,Brazil,625,0.0125
97,South Korea,Netherlands,612,0.01224
97,South Korea,Germany,605,0.0121
97,South Korea,Japan,600,0.012
97,Mexico,Netherlands,575,0.0115
97,South Korea,Norway,571,0.01142
97,Switzerland,Japan,567,0.01134
97,Switzerland,France,560,0.0112
97,Switzerland,Netherlands,547,0.01094
97,Côte d'Ivoire,Germany,546,0.01092
97,Switzerland,Norway,526,0.01052
97,Mexico,Norway,514,0.01028
97,Canada,Morocco,512,0.01024
97,Mexico,Japan,512,0.01024
97,Mexico,Germany,493,0.00986
97,Switzerland,Germany,473,0.00946
97,Canada,Brazil,465,0.0093
97,Canada,France,441,0.00882
97,Canada,Japan,438,0.00876
97,South Korea,Senegal,434,0.00868
97,Switzerland,Senegal,427,0.00854
97,Czechia,Morocco,420,0.0084
97,Côte d'Ivoire,Brazil,390,0.0078
97,Mexico,Senegal,387,0.00774
97,Côte d'Ivoire,Morocco,386,0.00772
97,Canada,Germany,383,0.00766
97,Czechia,Brazil,380,0.0076
97,Canada,Netherlands,354,0.00708
97,Czechia,France,347,0.00694
97,Canada,Norway,341,0.00682
97,Côte d'Ivoire,France,340,0.0068
97,Germany,Tunisia,339,0.00678
97,Ecuador,Germany,326,0.00652
97,Czechia,Japan,323,0.00646
97,Germany,Curaçao,312,0.00624
97,Czechia,Germany,311,0.00622
97,South Korea,Côte d'Ivoire,309,0.00618
97,South Africa,Brazil,297,0.00594
97,Czechia,Netherlands,294,0.00588
97,Côte d'Ivoire,Japan,292,0.00584
97,Côte d'Ivoire,Netherlands,291,0.00582
97,South Africa,Morocco,288,0.00576
97,South Korea,Ecuador,281,0.00562
97,Mexico,Côte d'Ivoire,280,0.0056
97,Canada,Senegal,279,0.00558
97,South Africa,France,275,0.0055
97,Czechia,Norway,272,0.00544
97,Switzerland,Côte d'Ivoire,270,0.0054
97,Germany,Sweden,269,0.00538
97,Côte d'Ivoire,Norway,258,0.00516
97,Ecuador,Brazil,257,0.00514
97,South Africa,Netherlands,255,0.0051
97,Switzerland,Ecuador,248,0.00496
97,Ecuador,Morocco,238,0.00476
97,South Africa,Germany,236,0.00472
97,Mexico,Ecuador,223,0.00446
97,Ecuador,France,220,0.0044
97,South Africa,Japan,217,0.00434
97,Germany,Iraq,216,0.00432
97,South Africa,Norway,202,0.00404
97,Côte d'Ivoire,Senegal,195,0.0039
97,South Africa,Senegal,194,0.00388
97,Czechia,Senegal,190,0.0038
97,Ecuador,Japan,188,0.00376
97,Bosnia and Herzegovina,Morocco,184,0.00368
97,Ecuador,Netherlands,182,0.00364
97,Germany,Scotland,182,0.00364
97,Canada,Côte d'Ivoire,179,0.00358
97,Bosnia and Herzegovina,Brazil,168,0.00336
97,Czechia,Côte d'Ivoire,158,0.00316
97,Canada,Ecuador,153,0.00306
97,Ecuador,Norway,151,0.00302
97,South Korea,Tunisia,150,0.003
97,Bosnia and Herzegovina,France,146,0.00292
97,Curaçao,Germany,146,0.00292
97,Germany,Haiti,144,0.00288
97,Bosnia and Herzegovina,Germany,142,0.00284
97,Switzerland,Tunisia,139,0.00278
97,Côte d'Ivoire,Ecuador,137,0.00274
97,Qatar,Morocco,134,0.00268
97,Bosnia and Herzegovina,Japan,132,0.00264
97,South Africa,Côte d'Ivoire,131,0.00262
97,Qatar,Brazil,128,0.00256
97,Qatar,France,124,0.00248
97,Bosnia and Herzegovina,Netherlands,117,0.00234
97,Curaçao,Morocco,117,0.00234
97,Bosnia and Herzegovina,Norway,113,0.00226
97,Ecuador,Senegal,111,0.00222
97,Czechia,Ecuador,110,0.0022
97,Curaçao,Brazil,109,0.00218
97,Mexico,Tunisia,106,0.00212
97,South Korea,Curaçao,103,0.00206
97,Qatar,Norway,103,0.00206
97,Switzerland,Sweden,100,0.002
97,Curaçao,France,100,0.002
97,Ecuador,Côte d'Ivoire,100,0.002
97,Canada,Tunisia,96,0.00192
97,Qatar,Germany,96,0.00192
97,Curaçao,Netherlands,96,0.00192
97,Bosnia and Herzegovina,Senegal,95,0.0019
97,South Korea,Sweden,95,0.0019
97,Qatar,Japan,93,0.00186
97,Mexico,Curaçao,92,0.00184
97,Switzerland,Scotland,91,0.00182
97,Qatar,Netherlands,91,0.00182
97,Mexico,Sweden,90,0.0018
97,South Africa,Ecuador,85,0.0017
97,Curaçao,Norway,84,0.00168
97,Curaçao,Japan,82,0.00164
97,Mexico,Iraq,81,0.00162
97,Switzerland,Curaçao,80,0.0016
97,Switzerland,Iraq,77,0.00154
97,Mexico,Scotland,75,0.0015
97,South Korea,Scotland,71,0.00142
97,South Korea,Iraq,69,0.00138
97,Qatar,Senegal,67,0.00134
97,Côte d'Ivoire,Tunisia,66,0.00132
97,Canada,Sweden,64,0.00128
97,Czechia,Tunisia,64,0.00128
97,South Korea,Haiti,60,0.0012
97,Switzerland,Haiti,59,0.00118
97,Mexico,Haiti,59,0.00118
97,Canada,Curaçao,58,0.00116
97,Qatar,Côte d'Ivoire,58,0.00116
97,South Africa,Sweden,56,0.00112
97,Bosnia and Herzegovina,Côte d'Ivoire,56,0.00112
97,Canada,Scotland,54,0.00108
97,Canada,Iraq,53,0.00106
97,Czechia,Sweden,52,0.00104
97,South Africa,Tunisia,51,0.00102
97,Côte d'Ivoire,Curaçao,51,0.00102
97,Bosnia and Herzegovina,Ecuador,51,0.00102
97,Czechia,Scotland,47,0.00094
97,Curaçao,Senegal,46,0.00092
97,Czechia,Curaçao,45,0.0009
97,South Africa,Curaçao,45,0.0009
97,Morocco,Brazil,44,0.00088
97,Qatar,Ecuador,44,0.00088
97,Ecuador,Tunisia,44,0.00088
97,Ecuador,Sweden,44,0.00088
97,Bosnia and Herzegovina,Tunisia,43,0.00086
97,Czechia,Iraq,42,0.00084
97,Côte d'Ivoire,Sweden,40,0.0008
97,Czechia,Haiti,39,0.00078
97,Curaçao,Ecuador,39,0.00078
97,Canada,Haiti,39,0.00078
97,Morocco,Japan,38,0.00076
97,Brazil,Morocco,38,0.00076
97,Ecuador,Iraq,38,0.00076
97,Côte d'Ivoire,Iraq,37,0.00074
97,Côte d'Ivoire,Scotland,37,0.00074
97,Curaçao,Côte d'Ivoire,35,0.0007
97,Côte d'Ivoire,Haiti,33,0.00066
97,Ecuador,Curaçao,33,0.00066
97,South Africa,Iraq,33,0.00066
97,Qatar,Tunisia,30,0.0006
97,South Africa,Scotland,30,0.0006
97,Morocco,Netherlands,28,0.00056
97,Morocco,Norway,26,0.00052
97,Morocco,France,26,0.00052
97,South Africa,Haiti,25,0.0005
97,Ecuador,Haiti,25,0.0005
97,Brazil,France,25,0.0005
97,Morocco,Germany,25,0.0005
97,Bosnia and Herzegovina,Scotland,24,0.00048
97,Brazil,Norway,24,0.00048
97,Curaçao,Tunisia,24,0.00048
97,Bosnia and Herzegovina,Curaçao,22,0.00044
97,Bosnia and Herzegovina,Sweden,22,0.00044
97,Ecuador,Scotland,21,0.00042
97,Scotland,Brazil,21,0.00042
97,Brazil,Netherlands,21,0.00042
97,Scotland,Japan,20,0.0004
97,Morocco,Senegal,19,0.00038
97,Qatar,Curaçao,19,0.00038
97,Scotland,Morocco,19,0.00038
97,Brazil,Senegal,18,0.00036
97,Brazil,Japan,17,0.00034
97,Bosnia and Herzegovina,Haiti,17,0.00034
97,Haiti,Morocco,16,0.00032
97,Bosnia and Herzegovina,Iraq,16,0.00032
97,Brazil,Germany,16,0.00032
97,Morocco,Tunisia,15,0.0003
97,Scotland,Norway,15,0.0003
97,Curaçao,Scotland,15,0.0003
97,Curaçao,Sweden,14,0.00028
97,Scotland,Netherlands,14,0.00028
97,Scotland,Germany,14,0.00028
97,Haiti,Germany,14,0.00028
97,Brazil,Côte d'Ivoire,14,0.00028
97,Morocco,Ecuador,14,0.00028
97,Brazil,Ecuador,13,0.00026
97,Curaçao,Iraq,13,0.00026
97,Scotland,France,13,0.00026
97,Haiti,France,12,0.00024
97,Haiti,Japan,12,0.00024
97,Qatar,Sweden,12,0.00024
97,Qatar,Scotland,11,0.00022
97,Haiti,Brazil,11,0.00022
97,Brazil,Tunisia,10,0.0002
97,Qatar,Haiti,9,0.00018
97,Qatar,Iraq,9,0.00018
97,Morocco,Iraq,8,0.00016
97,Morocco,Côte d'Ivoire,8,0.00016
97,Haiti,Côte d'Ivoire,8,0.00016
97,Australia,Morocco,7,0.00014
97,Brazil,Scotland,7,0.00014
97,Brazil,Sweden,7,0.00014
97,Haiti,Norway,7,0.00014
97,United States,Morocco,6,0.00012
97,Curaçao,Haiti,6,0.00012
97,Scotland,Côte d'Ivoire,6,0.00012
97,United States,France,6,0.00012
97,Türkiye,Norway,5,0.0001
97,Brazil,Haiti,5,0.0001
97,Scotland,Senegal,5,0.0001
97,Haiti,Netherlands,5,0.0001
97,Türkiye,Brazil,5,0.0001
97,Brazil,Curaçao,5,0.0001
97,Australia,France,5,0.0001
97,Australia,Brazil,5,0.0001
97,Scotland,Iraq,4,8e-05
97,Paraguay,Japan,4,8e-05
97,Scotland,Ecuador,4,8e-05
97,Morocco,Scotland,4,8e-05
97,United States,Japan,4,8e-05
97,Paraguay,Brazil,4,8e-05
97,Morocco,Sweden,4,8e-05
97,Haiti,Ecuador,4,8e-05
97,United States,Senegal,4,8e-05
97,Australia,Côte d'Ivoire,3,6e-05
97,United States,Germany,3,6e-05
97,Paraguay,Netherlands,3,6e-05
97,Haiti,Senegal,3,6e-05
97,Türkiye,Morocco,3,6e-05
97,Morocco,Curaçao,3,6e-05
97,Scotland,Curaçao,3,6e-05
97,Türkiye,Germany,3,6e-05
97,Paraguay,France,3,6e-05
97,Türkiye,Senegal,3,6e-05
97,Haiti,Curaçao,3,6e-05
97,Sweden,Senegal,2,4e-05
97,Türkiye,Iraq,2,4e-05
97,Japan,Germany,2,4e-05
97,Haiti,Iraq,2,4e-05
97,Morocco,Haiti,2,4e-05
97,Netherlands,Sweden,2,4e-05
97,Paraguay,Ecuador,2,4e-05
97,United States,Norway,2,4e-05
97,United States,Brazil,2,4e-05
97,Scotland,Sweden,2,4e-05
97,Australia,Germany,2,4e-05
97,Scotland,Tunisia,2,4e-05
97,Paraguay,Germany,2,4e-05
97,United States,Tunisia,2,4e-05
97,Haiti,Tunisia,2,4e-05
97,Netherlands,Côte d'Ivoire,2,4e-05
97,Australia,Senegal,2,4e-05
97,Paraguay,Morocco,2,4e-05
97,United States,Ecuador,2,4e-05
97,Tunisia,Senegal,2,4e-05
97,Türkiye,France,2,4e-05
97,United States,Netherlands,2,4e-05
97,Japan,Brazil,2,4e-05
97,Australia,Japan,2,4e-05
97,Brazil,Iraq,2,4e-05
97,Türkiye,Japan,2,4e-05
97,Netherlands,Morocco,2,4e-05
97,Japan,Morocco,2,4e-05
97,United States,Iraq,1,2e-05
97,Australia,Scotland,1,2e-05
97,Haiti,Scotland,1,2e-05
97,Japan,Côte d'Ivoire,1,2e-05
97,Tunisia,France,1,2e-05
97,Japan,France,1,2e-05
97,Netherlands,Brazil,1,2e-05
97,Sweden,Morocco,1,2e-05
97,Tunisia,Norway,1,2e-05
97,Japan,Senegal,1,2e-05
97,Scotland,Haiti,1,2e-05
97,Australia,Netherlands,1,2e-05
97,Sweden,Japan,1,2e-05
97,Netherlands,France,1,2e-05
97,Paraguay,Senegal,1,2e-05
97,Türkiye,Côte d'Ivoire,1,2e-05
97,Japan,Netherlands,1,2e-05
97,Türkiye,Netherlands,1,2e-05
97,Australia,Ecuador,1,2e-05
97,United States,Côte d'Ivoire,1,2e-05
97,Australia,Norway,1,2e-05
97,Türkiye,Haiti,1,2e-05
97,Paraguay,Côte d'Ivoire,1,2e-05
98,Spain,Belgium,3257,0.06514
98,Spain,United States,3035,0.0607
98,Spain,Türkiye,1209,0.02418
98,Spain,Egypt,1192,0.02384
98,Spain,Iran,1178,0.02356
98,Spain,Australia,1125,0.0225
98,Spain,New Zealand,737,0.01474
98,Spain,Argentina,735,0.0147
98,England,Belgium,718,0.01436
98,Portugal,Belgium,691,0.01382
98,England,United States,662,0.01324
98,Portugal,United States,609,0.01218
98,Spain,Switzerland,608,0.01216
98,Spain,Austria,601,0.01202
98,Spain,Algeria,594,0.01188
98,Argentina,Belgium,578,0.01156
98,Argentina,United States,544,0.01088
98,Spain,France,540,0.0108
98,Spain,Norway,509,0.01018
98,Spain,Senegal,490,0.0098
98,Colombia,Belgium,485,0.0097
98,Colombia,United States,473,0.00946
98,Spain,Japan,466,0.00932
98,Croatia,United States,466,0.00932
98,Croatia,Belgium,463,0.00926
98,Spain,Netherlands,421,0.00842
98,Spain,Paraguay,396,0.00792
98,Spain,Canada,368,0.00736
98,Spain,Bosnia and Herzegovina,334,0.00668
98,Spain,Jordan,326,0.00652
98,Spain,Tunisia,315,0.0063
98,Algeria,United States,273,0.00546
98,England,Egypt,273,0.00546
98,Portugal,Iran,272,0.00544
98,Portugal,Egypt,269,0.00538
98,DR Congo,Belgium,267,0.00534
98,Spain,England,266,0.00532
98,England,Türkiye,263,0.00526
98,England,Iran,255,0.0051
98,DR Congo,United States,253,0.00506
98,Algeria,Belgium,248,0.00496
98,England,Australia,247,0.00494
98,Austria,Belgium,246,0.00492
98,Austria,United States,246,0.00492
98,Spain,Portugal,245,0.0049
98,Spain,Croatia,243,0.00486
98,Spain,Sweden,242,0.00484
98,Portugal,Türkiye,241,0.00482
98,Spain,Qatar,229,0.00458
98,Portugal,Australia,227,0.00454
98,Uruguay,Belgium,218,0.00436
98,Uruguay,United States,213,0.00426
98,Argentina,Australia,209,0.00418
98,Croatia,Iran,207,0.00414
98,Argentina,Türkiye,206,0.00412
98,Colombia,Türkiye,205,0.0041
98,Argentina,Egypt,203,0.00406
98,Croatia,Egypt,200,0.004
98,Croatia,Türkiye,198,0.00396
98,Colombia,Egypt,197,0.00394
98,Colombia,Australia,193,0.00386
98,Spain,Colombia,191,0.00382
98,Croatia,Australia,186,0.00372
98,Argentina,Iran,183,0.00366
98,Ghana,Belgium,175,0.0035
98,Portugal,New Zealand,173,0.00346
98,Colombia,Iran,168,0.00336
98,England,Argentina,167,0.00334
98,Spain,Iraq,165,0.0033
98,Uzbekistan,United States,159,0.00318
98,England,New Zealand,158,0.00316
98,Argentina,New Zealand,151,0.00302
98,Spain,DR Congo,149,0.00298
98,England,Austria,148,0.00296
98,Portugal,Argentina,147,0.00294
98,Ghana,United States,146,0.00292
98,Argentina,Austria,142,0.00284
98,England,Algeria,141,0.00282
98,England,Switzerland,140,0.0028
98,Portugal,Norway,138,0.00276
98,Uzbekistan,Belgium,138,0.00276
98,Argentina,Algeria,137,0.00274
98,Portugal,Austria,134,0.00268
98,Portugal,Switzerland,133,0.00266
98,Panama,United States,130,0.0026
98,Colombia,New Zealand,130,0.0026
98,England,Senegal,122,0.00244
98,Argentina,Senegal,119,0.00238
98,Colombia,Argentina,119,0.00238
98,Croatia,New Zealand,115,0.0023
98,England,France,113,0.00226
98,Argentina,Norway,112,0.00224
98,Portugal,France,112,0.00224
98,England,Norway,112,0.00224
98,Panama,Belgium,111,0.00222
98,Austria,Türkiye,111,0.00222
98,Portugal,Algeria,110,0.0022
98,Croatia,Argentina,109,0.00218
98,Argentina,Switzerland,108,0.00216
98,Spain,Ghana,107,0.00214
98,Argentina,France,105,0.0021
98,DR Congo,Egypt,105,0.0021
98,DR Congo,Türkiye,104,0.00208
98,Colombia,Algeria,104,0.00208
98,Croatia,Norway,103,0.00206
98,Jordan,Belgium,102,0.00204
98,England,Netherlands,101,0.00202
98,Croatia,Austria,100,0.002
98,England,Jordan,100,0.002
98,Algeria,Türkiye,100,0.002
98,Croatia,France,99,0.00198
98,England,Paraguay,99,0.00198
98,Uruguay,Egypt,98,0.00196
98,Colombia,Norway,98,0.00196
98,Algeria,Egypt,98,0.00196
98,Austria,Algeria,96,0.00192
98,Croatia,Senegal,95,0.0019
98,Austria,Egypt,94,0.00188
98,Portugal,Netherlands,94,0.00188
98,Croatia,Algeria,93,0.00186
98,Portugal,Senegal,92,0.00184
98,Austria,Australia,92,0.00184
98,Colombia,France,92,0.00184
98,Uruguay,Türkiye,92,0.00184
98,Colombia,Switzerland,91,0.00182
98,Austria,Iran,90,0.0018
98,Algeria,Australia,90,0.0018
98,England,Canada,89,0.00178
98,Colombia,Senegal,89,0.00178
98,DR Congo,Iran,89,0.00178
98,Spain,Panama,88,0.00176
98,Colombia,Netherlands,88,0.00176
98,Algeria,Iran,88,0.00176
98,Portugal,Canada,88,0.00176
98,Jordan,United States,88,0.00176
98,Spain,Uzbekistan,87,0.00174
98,Portugal,Japan,86,0.00172
98,Argentina,Japan,86,0.00172
98,England,Japan,86,0.00172
98,Argentina,Netherlands,85,0.0017
98,Croatia,Switzerland,85,0.0017
98,Colombia,Japan,84,0.00168
98,DR Congo,Australia,83,0.00166
98,Algeria,Austria,83,0.00166
98,Colombia,Austria,83,0.00166
98,Colombia,Paraguay,80,0.0016
98,Uruguay,Iran,79,0.00158
98,Croatia,Japan,78,0.00156
98,England,Bosnia and Herzegovina,77,0.00154
98,Argentina,Jordan,76,0.00152
98,Argentina,Canada,75,0.0015
98,Portugal,Paraguay,75,0.0015
98,Austria,Argentina,73,0.00146
98,Argentina,Paraguay,73,0.00146
98,Algeria,New Zealand,73,0.00146
98,Croatia,Netherlands,71,0.00142
98,Uruguay,Australia,69,0.00138
98,Algeria,Argentina,69,0.00138
98,Austria,New Zealand,68,0.00136
98,England,Tunisia,66,0.00132
98,Austria,Senegal,65,0.0013
98,DR Congo,New Zealand,64,0.00128
98,Uzbekistan,Egypt,63,0.00126
98,Portugal,Tunisia,63,0.00126
98,Portugal,Bosnia and Herzegovina,61,0.00122
98,Portugal,Qatar,60,0.0012
98,England,Sweden,59,0.00118
98,Ghana,Egypt,59,0.00118
98,Uzbekistan,Türkiye,59,0.00118
98,Argentina,Bosnia and Herzegovina,58,0.00116
98,Colombia,Canada,57,0.00114
98,Colombia,Bosnia and Herzegovina,57,0.00114
98,Portugal,Jordan,57,0.00114
98,England,Qatar,56,0.00112
98,Panama,Türkiye,56,0.00112
98,Austria,Norway,56,0.00112
98,Croatia,Bosnia and Herzegovina,55,0.0011
98,Uzbekistan,Australia,55,0.0011
98,Uruguay,Argentina,55,0.0011
98,Portugal,Sweden,54,0.00108
98,DR Congo,France,54,0.00108
98,Colombia,Tunisia,54,0.00108
98,Saudi Arabia,Belgium,54,0.00108
98,England,Croatia,53,0.00106
98,Portugal,England,53,0.00106
98,Argentina,Tunisia,53,0.00106
98,Saudi Arabia,United States,53,0.00106
98,DR Congo,Argentina,53,0.00106
98,Ghana,Iran,52,0.00104
98,Ghana,Türkiye,52,0.00104
98,Colombia,Jordan,52,0.00104
98,Austria,Netherlands,51,0.00102
98,Croatia,Paraguay,51,0.00102
98,Uzbekistan,Iran,50,0.001
98,Portugal,Colombia,50,0.001
98,Algeria,Senegal,50,0.001
98,Croatia,Jordan,50,0.001
98,DR Congo,Austria,50,0.001
98,Panama,Egypt,49,0.00098
98,Portugal,Croatia,49,0.00098
98,Algeria,Norway,49,0.00098
98,England,Portugal,48,0.00096
98,DR Congo,Algeria,47,0.00094
98,Croatia,Canada,47,0.00094
98,DR Congo,Norway,47,0.00094
98,DR Congo,Netherlands,46,0.00092
98,Austria,Switzerland,45,0.0009
98,Argentina,England,45,0.0009
98,Uruguay,New Zealand,45,0.0009
98,Uruguay,Norway,45,0.0009
98,Uruguay,France,45,0.0009
98,Croatia,Qatar,45,0.0009
98,Panama,Australia,44,0.00088
98,DR Congo,Senegal,44,0.00088
98,England,Iraq,44,0.00088
98,Colombia,Portugal,44,0.00088
98,Argentina,Iraq,44,0.00088
98,Ghana,Australia,44,0.00088
98,Austria,France,43,0.00086
98,Argentina,Qatar,43,0.00086
98,Uruguay,Austria,42,0.00084
98,Jordan,Egypt,42,0.00084
98,Argentina,Portugal,42,0.00084
98,Uruguay,Algeria,41,0.00082
98,Croatia,England,41,0.00082
98,Uzbekistan,New Zealand,41,0.00082
98,England,Ghana,41,0.00082
98,Jordan,Australia,41,0.00082
98,Argentina,Croatia,41,0.00082
98,Panama,Iran,41,0.00082
98,Algeria,Switzerland,40,0.0008
98,Algeria,Japan,40,0.0008
98,Jordan,Türkiye,39,0.00078
98,Croatia,Tunisia,39,0.00078
98,DR Congo,Japan,39,0.00078
98,Cape Verde,Belgium,39,0.00078
98,Algeria,Jordan,39,0.00078
98,Jordan,Argentina,38,0.00076
98,Uruguay,Switzerland,38,0.00076
98,Algeria,Netherlands,37,0.00074
98,Austria,Japan,36,0.00072
98,Croatia,Portugal,36,0.00072
98,Ghana,Argentina,36,0.00072
98,Argentina,Sweden,36,0.00072
98,DR Congo,Switzerland,36,0.00072
98,Argentina,Colombia,36,0.00072
98,Croatia,Sweden,36,0.00072
98,Algeria,France,35,0.0007
98,Colombia,Qatar,35,0.0007
98,Colombia,DR Congo,35,0.0007
98,DR Congo,Canada,34,0.00068
98,Uruguay,Japan,34,0.00068
98,Ghana,New Zealand,34,0.00068
98,Uzbekistan,Argentina,34,0.00068
98,Ghana,Norway,34,0.00068
98,Uzbekistan,Algeria,34,0.00068
98,Colombia,Sweden,33,0.00066
98,England,DR Congo,33,0.00066
98,Ghana,Algeria,33,0.00066
98,DR Congo,Colombia,33,0.00066
98,Croatia,Colombia,33,0.00066
98,Panama,Algeria,33,0.00066
98,Austria,Jordan,32,0.00064
98,Uruguay,Senegal,32,0.00064
98,Uzbekistan,Austria,32,0.00064
98,Colombia,England,31,0.00062
98,Panama,Argentina,30,0.0006
98,Jordan,Iran,30,0.0006
98,Uruguay,Canada,30,0.0006
98,Uzbekistan,Senegal,30,0.0006
98,Ghana,Switzerland,29,0.00058
98,DR Congo,Tunisia,29,0.00058
98,Portugal,Iraq,29,0.00058
98,Algeria,Tunisia,29,0.00058
98,Portugal,Uzbekistan,29,0.00058
98,Algeria,Canada,29,0.00058
98,Portugal,DR Congo,28,0.00056
98,Cape Verde,United States,28,0.00056
98,Colombia,Iraq,28,0.00056
98,Colombia,Croatia,28,0.00056
98,Croatia,Iraq,27,0.00054
98,Panama,Senegal,27,0.00054
98,Algeria,Paraguay,27,0.00054
98,Uzbekistan,Netherlands,27,0.00054
98,England,Colombia,26,0.00052
98,Austria,Portugal,26,0.00052
98,DR Congo,Paraguay,26,0.00052
98,Uruguay,Netherlands,26,0.00052
98,Jordan,New Zealand,26,0.00052
98,Argentina,Ghana,26,0.00052
98,Austria,Bosnia and Herzegovina,26,0.00052
98,Jordan,Switzerland,26,0.00052
98,Uzbekistan,France,25,0.0005
98,Uruguay,Jordan,25,0.0005
98,Ghana,Netherlands,25,0.0005
98,DR Congo,Jordan,25,0.0005
98,Algeria,Qatar,25,0.0005
98,Ghana,Austria,25,0.0005
98,Ghana,Japan,25,0.0005
98,Jordan,Austria,24,0.00048
98,Algeria,England,24,0.00048
98,Portugal,Ghana,24,0.00048
98,Austria,Paraguay,24,0.00048
98,Uzbekistan,Switzerland,24,0.00048
98,Algeria,Bosnia and Herzegovina,24,0.00048
98,Austria,Tunisia,24,0.00048
98,Uzbekistan,Portugal,24,0.00048
98,Panama,Austria,24,0.00048
98,DR Congo,Portugal,24,0.00048
98,Ghana,Paraguay,24,0.00048
98,Ghana,Tunisia,23,0.00046
98,Uruguay,Paraguay,23,0.00046
98,Algeria,Portugal,23,0.00046
98,England,Panama,23,0.00046
98,Ghana,Senegal,22,0.00044
98,Croatia,Ghana,22,0.00044
98,Austria,England,22,0.00044
98,Austria,Croatia,22,0.00044
98,Panama,Japan,22,0.00044
98,Uzbekistan,Japan,22,0.00044
98,Uruguay,Croatia,22,0.00044
98,Colombia,Uzbekistan,21,0.00042
98,Ghana,France,21,0.00042
98,Jordan,Norway,21,0.00042
98,England,Uzbekistan,21,0.00042
98,DR Congo,Sweden,21,0.00042
98,Panama,New Zealand,21,0.00042
98,Saudi Arabia,Egypt,21,0.00042
98,Uzbekistan,Canada,21,0.00042
98,Panama,France,21,0.00042
98,Austria,Canada,21,0.00042
98,DR Congo,Bosnia and Herzegovina,20,0.0004
98,Uruguay,Bosnia and Herzegovina,20,0.0004
98,DR Congo,Croatia,20,0.0004
98,Jordan,France,20,0.0004
98,Croatia,DR Congo,20,0.0004
98,Jordan,Algeria,20,0.0004
98,Uruguay,Tunisia,20,0.0004
98,Uzbekistan,Norway,20,0.0004
98,Panama,Paraguay,19,0.00038
98,Uzbekistan,Paraguay,19,0.00038
98,Colombia,Ghana,19,0.00038
98,Austria,Qatar,19,0.00038
98,Uzbekistan,Colombia,19,0.00038
98,Panama,Switzerland,19,0.00038
98,Jordan,Senegal,19,0.00038
98,Algeria,Sweden,19,0.00038
98,Panama,Norway,19,0.00038
98,Argentina,Uzbekistan,18,0.00036
98,Cape Verde,Australia,18,0.00036
98,Panama,Netherlands,18,0.00036
98,Uruguay,Qatar,18,0.00036
98,Uruguay,Sweden,18,0.00036
98,Ghana,Jordan,17,0.00034
98,Austria,Colombia,17,0.00034
98,Austria,Sweden,17,0.00034
98,DR Congo,England,17,0.00034
98,Croatia,Uzbekistan,17,0.00034
98,Algeria,Colombia,17,0.00034
98,Portugal,Panama,17,0.00034
98,Croatia,Panama,17,0.00034
98,Ghana,Bosnia and Herzegovina,16,0.00032
98,Ghana,England,16,0.00032
98,Uzbekistan,Sweden,16,0.00032
98,Uruguay,Portugal,16,0.00032
98,Austria,Iraq,16,0.00032
98,Algeria,Croatia,16,0.00032
98,Uruguay,Iraq,16,0.00032
98,Uzbekistan,England,16,0.00032
98,Jordan,Paraguay,16,0.00032
98,Argentina,DR Congo,15,0.0003
98,Saudi Arabia,New Zealand,15,0.0003
98,Austria,DR Congo,15,0.0003
98,Argentina,Panama,15,0.0003
98,Saudi Arabia,Iran,15,0.0003
98,Jordan,Canada,14,0.00028
98,Panama,Canada,14,0.00028
98,Ghana,Qatar,14,0.00028
98,Jordan,Netherlands,14,0.00028
98,DR Congo,Qatar,14,0.00028
98,Saudi Arabia,France,13,0.00026
98,Algeria,Iraq,13,0.00026
98,Saudi Arabia,Argentina,13,0.00026
98,Saudi Arabia,Australia,13,0.00026
98,Panama,Croatia,13,0.00026
98,Uzbekistan,Jordan,13,0.00026
98,Uruguay,Colombia,13,0.00026
98,Uzbekistan,Croatia,13,0.00026
98,Uruguay,England,12,0.00024
98,Saudi Arabia,Switzerland,12,0.00024
98,Ghana,Canada,12,0.00024
98,Saudi Arabia,Norway,12,0.00024
98,Ghana,Croatia,12,0.00024
98,Cape Verde,Egypt,12,0.00024
98,Algeria,Ghana,12,0.00024
98,Saudi Arabia,Türkiye,11,0.00022
98,Austria,Uzbekistan,11,0.00022
98,Jordan,Croatia,11,0.00022
98,DR Congo,Uzbekistan,11,0.00022
98,Uruguay,DR Congo,11,0.00022
98,Panama,Tunisia,11,0.00022
98,Uzbekistan,Tunisia,11,0.00022
98,Ghana,Iraq,11,0.00022
98,Ghana,Colombia,11,0.00022
98,Uzbekistan,Bosnia and Herzegovina,11,0.00022
98,Cape Verde,Norway,11,0.00022
98,Uzbekistan,DR Congo,11,0.00022
98,Jordan,England,10,0.0002
98,Panama,England,10,0.0002
98,Austria,Panama,10,0.0002
98,Saudi Arabia,Austria,10,0.0002
98,Saudi Arabia,Algeria,10,0.0002
98,Panama,Jordan,10,0.0002
98,Ghana,Portugal,10,0.0002
98,Uruguay,Ghana,10,0.0002
98,Uzbekistan,Qatar,10,0.0002
98,Jordan,Tunisia,9,0.00018
98,Cape Verde,Switzerland,9,0.00018
98,Algeria,Panama,9,0.00018
98,Panama,Sweden,9,0.00018
98,Panama,Bosnia and Herzegovina,9,0.00018
98,Saudi Arabia,Paraguay,9,0.00018
98,Jordan,Colombia,9,0.00018
98,Panama,Colombia,9,0.00018
98,Cape Verde,Japan,9,0.00018
98,Saudi Arabia,Senegal,9,0.00018
98,Algeria,Uzbekistan,9,0.00018
98,Panama,Iraq,9,0.00018
98,Jordan,Qatar,9,0.00018
98,Uruguay,Uzbekistan,9,0.00018
98,DR Congo,Iraq,8,0.00016
98,Algeria,DR Congo,8,0.00016
98,Jordan,Japan,8,0.00016
98,Cape Verde,Argentina,8,0.00016
98,DR Congo,Ghana,8,0.00016
98,Uzbekistan,Iraq,8,0.00016
98,Cape Verde,Algeria,8,0.00016
98,Jordan,Bosnia and Herzegovina,8,0.00016
98,Cape Verde,England,8,0.00016
98,Cape Verde,Austria,8,0.00016
98,Panama,DR Congo,8,0.00016
98,Saudi Arabia,Bosnia and Herzegovina,7,0.00014
98,Saudi Arabia,Japan,7,0.00014
98,Cape Verde,Netherlands,7,0.00014
98,Panama,Portugal,7,0.00014
98,Panama,Uzbekistan,7,0.00014
98,Cape Verde,France,7,0.00014
98,Jordan,Iraq,7,0.00014
98,Cape Verde,Jordan,7,0.00014
98,Colombia,Panama,7,0.00014
98,DR Congo,Panama,7,0.00014
98,Cape Verde,Senegal,6,0.00012
98,Jordan,Sweden,6,0.00012
98,Cape Verde,Iran,6,0.00012
98,Cape Verde,New Zealand,6,0.00012
98,Cape Verde,Türkiye,6,0.00012
98,Ghana,Sweden,6,0.00012
98,Jordan,Portugal,6,0.00012
98,Uruguay,Panama,6,0.00012
98,Saudi Arabia,England,6,0.00012
98,Saudi Arabia,Jordan,6,0.00012
98,Ghana,DR Congo,6,0.00012
98,Austria,Ghana,6,0.00012
98,Cape Verde,Canada,6,0.00012
98,Cape Verde,Iraq,5,0.0001
98,Panama,Qatar,5,0.0001
98,Uzbekistan,Panama,5,0.0001
98,Cape Verde,Portugal,5,0.0001
98,Uzbekistan,Ghana,5,0.0001
98,Saudi Arabia,Portugal,5,0.0001
98,Saudi Arabia,Sweden,4,8e-05
98,Saudi Arabia,Tunisia,4,8e-05
98,Saudi Arabia,Canada,4,8e-05
98,Saudi Arabia,Netherlands,4,8e-05
98,Cape Verde,Paraguay,4,8e-05
98,Saudi Arabia,Croatia,4,8e-05
98,Saudi Arabia,Qatar,4,8e-05
98,Jordan,DR Congo,3,6e-05
98,Cape Verde,Bosnia and Herzegovina,3,6e-05
98,Jordan,Ghana,3,6e-05
98,Saudi Arabia,Iraq,3,6e-05
98,Jordan,Panama,3,6e-05
98,Saudi Arabia,Colombia,3,6e-05
98,Cape Verde,Ghana,2,4e-05
98,Saudi Arabia,Uzbekistan,2,4e-05
98,Cape Verde,Colombia,2,4e-05
98,Cape Verde,DR Congo,2,4e-05
98,Panama,Ghana,2,4e-05
98,Cape Verde,Uzbekistan,2,4e-05
98,Ghana,Uzbekistan,2,4e-05
98,Saudi Arabia,DR Congo,2,4e-05
98,Ghana,Panama,2,4e-05
98,Cape Verde,Croatia,1,2e-05
98,Saudi Arabia,Panama,1,2e-05
98,Cape Verde,Tunisia,1,2e-05
98,Jordan,Uzbekistan,1,2e-05
98,Cape Verde,Sweden,1,2e-05
98,Cape Verde,Qatar,1,2e-05
99,France,England,2765,0.0553
99,Japan,England,2091,0.04182
99,Morocco,England,1875,0.0375
99,Brazil,England,1768,0.03536
99,Netherlands,England,1746,0.03492
99,Norway,England,1192,0.02384
99,France,Mexico,1090,0.0218
99,Japan,Mexico,870,0.0174
99,Senegal,England,757,0.01514
99,Morocco,Mexico,730,0.0146
99,Netherlands,Mexico,683,0.01366
99,Brazil,Mexico,673,0.01346
99,France,South Korea,632,0.01264
99,France,Croatia,620,0.0124
99,Scotland,England,560,0.0112
99,Japan,Croatia,475,0.0095
99,Japan,South Korea,471,0.00942
99,Norway,Mexico,463,0.00926
99,Netherlands,Croatia,447,0.00894
99,Brazil,Croatia,425,0.0085
99,France,Norway,420,0.0084
99,Haiti,England,416,0.00832
99,Netherlands,South Korea,413,0.00826
99,Morocco,Croatia,408,0.00816
99,Morocco,South Korea,399,0.00798
99,Brazil,South Korea,391,0.00782
99,France,Senegal,383,0.00766
99,France,Germany,360,0.0072
99,France,Côte d'Ivoire,357,0.00714
99,France,Ecuador,346,0.00692
99,Senegal,Mexico,341,0.00682
99,France,Uruguay,325,0.0065
99,Japan,France,300,0.006
99,Japan,Ecuador,299,0.00598
99,Japan,Germany,293,0.00586
99,Japan,Côte d'Ivoire,290,0.0058
99,Norway,Croatia,285,0.0057
99,Norway,South Korea,285,0.0057
99,Morocco,Germany,276,0.00552
99,Brazil,Germany,275,0.0055
99,Netherlands,Côte d'Ivoire,268,0.00536
99,Morocco,Ecuador,264,0.00528
99,Japan,Uruguay,257,0.00514
99,Morocco,Côte d'Ivoire,240,0.0048
99,Netherlands,Germany,240,0.0048
99,Scotland,Mexico,238,0.00476
99,Brazil,Côte d'Ivoire,235,0.0047
99,Morocco,France,229,0.00458
99,Japan,Norway,229,0.00458
99,Netherlands,France,228,0.00456
99,France,Spain,228,0.00456
99,Morocco,Norway,226,0.00452
99,Norway,France,225,0.0045
99,Netherlands,Ecuador,224,0.00448
99,Brazil,Uruguay,224,0.00448
99,Brazil,Ecuador,221,0.00442
99,Japan,Senegal,220,0.0044
99,Brazil,France,216,0.00432
99,Netherlands,Uruguay,211,0.00422
99,Tunisia,England,209,0.00418
99,France,Curaçao,207,0.00414
99,Morocco,Uruguay,206,0.00412
99,Senegal,Croatia,203,0.00406
99,Morocco,Senegal,196,0.00392
99,Netherlands,Norway,195,0.0039
99,Norway,Germany,191,0.00382
99,France,Netherlands,186,0.00372
99,Japan,Netherlands,186,0.00372
99,Brazil,Norway,185,0.0037
99,Senegal,South Korea,185,0.0037
99,Norway,Côte d'Ivoire,181,0.00362
99,Netherlands,Senegal,179,0.00358
99,Brazil,Senegal,175,0.0035
99,Norway,Senegal,175,0.0035
99,Japan,Spain,171,0.00342
99,Norway,Ecuador,171,0.00342
99,France,Japan,170,0.0034
99,France,Ghana,169,0.00338
99,Senegal,France,165,0.0033
99,France,Saudi Arabia,165,0.0033
99,Morocco,Spain,158,0.00316
99,Netherlands,Japan,157,0.00314
99,Sweden,England,154,0.00308
99,France,Czechia,154,0.00308
99,Japan,Saudi Arabia,153,0.00306
99,Netherlands,Spain,152,0.00304
99,Japan,Curaçao,150,0.003
99,Türkiye,England,145,0.0029
99,Haiti,Mexico,140,0.0028
99,Morocco,Saudi Arabia,139,0.00278
99,France,Cape Verde,134,0.00268
99,France,Tunisia,134,0.00268
99,Senegal,Norway,133,0.00266
99,Brazil,Curaçao,132,0.00264
99,Brazil,Spain,132,0.00264
99,France,South Africa,132,0.00264
99,Morocco,Curaçao,127,0.00254
99,Morocco,Japan,125,0.0025
99,France,Panama,124,0.00248
99,Scotland,South Korea,124,0.00248
99,Scotland,Croatia,123,0.00246
99,Netherlands,Curaçao,122,0.00244
99,Morocco,Netherlands,121,0.00242
99,Norway,Uruguay,121,0.00242
99,Japan,Panama,120,0.0024
99,Brazil,Netherlands,119,0.00238
99,Australia,England,118,0.00236
99,Japan,Czechia,117,0.00234
99,Netherlands,Saudi Arabia,117,0.00234
99,France,Iraq,116,0.00232
99,Japan,Ghana,115,0.0023
99,Brazil,Japan,112,0.00224
99,Japan,Cape Verde,111,0.00222
99,United States,England,111,0.00222
99,Haiti,Croatia,110,0.0022
99,Morocco,Ghana,106,0.00212
99,Netherlands,Czechia,103,0.00206
99,Senegal,Côte d'Ivoire,102,0.00204
99,Senegal,Germany,102,0.00204
99,Japan,South Africa,100,0.002
99,Morocco,Czechia,99,0.00198
99,Japan,Tunisia,97,0.00194
99,Brazil,Czechia,97,0.00194
99,Paraguay,England,96,0.00192
99,Netherlands,Panama,96,0.00192
99,France,Sweden,95,0.0019
99,Brazil,Saudi Arabia,94,0.00188
99,Netherlands,Ghana,94,0.00188
99,Norway,Curaçao,94,0.00188
99,France,Argentina,93,0.00186
99,Norway,Spain,92,0.00184
99,Brazil,Ghana,92,0.00184
99,Senegal,Ecuador,91,0.00182
99,Netherlands,Tunisia,90,0.0018
99,Haiti,South Korea,90,0.0018
99,Norway,Saudi Arabia,90,0.0018
99,Netherlands,South Africa,86,0.00172
99,Netherlands,Cape Verde,84,0.00168
99,Brazil,Panama,84,0.00168
99,France,Algeria,82,0.00164
99,Scotland,Ecuador,81,0.00162
99,Scotland,Germany,80,0.0016
99,Brazil,South Africa,80,0.0016
99,Norway,Japan,79,0.00158
99,Norway,Czechia,78,0.00156
99,Iraq,England,78,0.00156
99,Norway,Netherlands,78,0.00156
99,Japan,Iraq,75,0.0015
99,Morocco,South Africa,75,0.0015
99,Morocco,Panama,75,0.0015
99,Morocco,Tunisia,74,0.00148
99,Japan,Sweden,73,0.00146
99,Brazil,Cape Verde,73,0.00146
99,Senegal,Uruguay,73,0.00146
99,Morocco,Cape Verde,73,0.00146
99,Scotland,Côte d'Ivoire,72,0.00144
99,Japan,Argentina,71,0.00142
99,Scotland,France,70,0.0014
99,France,Austria,70,0.0014
99,Morocco,Iraq,65,0.0013
99,Morocco,Algeria,62,0.00124
99,Netherlands,Iraq,61,0.00122
99,Brazil,Tunisia,61,0.00122
99,Japan,Algeria,60,0.0012
99,Japan,Austria,60,0.0012
99,Senegal,Netherlands,59,0.00118
99,Morocco,Sweden,59,0.00118
99,Haiti,Côte d'Ivoire,59,0.00118
99,Netherlands,Sweden,58,0.00116
99,Brazil,Austria,58,0.00116
99,Tunisia,South Korea,57,0.00114
99,Senegal,Saudi Arabia,56,0.00112
99,Tunisia,Mexico,56,0.00112
99,Scotland,Norway,56,0.00112
99,Brazil,Iraq,56,0.00112
99,Senegal,Japan,56,0.00112
99,Senegal,Curaçao,55,0.0011
99,Norway,Cape Verde,55,0.0011
99,Brazil,Argentina,55,0.0011
99,France,Jordan,54,0.00108
99,Morocco,Argentina,53,0.00106
99,Haiti,France,53,0.00106
99,Norway,Tunisia,53,0.00106
99,Norway,Panama,52,0.00104
99,Norway,South Africa,52,0.00104
99,Brazil,Sweden,52,0.00104
99,Sweden,Mexico,52,0.00104
99,Scotland,Netherlands,51,0.00102
99,Türkiye,Mexico,51,0.00102
99,Tunisia,Croatia,51,0.00102
99,Haiti,Norway,51,0.00102
99,Scotland,Senegal,51,0.00102
99,Morocco,Austria,50,0.001
99,Norway,Ghana,50,0.001
99,Senegal,Spain,49,0.00098
99,Netherlands,Austria,49,0.00098
99,Haiti,Germany,49,0.00098
99,Norway,Sweden,48,0.00096
99,Australia,Mexico,48,0.00096
99,Haiti,Ecuador,45,0.0009
99,Scotland,Uruguay,44,0.00088
99,Haiti,Uruguay,43,0.00086
99,Haiti,Curaçao,43,0.00086
99,Senegal,Cape Verde,42,0.00084
99,Senegal,Czechia,42,0.00084
99,Scotland,Japan,42,0.00084
99,Brazil,Algeria,41,0.00082
99,Norway,Iraq,40,0.0008
99,Scotland,Curaçao,40,0.0008
99,Australia,South Korea,40,0.0008
99,Paraguay,Mexico,40,0.0008
99,Netherlands,Argentina,40,0.0008
99,Senegal,South Africa,39,0.00078
99,Haiti,Senegal,39,0.00078
99,Scotland,Spain,37,0.00074
99,Netherlands,Algeria,36,0.00072
99,Senegal,Panama,36,0.00072
99,Japan,Jordan,36,0.00072
99,Norway,Austria,36,0.00072
99,Sweden,South Korea,36,0.00072
99,Australia,Croatia,35,0.0007
99,United States,Mexico,34,0.00068
99,Scotland,Czechia,34,0.00068
99,Brazil,Jordan,34,0.00068
99,Senegal,Tunisia,34,0.00068
99,Iraq,Mexico,33,0.00066
99,Türkiye,South Korea,33,0.00066
99,Türkiye,Croatia,33,0.00066
99,Norway,Argentina,32,0.00064
99,Scotland,Saudi Arabia,30,0.0006
99,Sweden,Croatia,30,0.0006
99,Scotland,Ghana,30,0.0006
99,Norway,Algeria,30,0.0006
99,Tunisia,Ecuador,28,0.00056
99,United States,South Korea,27,0.00054
99,Scotland,Tunisia,27,0.00054
99,Senegal,Iraq,27,0.00054
99,Haiti,Japan,27,0.00054
99,Scotland,Panama,27,0.00054
99,Haiti,Saudi Arabia,26,0.00052
99,Tunisia,Germany,26,0.00052
99,Senegal,Ghana,26,0.00052
99,Haiti,Czechia,25,0.0005
99,United States,Germany,25,0.0005
99,Sweden,Uruguay,25,0.0005
99,Netherlands,Jordan,24,0.00048
99,Haiti,Spain,24,0.00048
99,Paraguay,Croatia,24,0.00048
99,Tunisia,Japan,24,0.00048
99,Paraguay,South Korea,24,0.00048
99,Tunisia,Senegal,23,0.00046
99,Sweden,Côte d'Ivoire,23,0.00046
99,Scotland,Argentina,23,0.00046
99,Tunisia,Spain,23,0.00046
99,United States,Croatia,22,0.00044
99,Scotland,South Africa,22,0.00044
99,Senegal,Sweden,22,0.00044
99,Scotland,Iraq,21,0.00042
99,Norway,Jordan,21,0.00042
99,Scotland,Cape Verde,21,0.00042
99,Türkiye,Ecuador,21,0.00042
99,Tunisia,Côte d'Ivoire,21,0.00042
99,Australia,Uruguay,20,0.0004
99,Tunisia,Netherlands,20,0.0004
99,Tunisia,Uruguay,20,0.0004
99,United States,Uruguay,20,0.0004
99,Iraq,France,19,0.00038
99,Iraq,Ecuador,19,0.00038
99,France,Portugal,19,0.00038
99,Türkiye,Senegal,19,0.00038
99,Türkiye,Uruguay,19,0.00038
99,Morocco,Jordan,19,0.00038
99,Australia,Côte d'Ivoire,19,0.00038
99,Scotland,Algeria,19,0.00038
99,Haiti,Netherlands,19,0.00038
99,Sweden,Japan,19,0.00038
99,Sweden,Senegal,18,0.00036
99,Sweden,Ecuador,18,0.00036
99,Sweden,Netherlands,18,0.00036
99,Sweden,Norway,18,0.00036
99,Türkiye,Germany,18,0.00036
99,Türkiye,Côte d'Ivoire,18,0.00036
99,Sweden,Germany,18,0.00036
99,Senegal,Argentina,18,0.00036
99,Australia,Germany,18,0.00036
99,Tunisia,France,17,0.00034
99,France,Colombia,17,0.00034
99,Tunisia,Curaçao,17,0.00034
99,United States,France,17,0.00034
99,Haiti,South Africa,16,0.00032
99,Tunisia,Saudi Arabia,16,0.00032
99,Senegal,Algeria,16,0.00032
99,Sweden,France,16,0.00032
99,Tunisia,Norway,16,0.00032
99,Belgium,England,16,0.00032
99,Türkiye,France,16,0.00032
99,Australia,Senegal,15,0.0003
99,Scotland,Sweden,15,0.0003
99,France,DR Congo,15,0.0003
99,United States,Curaçao,15,0.0003
99,Paraguay,Germany,15,0.0003
99,Türkiye,Norway,15,0.0003
99,Haiti,Cape Verde,15,0.0003
99,Australia,Ecuador,14,0.00028
99,Iraq,Germany,14,0.00028
99,Australia,Norway,14,0.00028
99,Senegal,Austria,14,0.00028
99,United States,Ecuador,14,0.00028
99,Haiti,Tunisia,14,0.00028
99,Netherlands,Portugal,14,0.00028
99,Australia,Spain,14,0.00028
99,Iraq,Norway,14,0.00028
99,Türkiye,Czechia,14,0.00028
99,Tunisia,Czechia,13,0.00026
99,Haiti,Panama,13,0.00026
99,Haiti,Iraq,13,0.00026
99,Scotland,Austria,13,0.00026
99,Morocco,Colombia,13,0.00026
99,Iraq,South Korea,13,0.00026
99,Iraq,Croatia,13,0.00026
99,Australia,France,13,0.00026
99,Türkiye,Curaçao,13,0.00026
99,Sweden,Saudi Arabia,12,0.00024
99,Morocco,Portugal,12,0.00024
99,Japan,Colombia,12,0.00024
99,France,Uzbekistan,12,0.00024
99,United States,Norway,12,0.00024
99,Australia,Curaçao,12,0.00024
99,Iran,England,12,0.00024
99,Brazil,DR Congo,12,0.00024
99,Iraq,Côte d'Ivoire,12,0.00024
99,Paraguay,Saudi Arabia,11,0.00022
99,Sweden,Spain,11,0.00022
99,Tunisia,Panama,11,0.00022
99,Haiti,Ghana,11,0.00022
99,Netherlands,DR Congo,11,0.00022
99,United States,Netherlands,11,0.00022
99,Netherlands,Colombia,11,0.00022
99,Türkiye,Saudi Arabia,11,0.00022
99,Brazil,Portugal,10,0.0002
99,Egypt,England,10,0.0002
99,Türkiye,Cape Verde,10,0.0002
99,Morocco,DR Congo,10,0.0002
99,Türkiye,Ghana,10,0.0002
99,Tunisia,Ghana,10,0.0002
99,Norway,Portugal,10,0.0002
99,Norway,DR Congo,10,0.0002
99,United States,Senegal,10,0.0002
99,Paraguay,Spain,10,0.0002
99,Sweden,Czechia,10,0.0002
99,Australia,Saudi Arabia,10,0.0002
99,Sweden,Curaçao,10,0.0002
99,Senegal,Jordan,10,0.0002
99,Japan,DR Congo,10,0.0002
99,Türkiye,Netherlands,10,0.0002
99,Paraguay,Japan,9,0.00018
99,Paraguay,Norway,9,0.00018
99,Paraguay,France,9,0.00018
99,United States,Panama,9,0.00018
99,Tunisia,Cape Verde,9,0.00018
99,Tunisia,Argentina,9,0.00018
99,Haiti,Austria,9,0.00018
99,Tunisia,South Africa,9,0.00018
99,Australia,Cape Verde,9,0.00018
99,Senegal,Portugal,9,0.00018
99,Haiti,Argentina,9,0.00018
99,Sweden,Ghana,9,0.00018
99,Türkiye,Spain,9,0.00018
99,Sweden,Cape Verde,9,0.00018
99,Tunisia,Iraq,8,0.00016
99,Japan,Portugal,8,0.00016
99,Iraq,Ghana,8,0.00016
99,Paraguay,Ecuador,8,0.00016
99,Paraguay,Côte d'Ivoire,8,0.00016
99,United States,Côte d'Ivoire,8,0.00016
99,Türkiye,South Africa,8,0.00016
99,Paraguay,Panama,8,0.00016
99,Paraguay,Curaçao,8,0.00016
99,Norway,Colombia,7,0.00014
99,Australia,Netherlands,7,0.00014
99,Iraq,Netherlands,7,0.00014
99,Haiti,Sweden,7,0.00014
99,Australia,Sweden,7,0.00014
99,United States,Czechia,7,0.00014
99,United States,Japan,7,0.00014
99,Paraguay,Uruguay,7,0.00014
99,Australia,Panama,7,0.00014
99,Paraguay,Senegal,7,0.00014
99,Australia,Ghana,7,0.00014
99,Türkiye,Japan,7,0.00014
99,Japan,Uzbekistan,7,0.00014
99,Egypt,Mexico,7,0.00014
99,Iraq,Uruguay,6,0.00012
99,United States,Saudi Arabia,6,0.00012
99,Sweden,Argentina,6,0.00012
99,New Zealand,England,6,0.00012
99,Türkiye,Tunisia,6,0.00012
99,Australia,South Africa,6,0.00012
99,Scotland,Jordan,6,0.00012
99,Sweden,Tunisia,6,0.00012
99,Haiti,Jordan,6,0.00012
99,United States,Spain,6,0.00012
99,Australia,Czechia,6,0.00012
99,Iraq,Japan,6,0.00012
99,Morocco,Uzbekistan,6,0.00012
99,United States,South Africa,6,0.00012
99,Haiti,Algeria,6,0.00012
99,Brazil,Uzbekistan,6,0.00012
99,Iraq,Senegal,5,0.0001
99,Türkiye,Sweden,5,0.0001
99,Australia,Tunisia,5,0.0001
99,Scotland,Colombia,5,0.0001
99,Iraq,Czechia,5,0.0001
99,Iraq,Curaçao,5,0.0001
99,France,Belgium,5,0.0001
99,Norway,Uzbekistan,5,0.0001
99,Sweden,Panama,4,8e-05
99,Brazil,Colombia,4,8e-05
99,Iran,Mexico,4,8e-05
99,United States,Ghana,4,8e-05
99,Belgium,Ecuador,4,8e-05
99,Türkiye,Argentina,4,8e-05
99,United States,Cape Verde,4,8e-05
99,Senegal,DR Congo,4,8e-05
99,Türkiye,Panama,4,8e-05
99,Australia,Japan,4,8e-05
99,Paraguay,Ghana,4,8e-05
99,Sweden,South Africa,4,8e-05
99,Senegal,Colombia,4,8e-05
99,Scotland,Portugal,4,8e-05
99,Egypt,Spain,4,8e-05
99,Tunisia,Algeria,4,8e-05
99,Australia,Austria,4,8e-05
99,Belgium,South Korea,4,8e-05
99,Tunisia,Jordan,4,8e-05
99,Egypt,Curaçao,3,6e-05
99,New Zealand,Curaçao,3,6e-05
99,Iraq,Cape Verde,3,6e-05
99,Paraguay,South Africa,3,6e-05
99,Sweden,Iraq,3,6e-05
99,Iraq,Panama,3,6e-05
99,Iraq,Austria,3,6e-05
99,Paraguay,Czechia,3,6e-05
99,Sweden,Jordan,3,6e-05
99,Egypt,Germany,3,6e-05
99,United States,Algeria,3,6e-05
99,Haiti,Colombia,3,6e-05
99,Egypt,Uruguay,3,6e-05
99,United States,Tunisia,3,6e-05
99,Türkiye,Iraq,3,6e-05
99,Egypt,Ecuador,3,6e-05
99,Iraq,Spain,3,6e-05
99,Belgium,Senegal,3,6e-05
99,Haiti,Portugal,3,6e-05
99,Iraq,Tunisia,3,6e-05
99,Iraq,Sweden,3,6e-05
99,Paraguay,Tunisia,3,6e-05
99,Belgium,Mexico,3,6e-05
99,Belgium,Germany,3,6e-05
99,Türkiye,Algeria,3,6e-05
99,Tunisia,Sweden,2,4e-05
99,Paraguay,Austria,2,4e-05
99,Iraq,Argentina,2,4e-05
99,Senegal,Egypt,2,4e-05
99,Paraguay,Netherlands,2,4e-05
99,Australia,Argentina,2,4e-05
99,New Zealand,Côte d'Ivoire,2,4e-05
99,Iran,Croatia,2,4e-05
99,Brazil,Egypt,2,4e-05
99,Iraq,South Africa,2,4e-05
99,Scotland,Uzbekistan,2,4e-05
99,Australia,Iraq,2,4e-05
99,Netherlands,Uzbekistan,2,4e-05
99,Belgium,Croatia,2,4e-05
99,Egypt,Senegal,2,4e-05
99,Netherlands,Australia,2,4e-05
99,Australia,Algeria,2,4e-05
99,Egypt,Norway,2,4e-05
99,Sweden,Algeria,2,4e-05
99,Haiti,DR Congo,2,4e-05
99,Iran,Ecuador,2,4e-05
99,Netherlands,Türkiye,2,4e-05
99,Iran,South Korea,2,4e-05
99,Egypt,Saudi Arabia,2,4e-05
99,Tunisia,Austria,2,4e-05
99,Senegal,Uzbekistan,2,4e-05
99,Belgium,Côte d'Ivoire,2,4e-05
99,Egypt,Côte d'Ivoire,2,4e-05
99,United States,Jordan,2,4e-05
99,Egypt,South Africa,1,2e-05
99,New Zealand,Spain,1,2e-05
99,Japan,New Zealand,1,2e-05
99,Brazil,Belgium,1,2e-05
99,Belgium,Cape Verde,1,2e-05
99,Spain,Curaçao,1,2e-05
99,Belgium,Panama,1,2e-05
99,Belgium,South Africa,1,2e-05
99,Spain,Panama,1,2e-05
99,New Zealand,Cape Verde,1,2e-05
99,Egypt,Cape Verde,1,2e-05
99,Türkiye,Portugal,1,2e-05
99,Iran,Germany,1,2e-05
99,France,United States,1,2e-05
99,Spain,Czechia,1,2e-05
99,Spain,England,1,2e-05
99,Iran,Cape Verde,1,2e-05
99,Morocco,Switzerland,1,2e-05
99,Paraguay,Jordan,1,2e-05
99,Haiti,Uzbekistan,1,2e-05
99,Norway,United States,1,2e-05
99,United States,Austria,1,2e-05
99,Australia,DR Congo,1,2e-05
99,Senegal,Belgium,1,2e-05
99,Uruguay,England,1,2e-05
99,Uruguay,Mexico,1,2e-05
99,Morocco,Bosnia and Herzegovina,1,2e-05
99,Sweden,Austria,1,2e-05
99,Türkiye,Austria,1,2e-05
99,Iraq,DR Congo,1,2e-05
99,New Zealand,Germany,1,2e-05
99,United States,Portugal,1,2e-05
99,Senegal,Paraguay,1,2e-05
99,Scotland,DR Congo,1,2e-05
99,Iran,Côte d'Ivoire,1,2e-05
99,Australia,Jordan,1,2e-05
99,New Zealand,Senegal,1,2e-05
99,Egypt,South Korea,1,2e-05
99,Iraq,Colombia,1,2e-05
99,Netherlands,United States,1,2e-05
99,Brazil,Iran,1,2e-05
99,France,Egypt,1,2e-05
99,Iraq,Saudi Arabia,1,2e-05
99,Scotland,Bosnia and Herzegovina,1,2e-05
99,Belgium,Spain,1,2e-05
99,France,Canada,1,2e-05
99,Japan,Belgium,1,2e-05
99,United States,Argentina,1,2e-05
99,Senegal,Australia,1,2e-05
99,Paraguay,Algeria,1,2e-05
99,Belgium,Czechia,1,2e-05
99,Scotland,Canada,1,2e-05
99,New Zealand,Mexico,1,2e-05
99,New Zealand,Ecuador,1,2e-05
99,Iraq,Jordan,1,2e-05
99,New Zealand,Croatia,1,2e-05
99,Brazil,Türkiye,1,2e-05
99,Paraguay,Iraq,1,2e-05
99,Türkiye,Uzbekistan,1,2e-05
99,United States,Sweden,1,2e-05
99,Brazil,Switzerland,1,2e-05
99,New Zealand,Saudi Arabia,1,2e-05
99,Belgium,Norway,1,2e-05
99,Morocco,Canada,1,2e-05
99,Saudi Arabia,Senegal,1,2e-05
99,Cape Verde,South Africa,1,2e-05
99,Belgium,Curaçao,1,2e-05
99,Iran,Panama,1,2e-05
99,Iran,Curaçao,1,2e-05
99,Belgium,Uruguay,1,2e-05
99,Paraguay,Cape Verde,1,2e-05
100,Portugal,Argentina,3613,0.07226
100,Portugal,Canada,1595,0.0319
100,Portugal,Switzerland,1382,0.02764
100,Portugal,Spain,1362,0.02724
100,Portugal,Uruguay,1306,0.02612
100,Colombia,Argentina,1100,0.022
100,Belgium,Argentina,930,0.0186
100,Portugal,Algeria,869,0.01738
100,United States,Argentina,785,0.0157
100,Portugal,Austria,728,0.01456
100,Australia,Argentina,726,0.01452
100,Türkiye,Argentina,723,0.01446
100,Egypt,Argentina,603,0.01206
100,Iran,Argentina,538,0.01076
100,Portugal,Belgium,537,0.01074
100,Colombia,Canada,520,0.0104
100,Portugal,Egypt,488,0.00976
100,Colombia,Spain,488,0.00976
100,Colombia,Switzerland,472,0.00944
100,DR Congo,Argentina,470,0.0094
100,Portugal,Saudi Arabia,460,0.0092
100,New Zealand,Argentina,443,0.00886
100,Portugal,Iran,441,0.00882
100,Belgium,Canada,430,0.0086
100,Belgium,Spain,411,0.00822
100,Colombia,Uruguay,406,0.00812
100,Portugal,New Zealand,390,0.0078
100,United States,Canada,371,0.00742
100,Belgium,Switzerland,357,0.00714
100,Türkiye,Canada,355,0.0071
100,Paraguay,Argentina,346,0.00692
100,United States,Switzerland,342,0.00684
100,Australia,Canada,338,0.00676
100,Portugal,Cape Verde,333,0.00666
100,Australia,Spain,333,0.00666
100,United States,Spain,329,0.00658
100,Belgium,Uruguay,319,0.00638
100,Türkiye,Switzerland,313,0.00626
100,Türkiye,Uruguay,300,0.006
100,Portugal,Jordan,296,0.00592
100,Uzbekistan,Argentina,291,0.00582
100,Türkiye,Spain,288,0.00576
100,Colombia,Algeria,284,0.00568
100,Australia,Switzerland,277,0.00554
100,Iran,Spain,270,0.0054
100,Australia,Uruguay,267,0.00534
100,Egypt,Canada,262,0.00524
100,Croatia,Argentina,261,0.00522
100,United States,Uruguay,261,0.00522
100,Iran,Canada,248,0.00496
100,Egypt,Uruguay,246,0.00492
100,Egypt,Spain,237,0.00474
100,Colombia,Austria,233,0.00466
100,Egypt,Switzerland,231,0.00462
100,DR Congo,Canada,227,0.00454
100,England,Argentina,210,0.0042
100,Iran,Uruguay,209,0.00418
100,Belgium,Algeria,203,0.00406
100,Iran,Switzerland,199,0.00398
100,DR Congo,Switzerland,195,0.0039
100,Belgium,Austria,188,0.00376
100,DR Congo,Spain,180,0.0036
100,Ghana,Argentina,179,0.00358
100,New Zealand,Canada,173,0.00346
100,United States,Austria,167,0.00334
100,Australia,Algeria,165,0.0033
100,Portugal,Colombia,165,0.0033
100,Paraguay,Switzerland,163,0.00326
100,New Zealand,Uruguay,163,0.00326
100,DR Congo,Uruguay,162,0.00324
100,Egypt,Algeria,161,0.00322
100,Türkiye,Austria,161,0.00322
100,Colombia,Egypt,160,0.0032
100,New Zealand,Spain,158,0.00316
100,Türkiye,Algeria,157,0.00314
100,Paraguay,Uruguay,155,0.0031
100,United States,Algeria,154,0.00308
100,Portugal,Croatia,153,0.00306
100,Colombia,Belgium,153,0.00306
100,Belgium,Egypt,152,0.00304
100,New Zealand,Switzerland,147,0.00294
100,Belgium,Saudi Arabia,145,0.0029
100,Colombia,Saudi Arabia,145,0.0029
100,Colombia,Iran,144,0.00288
100,Portugal,Bosnia and Herzegovina,143,0.00286
100,Panama,Argentina,142,0.00284
100,Paraguay,Canada,142,0.00284
100,Egypt,Austria,137,0.00274
100,Portugal,England,136,0.00272
100,Uzbekistan,Spain,133,0.00266
100,Paraguay,Spain,133,0.00266
100,Egypt,Belgium,133,0.00266
100,Belgium,Iran,132,0.00264
100,Croatia,Switzerland,131,0.00262
100,Iran,Algeria,128,0.00256
100,Australia,Austria,126,0.00252
100,Belgium,New Zealand,126,0.00252
100,Uzbekistan,Canada,124,0.00248
100,Uzbekistan,Uruguay,120,0.0024
100,Iran,Belgium,119,0.00238
100,Croatia,Canada,119,0.00238
100,Portugal,Netherlands,117,0.00234
100,Uzbekistan,Switzerland,113,0.00226
100,Iran,Egypt,110,0.0022
100,Türkiye,Belgium,109,0.00218
100,Portugal,Japan,108,0.00216
100,Australia,Belgium,107,0.00214
100,Colombia,New Zealand,107,0.00214
100,Portugal,DR Congo,106,0.00212
100,Portugal,Qatar,105,0.0021
100,Croatia,Spain,105,0.0021
100,Egypt,Iran,104,0.00208
100,England,Canada,103,0.00206
100,Croatia,Uruguay,103,0.00206
100,United States,Iran,102,0.00204
100,Portugal,Ghana,102,0.00204
100,DR Congo,Algeria,101,0.00202
100,Australia,Egypt,99,0.00198
100,United States,Egypt,98,0.00196
100,Colombia,Cape Verde,97,0.00194
100,Paraguay,Algeria,96,0.00192
100,Türkiye,Egypt,96,0.00192
100,Türkiye,Iran,95,0.0019
100,United States,Belgium,95,0.0019
100,DR Congo,Austria,95,0.0019
100,Portugal,Australia,95,0.0019
100,Egypt,New Zealand,95,0.0019
100,United States,Saudi Arabia,94,0.00188
100,Türkiye,Saudi Arabia,94,0.00188
100,Colombia,Jordan,93,0.00186
100,Australia,Saudi Arabia,93,0.00186
100,Portugal,Türkiye,93,0.00186
100,Iran,Austria,92,0.00184
100,Belgium,Cape Verde,90,0.0018
100,New Zealand,Algeria,90,0.0018
100,Portugal,Uzbekistan,90,0.0018
100,Egypt,Saudi Arabia,84,0.00168
100,Australia,Iran,84,0.00168
100,England,Spain,83,0.00166
100,England,Switzerland,80,0.0016
100,Portugal,Panama,80,0.0016
100,DR Congo,Belgium,80,0.0016
100,New Zealand,Belgium,79,0.00158
100,Uzbekistan,Algeria,79,0.00158
100,Belgium,Jordan,77,0.00154
100,Ghana,Canada,76,0.00152
100,Iran,Saudi Arabia,72,0.00144
100,Australia,New Zealand,70,0.0014
100,Portugal,Sweden,69,0.00138
100,Colombia,Portugal,69,0.00138
100,England,Uruguay,69,0.00138
100,United States,New Zealand,69,0.00138
100,Ghana,Uruguay,69,0.00138
100,United States,Cape Verde,67,0.00134
100,Ghana,Switzerland,67,0.00134
100,Türkiye,Jordan,67,0.00134
100,New Zealand,Austria,67,0.00134
100,Paraguay,Austria,67,0.00134
100,New Zealand,Iran,65,0.0013
100,Panama,Canada,65,0.0013
100,DR Congo,Egypt,64,0.00128
100,Iran,New Zealand,63,0.00126
100,Portugal,Paraguay,63,0.00126
100,Türkiye,Cape Verde,63,0.00126
100,Portugal,Tunisia,62,0.00124
100,Uzbekistan,Austria,62,0.00124
100,DR Congo,Iran,61,0.00122
100,New Zealand,Egypt,61,0.00122
100,New Zealand,Saudi Arabia,59,0.00118
100,Australia,Cape Verde,59,0.00118
100,DR Congo,Saudi Arabia,58,0.00116
100,Egypt,Cape Verde,57,0.00114
100,Croatia,Algeria,57,0.00114
100,Ghana,Spain,56,0.00112
100,Panama,Switzerland,56,0.00112
100,Belgium,Colombia,56,0.00112
100,Australia,Jordan,56,0.00112
100,Panama,Spain,56,0.00112
100,United States,Jordan,55,0.0011
100,Colombia,England,54,0.00108
100,Croatia,Austria,54,0.00108
100,Portugal,United States,54,0.00108
100,Türkiye,New Zealand,53,0.00106
100,Belgium,Portugal,53,0.00106
100,Paraguay,Belgium,53,0.00106
100,Iran,Jordan,53,0.00106
100,Uzbekistan,Belgium,51,0.00102
100,Türkiye,Portugal,50,0.001
100,Iran,Cape Verde,50,0.001
100,England,Algeria,49,0.00098
100,DR Congo,Cape Verde,49,0.00098
100,England,Saudi Arabia,48,0.00096
100,Colombia,Croatia,48,0.00096
100,Australia,Portugal,48,0.00096
100,Panama,Uruguay,47,0.00094
100,Colombia,DR Congo,46,0.00092
100,Paraguay,Saudi Arabia,46,0.00092
100,DR Congo,Jordan,45,0.0009
100,United States,DR Congo,44,0.00088
100,Paraguay,Iran,44,0.00088
100,England,Egypt,44,0.00088
100,Croatia,Egypt,43,0.00086
100,Paraguay,Egypt,43,0.00086
100,Colombia,Bosnia and Herzegovina,43,0.00086
100,Croatia,Belgium,42,0.00084
100,United States,Portugal,42,0.00084
100,Colombia,Japan,41,0.00082
100,Belgium,England,40,0.0008
100,DR Congo,New Zealand,40,0.0008
100,England,Belgium,39,0.00078
100,United States,Croatia,39,0.00078
100,Belgium,Netherlands,38,0.00076
100,Uzbekistan,Egypt,38,0.00076
100,England,Austria,38,0.00076
100,Türkiye,Colombia,38,0.00076
100,United States,England,37,0.00074
100,Belgium,Croatia,37,0.00074
100,Egypt,Jordan,37,0.00074
100,Croatia,Saudi Arabia,37,0.00074
100,New Zealand,Jordan,37,0.00074
100,Ghana,Algeria,37,0.00074
100,Colombia,Qatar,36,0.00072
100,Australia,Colombia,36,0.00072
100,Uzbekistan,Iran,35,0.0007
100,Egypt,Portugal,35,0.0007
100,Uzbekistan,Saudi Arabia,35,0.0007
100,Belgium,Bosnia and Herzegovina,35,0.0007
100,Iran,Portugal,34,0.00068
100,Türkiye,Croatia,34,0.00068
100,Türkiye,DR Congo,33,0.00066
100,Australia,Croatia,33,0.00066
100,Paraguay,Cape Verde,33,0.00066
100,United States,Colombia,31,0.00062
100,DR Congo,Colombia,30,0.0006
100,Belgium,DR Congo,30,0.0006
100,England,Iran,30,0.0006
100,Australia,England,30,0.0006
100,Australia,Türkiye,30,0.0006
100,United States,Qatar,30,0.0006
100,Uzbekistan,Jordan,30,0.0006
100,New Zealand,Cape Verde,29,0.00058
100,Australia,Bosnia and Herzegovina,29,0.00058
100,Panama,Algeria,29,0.00058
100,Croatia,New Zealand,29,0.00058
100,Colombia,Türkiye,29,0.00058
100,Croatia,Portugal,29,0.00058
100,Uzbekistan,New Zealand,28,0.00056
100,Belgium,Qatar,28,0.00056
100,Egypt,Netherlands,28,0.00056
100,New Zealand,Portugal,27,0.00054
100,Iran,Colombia,27,0.00054
100,Colombia,Ghana,27,0.00054
100,Paraguay,New Zealand,27,0.00054
100,Ghana,Belgium,27,0.00054
100,DR Congo,Portugal,26,0.00052
100,Paraguay,Jordan,26,0.00052
100,Australia,DR Congo,26,0.00052
100,Belgium,Türkiye,26,0.00052
100,Ghana,Austria,26,0.00052
100,Belgium,Uzbekistan,26,0.00052
100,DR Congo,England,25,0.0005
100,Türkiye,England,25,0.0005
100,Iran,Qatar,25,0.0005
100,Uzbekistan,Cape Verde,25,0.0005
100,Egypt,DR Congo,25,0.0005
100,Egypt,England,25,0.0005
100,Türkiye,Bosnia and Herzegovina,25,0.0005
100,Colombia,Tunisia,25,0.0005
100,Paraguay,Portugal,25,0.0005
100,Egypt,Bosnia and Herzegovina,24,0.00048
100,Belgium,Tunisia,24,0.00048
100,Colombia,Australia,24,0.00048
100,Türkiye,Australia,24,0.00048
100,Iran,Bosnia and Herzegovina,24,0.00048
100,United States,Japan,24,0.00048
100,Iran,Croatia,23,0.00046
100,Croatia,Iran,23,0.00046
100,United States,Tunisia,23,0.00046
100,Croatia,Colombia,23,0.00046
100,Panama,Austria,23,0.00046
100,Colombia,United States,22,0.00044
100,Iran,England,22,0.00044
100,England,New Zealand,22,0.00044
100,Türkiye,Netherlands,22,0.00044
100,United States,Bosnia and Herzegovina,22,0.00044
100,Egypt,Colombia,22,0.00044
100,Iran,DR Congo,22,0.00044
100,Colombia,Paraguay,22,0.00044
100,Australia,Netherlands,22,0.00044
100,Ghana,New Zealand,21,0.00042
100,Egypt,Japan,21,0.00042
100,Ghana,Portugal,21,0.00042
100,Australia,Japan,21,0.00042
100,Panama,Iran,21,0.00042
100,Egypt,Qatar,21,0.00042
100,Belgium,Panama,21,0.00042
100,Colombia,Panama,21,0.00042
100,Belgium,Japan,21,0.00042
100,Türkiye,Qatar,20,0.0004
100,Australia,Uzbekistan,20,0.0004
100,DR Congo,Bosnia and Herzegovina,20,0.0004
100,Egypt,Croatia,20,0.0004
100,Ghana,Colombia,20,0.0004
100,Australia,Qatar,20,0.0004
100,Panama,Belgium,20,0.0004
100,Ghana,Egypt,20,0.0004
100,United States,Netherlands,20,0.0004
100,United States,Uzbekistan,20,0.0004
100,Panama,Portugal,20,0.0004
100,Colombia,Netherlands,20,0.0004
100,Iran,Netherlands,20,0.0004
100,Türkiye,Ghana,19,0.00038
100,Türkiye,Japan,19,0.00038
100,Panama,Egypt,19,0.00038
100,England,Jordan,19,0.00038
100,New Zealand,Colombia,19,0.00038
100,Uzbekistan,Croatia,19,0.00038
100,Australia,Ghana,18,0.00036
100,Paraguay,Bosnia and Herzegovina,18,0.00036
100,New Zealand,Croatia,18,0.00036
100,Egypt,Australia,18,0.00036
100,Paraguay,Croatia,18,0.00036
100,Colombia,Uzbekistan,18,0.00036
100,Egypt,Uzbekistan,18,0.00036
100,Türkiye,Uzbekistan,18,0.00036
100,Uzbekistan,Colombia,18,0.00036
100,Iran,Ghana,18,0.00036
100,New Zealand,Sweden,17,0.00034
100,Iran,Japan,17,0.00034
100,Belgium,United States,17,0.00034
100,England,Colombia,17,0.00034
100,Uzbekistan,Portugal,16,0.00032
100,Belgium,Ghana,16,0.00032
100,Australia,Tunisia,16,0.00032
100,Türkiye,Tunisia,16,0.00032
100,Croatia,Jordan,16,0.00032
100,Austria,Argentina,16,0.00032
100,Türkiye,Panama,16,0.00032
100,Uzbekistan,England,16,0.00032
100,Ghana,Saudi Arabia,16,0.00032
100,Ghana,Iran,15,0.0003
100,New Zealand,Tunisia,15,0.0003
100,England,Cape Verde,15,0.0003
100,Egypt,Sweden,15,0.0003
100,Belgium,Australia,15,0.0003
100,Australia,Panama,15,0.0003
100,DR Congo,Panama,15,0.0003
100,Belgium,Paraguay,15,0.0003
100,DR Congo,Croatia,15,0.0003
100,New Zealand,Japan,15,0.0003
100,Iran,Tunisia,15,0.0003
100,England,Portugal,15,0.0003
100,Australia,United States,15,0.0003
100,DR Congo,Netherlands,14,0.00028
100,Belgium,Sweden,14,0.00028
100,Croatia,DR Congo,14,0.00028
100,Paraguay,England,14,0.00028
100,Croatia,Uzbekistan,14,0.00028
100,United States,Paraguay,13,0.00026
100,DR Congo,Ghana,13,0.00026
100,Croatia,Türkiye,13,0.00026
100,Iran,United States,13,0.00026
100,DR Congo,Uzbekistan,13,0.00026
100,Egypt,Tunisia,13,0.00026
100,United States,Panama,13,0.00026
100,Panama,Saudi Arabia,13,0.00026
100,Uzbekistan,Bosnia and Herzegovina,12,0.00024
100,United States,Australia,12,0.00024
100,England,DR Congo,12,0.00024
100,Paraguay,Colombia,12,0.00024
100,Iran,Australia,12,0.00024
100,DR Congo,Qatar,12,0.00024
100,Panama,Colombia,12,0.00024
100,Egypt,Türkiye,12,0.00024
100,DR Congo,Paraguay,12,0.00024
100,Croatia,Bosnia and Herzegovina,12,0.00024
100,DR Congo,United States,12,0.00024
100,Paraguay,Qatar,12,0.00024
100,United States,Türkiye,12,0.00024
100,New Zealand,DR Congo,12,0.00024
100,New Zealand,Netherlands,12,0.00024
100,New Zealand,England,11,0.00022
100,Croatia,Cape Verde,11,0.00022
100,Türkiye,United States,11,0.00022
100,Ghana,Australia,11,0.00022
100,Iran,Türkiye,11,0.00022
100,Egypt,Panama,11,0.00022
100,Uzbekistan,Qatar,10,0.0002
100,Argentina,Uruguay,10,0.0002
100,New Zealand,Bosnia and Herzegovina,10,0.0002
100,Paraguay,DR Congo,10,0.0002
100,DR Congo,Australia,10,0.0002
100,Paraguay,Uzbekistan,10,0.0002
100,Algeria,Argentina,10,0.0002
100,Egypt,United States,10,0.0002
100,Colombia,Sweden,10,0.0002
100,United States,Ghana,10,0.0002
100,New Zealand,Ghana,10,0.0002
100,Iran,Panama,10,0.0002
100,Paraguay,Netherlands,10,0.0002
100,Paraguay,United States,10,0.0002
100,Uzbekistan,DR Congo,9,0.00018
100,Panama,DR Congo,9,0.00018
100,Ghana,Cape Verde,9,0.00018
100,Panama,Cape Verde,9,0.00018
100,Australia,Sweden,9,0.00018
100,United States,Sweden,9,0.00018
100,Panama,Jordan,9,0.00018
100,Paraguay,Ghana,9,0.00018
100,New Zealand,Uzbekistan,9,0.00018
100,New Zealand,Türkiye,9,0.00018
100,Uzbekistan,Türkiye,9,0.00018
100,Türkiye,Paraguay,9,0.00018
100,England,Qatar,9,0.00018
100,Iran,Uzbekistan,9,0.00018
100,Uzbekistan,Ghana,9,0.00018
100,Egypt,Ghana,9,0.00018
100,Uzbekistan,Australia,9,0.00018
100,Panama,Türkiye,8,0.00016
100,Iran,Sweden,8,0.00016
100,Paraguay,Sweden,8,0.00016
100,Jordan,Argentina,8,0.00016
100,Croatia,Paraguay,8,0.00016
100,Ghana,Qatar,8,0.00016
100,Panama,New Zealand,8,0.00016
100,Croatia,Australia,8,0.00016
100,Türkiye,Sweden,8,0.00016
100,Algeria,Spain,8,0.00016
100,DR Congo,Tunisia,8,0.00016
100,Paraguay,Japan,8,0.00016
100,Croatia,Qatar,8,0.00016
100,Croatia,United States,8,0.00016
100,Paraguay,Australia,8,0.00016
100,Paraguay,Türkiye,8,0.00016
100,Austria,Switzerland,7,0.00014
100,Argentina,Spain,7,0.00014
100,DR Congo,Türkiye,7,0.00014
100,Austria,Uruguay,7,0.00014
100,England,Türkiye,7,0.00014
100,Argentina,Austria,7,0.00014
100,Austria,Algeria,7,0.00014
100,Ghana,Bosnia and Herzegovina,7,0.00014
100,Austria,Spain,7,0.00014
100,Austria,Canada,7,0.00014
100,Uzbekistan,Sweden,6,0.00012
100,Panama,Australia,6,0.00012
100,England,Japan,6,0.00012
100,Uzbekistan,Netherlands,6,0.00012
100,Uzbekistan,Panama,6,0.00012
100,Argentina,Canada,6,0.00012
100,Ghana,Türkiye,6,0.00012
100,New Zealand,Australia,6,0.00012
100,Ghana,Jordan,6,0.00012
100,DR Congo,Japan,6,0.00012
100,England,Bosnia and Herzegovina,6,0.00012
100,England,Netherlands,6,0.00012
100,Jordan,Spain,6,0.00012
100,Austria,Belgium,6,0.00012
100,Egypt,Paraguay,6,0.00012
100,Croatia,Netherlands,6,0.00012
100,Iran,Paraguay,5,0.0001
100,New Zealand,Qatar,5,0.0001
100,Paraguay,Tunisia,5,0.0001
100,England,Uzbekistan,5,0.0001
100,Australia,Paraguay,5,0.0001
100,Uzbekistan,Tunisia,5,0.0001
100,Argentina,Jordan,5,0.0001
100,New Zealand,Panama,5,0.0001
100,Ghana,Japan,5,0.0001
100,England,United States,5,0.0001
100,DR Congo,Sweden,5,0.0001
100,Algeria,Canada,5,0.0001
100,Ghana,DR Congo,5,0.0001
100,Uzbekistan,United States,5,0.0001
100,Argentina,Switzerland,5,0.0001
100,England,Australia,5,0.0001
100,Panama,Bosnia and Herzegovina,5,0.0001
100,Austria,New Zealand,4,8e-05
100,Argentina,New Zealand,4,8e-05
100,New Zealand,Paraguay,4,8e-05
100,Uzbekistan,Japan,4,8e-05
100,Argentina,Algeria,4,8e-05
100,Algeria,Switzerland,4,8e-05
100,England,Tunisia,4,8e-05
100,Paraguay,Panama,4,8e-05
100,Panama,Uzbekistan,4,8e-05
100,Algeria,Belgium,4,8e-05
100,Jordan,Switzerland,4,8e-05
100,Algeria,Austria,4,8e-05
100,England,Paraguay,4,8e-05
100,Panama,Netherlands,3,6e-05
100,Algeria,New Zealand,3,6e-05
100,Ghana,Uzbekistan,3,6e-05
100,New Zealand,United States,3,6e-05
100,Ghana,Tunisia,3,6e-05
100,Ghana,United States,3,6e-05
100,Panama,Japan,3,6e-05
100,Argentina,Iran,3,6e-05
100,Argentina,Belgium,3,6e-05
100,Algeria,Egypt,3,6e-05
100,Jordan,Austria,3,6e-05
100,Ghana,Paraguay,3,6e-05
100,Austria,Saudi Arabia,3,6e-05
100,Panama,Paraguay,3,6e-05
100,Panama,Qatar,3,6e-05
100,Austria,Iran,3,6e-05
100,Ghana,Netherlands,2,4e-05
100,Ghana,Sweden,2,4e-05
100,Croatia,Tunisia,2,4e-05
100,Austria,Egypt,2,4e-05
100,Argentina,Saudi Arabia,2,4e-05
100,England,Sweden,2,4e-05
100,Jordan,Belgium,2,4e-05
100,Argentina,Netherlands,2,4e-05
100,Jordan,Saudi Arabia,2,4e-05
100,Croatia,Sweden,2,4e-05
100,Algeria,Saudi Arabia,2,4e-05
100,Uzbekistan,Paraguay,2,4e-05
100,Algeria,Cape Verde,2,4e-05
100,Austria,Netherlands,2,4e-05
100,Jordan,Canada,1,2e-05
100,Jordan,Uruguay,1,2e-05
100,Algeria,Iran,1,2e-05
100,Algeria,Netherlands,1,2e-05
100,Austria,Japan,1,2e-05
100,Austria,Jordan,1,2e-05
100,Jordan,Egypt,1,2e-05
100,Argentina,Qatar,1,2e-05
100,Panama,Tunisia,1,2e-05
100,Jordan,Algeria,1,2e-05
100,Algeria,Uruguay,1,2e-05
100,Croatia,Japan,1,2e-05
100,Argentina,Sweden,1,2e-05
100,Argentina,Japan,1,2e-05
100,Jordan,Iran,1,2e-05
100,Jordan,Bosnia and Herzegovina,1,2e-05
100,Panama,Sweden,1,2e-05
100,Austria,Sweden,1,2e-05
100,Jordan,Netherlands,1,2e-05
101,Germany,Spain,3125,0.0625
101,Morocco,Spain,1256,0.02512
101,France,Spain,1177,0.02354
101,Brazil,Spain,1138,0.02276
101,Japan,Spain,953,0.01906
101,Netherlands,Spain,920,0.0184
101,South Korea,Spain,820,0.0164
101,Norway,Spain,764,0.01528
101,Mexico,Spain,756,0.01512
101,Côte d'Ivoire,Spain,739,0.01478
101,Switzerland,Spain,739,0.01478
101,Germany,England,694,0.01388
101,Germany,Belgium,676,0.01352
101,Germany,Portugal,672,0.01344
101,Germany,Argentina,650,0.013
101,Senegal,Spain,597,0.01194
101,Germany,United States,576,0.01152
101,Ecuador,Spain,549,0.01098
101,Canada,Spain,487,0.00974
101,Germany,Croatia,385,0.0077
101,Germany,Colombia,360,0.0072
101,Czechia,Spain,285,0.0057
101,France,Argentina,277,0.00554
101,Brazil,England,273,0.00546
101,Morocco,England,271,0.00542
101,Morocco,Argentina,270,0.0054
101,Brazil,Belgium,269,0.00538
101,Germany,Austria,268,0.00536
101,Morocco,Belgium,260,0.0052
101,Germany,Algeria,259,0.00518
101,Brazil,Argentina,256,0.00512
101,France,England,254,0.00508
101,Morocco,Portugal,250,0.005
101,France,Belgium,249,0.00498
101,Brazil,Portugal,246,0.00492
101,France,Portugal,245,0.0049
101,Japan,Belgium,231,0.00462
101,Germany,Australia,217,0.00434
101,South Africa,Spain,212,0.00424
101,Brazil,United States,205,0.0041
101,Japan,England,204,0.00408
101,Japan,Argentina,202,0.00404
101,Germany,Egypt,199,0.00398
101,Netherlands,England,198,0.00396
101,France,United States,198,0.00396
101,Germany,Türkiye,196,0.00392
101,Netherlands,Portugal,189,0.00378
101,Japan,Portugal,188,0.00376
101,Morocco,United States,185,0.0037
101,Germany,Iran,183,0.00366
101,Netherlands,Argentina,183,0.00366
101,Norway,England,183,0.00366
101,Netherlands,Belgium,182,0.00364
101,South Korea,Belgium,177,0.00354
101,Netherlands,United States,177,0.00354
101,Mexico,England,176,0.00352
101,Germany,DR Congo,172,0.00344
101,Norway,Argentina,169,0.00338
101,South Korea,Argentina,169,0.00338
101,Côte d'Ivoire,England,167,0.00334
101,South Korea,Portugal,167,0.00334
101,South Korea,England,166,0.00332
101,Switzerland,England,165,0.0033
101,Japan,United States,165,0.0033
101,Côte d'Ivoire,Belgium,161,0.00322
101,Norway,Belgium,160,0.0032
101,Norway,Portugal,157,0.00314
101,Switzerland,Belgium,157,0.00314
101,Curaçao,Spain,157,0.00314
101,Mexico,Portugal,152,0.00304
101,France,Colombia,152,0.00304
101,Brazil,Croatia,150,0.003
101,Germany,France,149,0.00298
101,Switzerland,Portugal,148,0.00296
101,Mexico,Argentina,148,0.00296
101,Germany,Netherlands,147,0.00294
101,Côte d'Ivoire,Portugal,146,0.00292
101,Morocco,Colombia,145,0.0029
101,Brazil,Colombia,145,0.0029
101,France,Croatia,145,0.0029
101,Morocco,Croatia,144,0.00288
101,Mexico,Belgium,143,0.00286
101,South Korea,United States,142,0.00284
101,Côte d'Ivoire,United States,141,0.00282
101,Switzerland,Argentina,140,0.0028
101,Norway,United States,138,0.00276
101,Germany,Uruguay,137,0.00274
101,Côte d'Ivoire,Argentina,135,0.0027
101,Ecuador,England,134,0.00268
101,Japan,Colombia,133,0.00266
101,Ecuador,Belgium,132,0.00264
101,Tunisia,Spain,131,0.00262
101,Germany,Switzerland,130,0.0026
101,Germany,Norway,129,0.00258
101,Germany,Senegal,126,0.00252
101,Senegal,England,124,0.00248
101,Netherlands,Croatia,124,0.00248
101,Senegal,Argentina,121,0.00242
101,Germany,Japan,120,0.0024
101,Japan,Croatia,118,0.00236
101,Senegal,Portugal,117,0.00234
101,Mexico,United States,117,0.00234
101,Morocco,Austria,117,0.00234
101,Senegal,Belgium,117,0.00234
101,Germany,New Zealand,116,0.00232
101,Mexico,Colombia,114,0.00228
101,Switzerland,United States,112,0.00224
101,Netherlands,Colombia,112,0.00224
101,Ecuador,Argentina,112,0.00224
101,Senegal,United States,108,0.00216
101,Brazil,Algeria,107,0.00214
101,Bosnia and Herzegovina,Spain,106,0.00212
101,Morocco,Algeria,105,0.0021
101,Ecuador,Portugal,105,0.0021
101,Switzerland,Colombia,102,0.00204
101,Canada,England,101,0.00202
101,South Korea,Colombia,100,0.002
101,Côte d'Ivoire,Croatia,99,0.00198
101,Ecuador,United States,99,0.00198
101,Canada,Belgium,98,0.00196
101,Brazil,Austria,98,0.00196
101,Canada,Portugal,97,0.00194
101,Germany,Uzbekistan,96,0.00192
101,France,Iran,96,0.00192
101,Sweden,Spain,93,0.00186
101,South Korea,Croatia,93,0.00186
101,Norway,Croatia,93,0.00186
101,Mexico,Croatia,92,0.00184
101,Switzerland,Croatia,91,0.00182
101,Germany,Jordan,91,0.00182
101,France,Algeria,89,0.00178
101,Scotland,Spain,89,0.00178
101,France,Egypt,88,0.00176
101,Morocco,Türkiye,87,0.00174
101,Morocco,Egypt,86,0.00172
101,Canada,Argentina,85,0.0017
101,France,Austria,84,0.00168
101,Côte d'Ivoire,Colombia,84,0.00168
101,Senegal,Colombia,82,0.00164
101,Norway,Colombia,80,0.0016
101,Germany,Panama,78,0.00156
101,France,Türkiye,78,0.00156
101,Morocco,Iran,78,0.00156
101,Brazil,Egypt,78,0.00156
101,Germany,Ghana,78,0.00156
101,Canada,United States,76,0.00152
101,Netherlands,Algeria,76,0.00152
101,Japan,Austria,74,0.00148
101,Iraq,Spain,74,0.00148
101,Japan,Algeria,74,0.00148
101,South Korea,Austria,72,0.00144
101,Germany,Canada,72,0.00144
101,Qatar,Spain,71,0.00142
101,Morocco,DR Congo,70,0.0014
101,Japan,Egypt,70,0.0014
101,Netherlands,Iran,70,0.0014
101,Norway,Algeria,69,0.00138
101,Mexico,Austria,68,0.00136
101,Czechia,Portugal,68,0.00136
101,Norway,Austria,67,0.00134
101,Morocco,Australia,66,0.00132
101,Brazil,Australia,66,0.00132
101,Netherlands,Türkiye,65,0.0013
101,Senegal,Croatia,65,0.0013
101,Ecuador,Croatia,64,0.00128
101,Brazil,Türkiye,64,0.00128
101,Mexico,Algeria,64,0.00128
101,France,DR Congo,64,0.00128
101,Netherlands,Austria,64,0.00128
101,Brazil,France,63,0.00126
101,Japan,Türkiye,63,0.00126
101,Japan,DR Congo,62,0.00124
101,South Korea,Algeria,62,0.00124
101,Morocco,France,61,0.00122
101,Côte d'Ivoire,Austria,61,0.00122
101,Switzerland,Austria,61,0.00122
101,Netherlands,Egypt,60,0.0012
101,Côte d'Ivoire,Algeria,60,0.0012
101,Haiti,Spain,59,0.00118
101,Switzerland,Algeria,59,0.00118
101,Ecuador,Colombia,59,0.00118
101,South Korea,DR Congo,59,0.00118
101,Brazil,Norway,58,0.00116
101,Brazil,Japan,58,0.00116
101,Brazil,Iran,58,0.00116
101,Netherlands,France,57,0.00114
101,France,Norway,57,0.00114
101,Côte d'Ivoire,Egypt,57,0.00114
101,Czechia,England,57,0.00114
101,Senegal,Austria,57,0.00114
101,Norway,Australia,57,0.00114
101,Netherlands,Australia,56,0.00112
101,South Korea,Egypt,56,0.00112
101,Brazil,DR Congo,56,0.00112
101,Czechia,Argentina,56,0.00112
101,Norway,Egypt,56,0.00112
101,Switzerland,Türkiye,55,0.0011
101,Canada,Colombia,55,0.0011
101,Norway,Türkiye,55,0.0011
101,Switzerland,Egypt,55,0.0011
101,South Korea,Türkiye,55,0.0011
101,Morocco,Norway,54,0.00108
101,France,Senegal,54,0.00108
101,Mexico,Türkiye,53,0.00106
101,Japan,Iran,53,0.00106
101,Morocco,Uruguay,53,0.00106
101,Czechia,Belgium,53,0.00106
101,Mexico,Egypt,53,0.00106
101,France,Australia,53,0.00106
101,Norway,Senegal,53,0.00106
101,Japan,Australia,51,0.00102
101,South Africa,Belgium,51,0.00102
101,South Korea,Australia,50,0.001
101,Norway,Iran,49,0.00098
101,Morocco,Japan,49,0.00098
101,France,Uruguay,49,0.00098
101,Côte d'Ivoire,Switzerland,48,0.00096
101,Japan,Uruguay,48,0.00096
101,South Africa,England,48,0.00096
101,Côte d'Ivoire,Australia,48,0.00096
101,Germany,Paraguay,48,0.00096
101,Netherlands,Uruguay,47,0.00094
101,Netherlands,Norway,47,0.00094
101,Switzerland,Iran,47,0.00094
101,South Korea,Iran,47,0.00094
101,Morocco,Netherlands,47,0.00094
101,Canada,Croatia,46,0.00092
101,Brazil,Switzerland,45,0.0009
101,Norway,DR Congo,45,0.0009
101,Norway,France,45,0.0009
101,South Africa,Argentina,45,0.0009
101,Côte d'Ivoire,Iran,45,0.0009
101,Switzerland,DR Congo,45,0.0009
101,France,Japan,45,0.0009
101,Brazil,Uruguay,44,0.00088
101,Mexico,DR Congo,44,0.00088
101,Brazil,Netherlands,43,0.00086
101,Morocco,Switzerland,43,0.00086
101,Czechia,United States,43,0.00086
101,Mexico,Iran,43,0.00086
101,Senegal,Algeria,43,0.00086
101,Côte d'Ivoire,DR Congo,43,0.00086
101,Morocco,Ghana,43,0.00086
101,France,Switzerland,43,0.00086
101,Curaçao,Portugal,42,0.00084
101,Switzerland,Netherlands,42,0.00084
101,Curaçao,United States,42,0.00084
101,Switzerland,Australia,42,0.00084
101,Senegal,France,42,0.00084
101,Morocco,Senegal,42,0.00084
101,Switzerland,Senegal,42,0.00084
101,Côte d'Ivoire,France,41,0.00082
101,Ecuador,Austria,41,0.00082
101,Japan,France,41,0.00082
101,South Korea,Switzerland,41,0.00082
101,France,New Zealand,41,0.00082
101,Japan,Senegal,41,0.00082
101,Brazil,Senegal,41,0.00082
101,Côte d'Ivoire,Türkiye,41,0.00082
101,Japan,Norway,40,0.0008
101,Brazil,New Zealand,39,0.00078
101,Czechia,Colombia,39,0.00078
101,Mexico,Australia,39,0.00078
101,Ecuador,Egypt,39,0.00078
101,Curaçao,Argentina,39,0.00078
101,Brazil,Jordan,39,0.00078
101,Switzerland,France,39,0.00078
101,Tunisia,England,38,0.00076
101,Senegal,Türkiye,38,0.00076
101,Canada,Algeria,38,0.00076
101,Senegal,Norway,38,0.00076
101,South Africa,United States,38,0.00076
101,Ecuador,Algeria,37,0.00074
101,Morocco,Jordan,37,0.00074
101,Ecuador,Iran,37,0.00074
101,Tunisia,Belgium,37,0.00074
101,France,Jordan,36,0.00072
101,France,Netherlands,36,0.00072
101,Curaçao,England,36,0.00072
101,Germany,Tunisia,36,0.00072
101,Ecuador,Australia,36,0.00072
101,Netherlands,Switzerland,36,0.00072
101,Switzerland,Uruguay,36,0.00072
101,Côte d'Ivoire,Uruguay,35,0.0007
101,Brazil,Ghana,35,0.0007
101,Côte d'Ivoire,Netherlands,35,0.0007
101,Senegal,Iran,35,0.0007
101,France,Uzbekistan,35,0.0007
101,South Korea,France,34,0.00068
101,South Korea,Uruguay,34,0.00068
101,Japan,Uzbekistan,34,0.00068
101,Ecuador,Türkiye,34,0.00068
101,Norway,Switzerland,34,0.00068
101,Morocco,Panama,33,0.00066
101,Netherlands,DR Congo,33,0.00066
101,Côte d'Ivoire,Norway,33,0.00066
101,Senegal,Egypt,33,0.00066
101,Tunisia,Portugal,33,0.00066
101,Curaçao,Belgium,32,0.00064
101,Ecuador,DR Congo,32,0.00064
101,Sweden,Portugal,32,0.00064
101,Brazil,Uzbekistan,32,0.00064
101,Senegal,DR Congo,32,0.00064
101,Norway,Uruguay,31,0.00062
101,Mexico,Uruguay,31,0.00062
101,Mexico,New Zealand,31,0.00062
101,Mexico,France,31,0.00062
101,Japan,New Zealand,31,0.00062
101,Norway,Japan,31,0.00062
101,Switzerland,Ghana,31,0.00062
101,Canada,Egypt,30,0.0006
101,South Korea,Norway,30,0.0006
101,South Korea,New Zealand,30,0.0006
101,Germany,Sweden,30,0.0006
101,South Africa,Colombia,30,0.0006
101,Japan,Jordan,30,0.0006
101,Tunisia,United States,30,0.0006
101,Morocco,Uzbekistan,30,0.0006
101,Switzerland,Japan,29,0.00058
101,Netherlands,Ghana,29,0.00058
101,Japan,Switzerland,29,0.00058
101,Norway,Jordan,29,0.00058
101,Canada,Austria,29,0.00058
101,Morocco,New Zealand,29,0.00058
101,Netherlands,Jordan,29,0.00058
101,Morocco,Canada,29,0.00058
101,Brazil,Canada,29,0.00058
101,Mexico,Norway,29,0.00058
101,Switzerland,New Zealand,28,0.00056
101,Canada,Australia,28,0.00056
101,Curaçao,Colombia,28,0.00056
101,Ecuador,Japan,28,0.00056
101,Switzerland,Jordan,28,0.00056
101,South Africa,Portugal,28,0.00056
101,Switzerland,Norway,27,0.00054
101,Côte d'Ivoire,Ghana,27,0.00054
101,Netherlands,Senegal,27,0.00054
101,Norway,Uzbekistan,27,0.00054
101,Japan,Ghana,27,0.00054
101,Côte d'Ivoire,Panama,27,0.00054
101,South Korea,Senegal,27,0.00054
101,Germany,Bosnia and Herzegovina,27,0.00054
101,France,Ghana,27,0.00054
101,Mexico,Switzerland,26,0.00052
101,Germany,Saudi Arabia,26,0.00052
101,Sweden,Belgium,26,0.00052
101,Netherlands,Uzbekistan,26,0.00052
101,Côte d'Ivoire,New Zealand,26,0.00052
101,Netherlands,New Zealand,26,0.00052
101,Brazil,Panama,26,0.00052
101,Mexico,Netherlands,26,0.00052
101,South Africa,Croatia,26,0.00052
101,Japan,Netherlands,26,0.00052
101,Canada,Japan,26,0.00052
101,Netherlands,Japan,25,0.0005
101,South Korea,Canada,25,0.0005
101,Sweden,England,25,0.0005
101,Senegal,Uruguay,25,0.0005
101,Mexico,Senegal,24,0.00048
101,Tunisia,Argentina,24,0.00048
101,Senegal,Switzerland,24,0.00048
101,Germany,Iraq,24,0.00048
101,Netherlands,Paraguay,24,0.00048
101,Canada,DR Congo,24,0.00048
101,Scotland,Belgium,24,0.00048
101,Bosnia and Herzegovina,Portugal,24,0.00048
101,France,Paraguay,24,0.00048
101,Bosnia and Herzegovina,Belgium,24,0.00048
101,Senegal,Uzbekistan,24,0.00048
101,Czechia,Türkiye,24,0.00048
101,Ecuador,France,23,0.00046
101,Norway,New Zealand,23,0.00046
101,Côte d'Ivoire,Senegal,23,0.00046
101,Bosnia and Herzegovina,England,23,0.00046
101,Norway,Netherlands,23,0.00046
101,Switzerland,Uzbekistan,23,0.00046
101,Mexico,Japan,23,0.00046
101,Iraq,England,23,0.00046
101,Côte d'Ivoire,Japan,23,0.00046
101,Canada,Türkiye,22,0.00044
101,Czechia,Austria,22,0.00044
101,Curaçao,Croatia,22,0.00044
101,Iraq,Belgium,22,0.00044
101,Sweden,Argentina,22,0.00044
101,Canada,France,22,0.00044
101,Czechia,Croatia,22,0.00044
101,Norway,Ghana,21,0.00042
101,Mexico,Jordan,21,0.00042
101,Senegal,Australia,21,0.00042
101,Netherlands,Panama,21,0.00042
101,Bosnia and Herzegovina,United States,21,0.00042
101,South Africa,Austria,21,0.00042
101,Netherlands,Tunisia,21,0.00042
101,South Korea,Uzbekistan,21,0.00042
101,Ecuador,Norway,21,0.00042
101,Haiti,England,21,0.00042
101,Iraq,United States,21,0.00042
101,Scotland,England,20,0.0004
101,South Korea,Netherlands,20,0.0004
101,Scotland,Portugal,20,0.0004
101,Canada,Netherlands,20,0.0004
101,Senegal,New Zealand,20,0.0004
101,France,Panama,20,0.0004
101,Côte d'Ivoire,Jordan,20,0.0004
101,Morocco,Paraguay,20,0.0004
101,South Korea,Paraguay,20,0.0004
101,Senegal,Japan,20,0.0004
101,Bosnia and Herzegovina,Argentina,20,0.0004
101,Ecuador,Netherlands,20,0.0004
101,France,Canada,20,0.0004
101,Canada,Uruguay,19,0.00038
101,Czechia,DR Congo,19,0.00038
101,Germany,Qatar,19,0.00038
101,Canada,Iran,19,0.00038
101,South Korea,Jordan,19,0.00038
101,Norway,Canada,19,0.00038
101,Iraq,Portugal,18,0.00036
101,Brazil,Tunisia,18,0.00036
101,South Korea,Ghana,18,0.00036
101,Japan,Panama,18,0.00036
101,Côte d'Ivoire,Uzbekistan,18,0.00036
101,Ecuador,Uruguay,18,0.00036
101,Norway,Paraguay,18,0.00036
101,Senegal,Ghana,18,0.00036
101,Czechia,Algeria,17,0.00034
101,Switzerland,Panama,17,0.00034
101,Morocco,Tunisia,17,0.00034
101,South Africa,Egypt,17,0.00034
101,Canada,Norway,17,0.00034
101,South Korea,Japan,17,0.00034
101,Haiti,Portugal,17,0.00034
101,Bosnia and Herzegovina,Croatia,17,0.00034
101,Brazil,Paraguay,17,0.00034
101,Tunisia,Colombia,17,0.00034
101,Curaçao,Uruguay,17,0.00034
101,Ecuador,Switzerland,16,0.00032
101,Japan,Sweden,16,0.00032
101,Japan,Paraguay,16,0.00032
101,Qatar,Belgium,16,0.00032
101,Norway,Panama,16,0.00032
101,Senegal,Netherlands,16,0.00032
101,Ecuador,Panama,16,0.00032
101,Scotland,Argentina,16,0.00032
101,Tunisia,Japan,16,0.00032
101,Qatar,Portugal,15,0.0003
101,Côte d'Ivoire,Canada,15,0.0003
101,Iraq,Argentina,15,0.0003
101,Canada,Jordan,15,0.0003
101,Qatar,England,15,0.0003
101,Brazil,Saudi Arabia,15,0.0003
101,Tunisia,Croatia,15,0.0003
101,Ecuador,Ghana,15,0.0003
101,Ecuador,New Zealand,15,0.0003
101,South Korea,Panama,15,0.0003
101,Haiti,Belgium,15,0.0003
101,Czechia,France,14,0.00028
101,Japan,Tunisia,14,0.00028
101,Netherlands,Sweden,14,0.00028
101,France,Bosnia and Herzegovina,14,0.00028
101,Japan,Canada,14,0.00028
101,Curaçao,Algeria,14,0.00028
101,Germany,Cape Verde,14,0.00028
101,Czechia,Australia,14,0.00028
101,Sweden,Croatia,14,0.00028
101,Curaçao,Austria,14,0.00028
101,France,Tunisia,13,0.00026
101,Tunisia,Iran,13,0.00026
101,Mexico,Canada,13,0.00026
101,Czechia,Iran,13,0.00026
101,Mexico,Panama,13,0.00026
101,Scotland,Colombia,13,0.00026
101,Ecuador,Uzbekistan,13,0.00026
101,Morocco,Sweden,13,0.00026
101,Côte d'Ivoire,Paraguay,13,0.00026
101,Curaçao,Egypt,13,0.00026
101,Iraq,Austria,13,0.00026
101,Senegal,Jordan,13,0.00026
101,Canada,Ghana,13,0.00026
101,Sweden,United States,13,0.00026
101,Czechia,Netherlands,13,0.00026
101,Sweden,Japan,13,0.00026
101,Netherlands,Bosnia and Herzegovina,13,0.00026
101,Netherlands,Canada,13,0.00026
101,Senegal,Saudi Arabia,12,0.00024
101,South Africa,Australia,12,0.00024
101,Curaçao,DR Congo,12,0.00024
101,Switzerland,Tunisia,12,0.00024
101,Norway,Sweden,12,0.00024
101,Côte d'Ivoire,Bosnia and Herzegovina,12,0.00024
101,Canada,New Zealand,12,0.00024
101,South Africa,Uruguay,12,0.00024
101,Mexico,Uzbekistan,12,0.00024
101,Sweden,Austria,12,0.00024
101,South Africa,Türkiye,12,0.00024
101,Norway,Tunisia,12,0.00024
101,Mexico,Ghana,12,0.00024
101,Qatar,United States,12,0.00024
101,Ecuador,Canada,12,0.00024
101,Sweden,Colombia,12,0.00024
101,Canada,Panama,11,0.00022
101,South Korea,Bosnia and Herzegovina,11,0.00022
101,Czechia,Japan,11,0.00022
101,Bosnia and Herzegovina,Türkiye,11,0.00022
101,South Africa,Algeria,11,0.00022
101,Brazil,Bosnia and Herzegovina,11,0.00022
101,Haiti,Argentina,11,0.00022
101,Iraq,Colombia,11,0.00022
101,Morocco,Bosnia and Herzegovina,11,0.00022
101,South Korea,Tunisia,11,0.00022
101,Haiti,United States,11,0.00022
101,Scotland,United States,11,0.00022
101,Qatar,Colombia,11,0.00022
101,Senegal,Tunisia,11,0.00022
101,Senegal,Canada,11,0.00022
101,Ecuador,Jordan,11,0.00022
101,Qatar,Argentina,11,0.00022
101,Czechia,New Zealand,11,0.00022
101,Czechia,Switzerland,11,0.00022
101,Scotland,Croatia,10,0.0002
101,France,Saudi Arabia,10,0.0002
101,Canada,Switzerland,10,0.0002
101,Tunisia,Netherlands,10,0.0002
101,South Africa,Iran,10,0.0002
101,France,Iraq,10,0.0002
101,Tunisia,DR Congo,10,0.0002
101,Curaçao,Iran,10,0.0002
101,Tunisia,Uruguay,10,0.0002
101,Sweden,Netherlands,10,0.0002
101,Norway,Iraq,10,0.0002
101,Brazil,Sweden,10,0.0002
101,Mexico,Tunisia,10,0.0002
101,Morocco,Iraq,10,0.0002
101,Senegal,Panama,10,0.0002
101,Canada,Uzbekistan,10,0.0002
101,Ecuador,Paraguay,10,0.0002
101,Ecuador,Senegal,9,0.00018
101,Senegal,Iraq,9,0.00018
101,Japan,Bosnia and Herzegovina,9,0.00018
101,Bosnia and Herzegovina,Australia,9,0.00018
101,Japan,Qatar,9,0.00018
101,Côte d'Ivoire,Tunisia,9,0.00018
101,Canada,Senegal,9,0.00018
101,Scotland,Algeria,9,0.00018
101,Bosnia and Herzegovina,Iran,9,0.00018
101,Czechia,Uzbekistan,9,0.00018
101,South Africa,Japan,9,0.00018
101,Switzerland,Paraguay,9,0.00018
101,Czechia,Egypt,9,0.00018
101,Japan,Saudi Arabia,9,0.00018
101,Czechia,Senegal,9,0.00018
101,Brazil,Qatar,9,0.00018
101,Czechia,Canada,8,0.00016
101,Mexico,Bosnia and Herzegovina,8,0.00016
101,South Africa,New Zealand,8,0.00016
101,Czechia,Uruguay,8,0.00016
101,Ecuador,Bosnia and Herzegovina,8,0.00016
101,Tunisia,Algeria,8,0.00016
101,South Africa,Norway,8,0.00016
101,Netherlands,Iraq,8,0.00016
101,Czechia,Norway,8,0.00016
101,Czechia,Paraguay,8,0.00016
101,France,Sweden,8,0.00016
101,Senegal,Paraguay,8,0.00016
101,Iraq,Croatia,8,0.00016
101,Sweden,Egypt,8,0.00016
101,Curaçao,Ghana,8,0.00016
101,Côte d'Ivoire,Sweden,8,0.00016
101,Switzerland,Canada,8,0.00016
101,Morocco,Qatar,8,0.00016
101,South Korea,Saudi Arabia,8,0.00016
101,Scotland,Türkiye,8,0.00016
101,South Korea,Cape Verde,7,0.00014
101,South Korea,Iraq,7,0.00014
101,Sweden,Algeria,7,0.00014
101,Morocco,Saudi Arabia,7,0.00014
101,Sweden,Australia,7,0.00014
101,Scotland,Austria,7,0.00014
101,Bosnia and Herzegovina,Switzerland,7,0.00014
101,Bosnia and Herzegovina,Egypt,7,0.00014
101,Canada,Paraguay,7,0.00014
101,Ecuador,Tunisia,7,0.00014
101,Tunisia,Egypt,7,0.00014
101,Bosnia and Herzegovina,Colombia,7,0.00014
101,Sweden,DR Congo,7,0.00014
101,Curaçao,Türkiye,7,0.00014
101,Sweden,Jordan,7,0.00014
101,Tunisia,New Zealand,7,0.00014
101,Haiti,Croatia,7,0.00014
101,Czechia,Bosnia and Herzegovina,7,0.00014
101,Bosnia and Herzegovina,Algeria,7,0.00014
101,Sweden,Türkiye,7,0.00014
101,Norway,Saudi Arabia,7,0.00014
101,Tunisia,Austria,7,0.00014
101,South Africa,Ghana,7,0.00014
101,Norway,Qatar,7,0.00014
101,Norway,Bosnia and Herzegovina,6,0.00012
101,Czechia,Jordan,6,0.00012
101,South Africa,DR Congo,6,0.00012
101,Curaçao,France,6,0.00012
101,Scotland,Norway,6,0.00012
101,Senegal,Bosnia and Herzegovina,6,0.00012
101,Haiti,Algeria,6,0.00012
101,Switzerland,Qatar,6,0.00012
101,Qatar,Austria,6,0.00012
101,Haiti,DR Congo,6,0.00012
101,South Africa,Switzerland,6,0.00012
101,Australia,Spain,6,0.00012
101,Bosnia and Herzegovina,New Zealand,6,0.00012
101,Switzerland,Iraq,6,0.00012
101,Iraq,Egypt,6,0.00012
101,South Africa,Uzbekistan,6,0.00012
101,Bosnia and Herzegovina,Netherlands,6,0.00012
101,Scotland,Egypt,6,0.00012
101,Tunisia,Türkiye,6,0.00012
101,Sweden,Iran,6,0.00012
101,Bosnia and Herzegovina,Austria,6,0.00012
101,Curaçao,New Zealand,6,0.00012
101,Haiti,Uruguay,6,0.00012
101,Côte d'Ivoire,Qatar,6,0.00012
101,Mexico,Paraguay,6,0.00012
101,Morocco,Cape Verde,6,0.00012
101,Czechia,Ghana,6,0.00012
101,Curaçao,Senegal,6,0.00012
101,Haiti,Colombia,6,0.00012
101,Curaçao,Switzerland,6,0.00012
101,Japan,Iraq,6,0.00012
101,Canada,Tunisia,6,0.00012
101,South Korea,Qatar,6,0.00012
101,Switzerland,Bosnia and Herzegovina,6,0.00012
101,Brazil,Iraq,6,0.00012
101,Iraq,Ghana,5,0.0001
101,Iraq,Norway,5,0.0001
101,Switzerland,Saudi Arabia,5,0.0001
101,Mexico,Saudi Arabia,5,0.0001
101,Bosnia and Herzegovina,Norway,5,0.0001
101,Tunisia,Australia,5,0.0001
101,Haiti,Norway,5,0.0001
101,Bosnia and Herzegovina,Japan,5,0.0001
101,Sweden,Uruguay,5,0.0001
101,South Africa,France,5,0.0001
101,France,Cape Verde,5,0.0001
101,Scotland,Japan,5,0.0001
101,Haiti,Egypt,5,0.0001
101,South Korea,Sweden,5,0.0001
101,Côte d'Ivoire,Iraq,5,0.0001
101,Curaçao,Japan,5,0.0001
101,Qatar,Croatia,5,0.0001
101,Haiti,Japan,5,0.0001
101,Curaçao,Australia,5,0.0001
101,Qatar,Algeria,5,0.0001
101,Ecuador,Cape Verde,5,0.0001
101,Czechia,Tunisia,5,0.0001
101,Norway,Cape Verde,5,0.0001
101,Scotland,Australia,5,0.0001
101,Netherlands,Cape Verde,5,0.0001
101,Iraq,Türkiye,5,0.0001
101,South Africa,Senegal,5,0.0001
101,Tunisia,France,5,0.0001
101,Qatar,Switzerland,5,0.0001
101,Japan,Cape Verde,5,0.0001
101,Bosnia and Herzegovina,Ghana,5,0.0001
101,Tunisia,Jordan,5,0.0001
101,Qatar,Uzbekistan,5,0.0001
101,Ecuador,Sweden,5,0.0001
101,Senegal,Sweden,5,0.0001
101,Scotland,Senegal,5,0.0001
101,France,Qatar,5,0.0001
101,Scotland,Switzerland,5,0.0001
101,Scotland,Iran,4,8e-05
101,Qatar,Japan,4,8e-05
101,Tunisia,Ghana,4,8e-05
101,Curaçao,Sweden,4,8e-05
101,Czechia,Panama,4,8e-05
101,Curaçao,Netherlands,4,8e-05
101,Iraq,New Zealand,4,8e-05
101,Scotland,Ghana,4,8e-05
101,Sweden,Senegal,4,8e-05
101,Bosnia and Herzegovina,France,4,8e-05
101,Curaçao,Canada,4,8e-05
101,Netherlands,Saudi Arabia,4,8e-05
101,Curaçao,Panama,4,8e-05
101,Iraq,Algeria,4,8e-05
101,Scotland,France,4,8e-05
101,Curaçao,Uzbekistan,4,8e-05
101,Scotland,Netherlands,4,8e-05
101,Sweden,France,4,8e-05
101,Iraq,Japan,4,8e-05
101,Haiti,France,4,8e-05
101,Canada,Cape Verde,4,8e-05
101,Sweden,Ghana,4,8e-05
101,Sweden,Norway,4,8e-05
101,Netherlands,Qatar,4,8e-05
101,Sweden,New Zealand,4,8e-05
101,Haiti,Türkiye,4,8e-05
101,Canada,Saudi Arabia,4,8e-05
101,Canada,Bosnia and Herzegovina,4,8e-05
101,South Africa,Netherlands,4,8e-05
101,Sweden,Switzerland,4,8e-05
101,Tunisia,Panama,4,8e-05
101,Côte d'Ivoire,Saudi Arabia,4,8e-05
101,Bosnia and Herzegovina,Uruguay,3,6e-05
101,Qatar,Türkiye,3,6e-05
101,Senegal,Qatar,3,6e-05
101,Tunisia,Switzerland,3,6e-05
101,Iraq,Senegal,3,6e-05
101,Bosnia and Herzegovina,DR Congo,3,6e-05
101,Qatar,Australia,3,6e-05
101,South Africa,Saudi Arabia,3,6e-05
101,United States,Spain,3,6e-05
101,Qatar,Iran,3,6e-05
101,Haiti,Austria,3,6e-05
101,Türkiye,Spain,3,6e-05
101,Czechia,Sweden,3,6e-05
101,Mexico,Qatar,3,6e-05
101,Mexico,Iraq,3,6e-05
101,Haiti,New Zealand,3,6e-05
101,Sweden,Panama,3,6e-05
101,Senegal,Cape Verde,3,6e-05
101,Ecuador,Qatar,3,6e-05
101,Qatar,France,3,6e-05
101,Iraq,Australia,3,6e-05
101,Qatar,Senegal,3,6e-05
101,Curaçao,Jordan,3,6e-05
101,Haiti,Uzbekistan,3,6e-05
101,Qatar,Canada,3,6e-05
101,Paraguay,Spain,3,6e-05
101,Curaçao,Tunisia,3,6e-05
101,South Africa,Paraguay,3,6e-05
101,South Africa,Sweden,3,6e-05
101,Scotland,New Zealand,3,6e-05
101,Switzerland,Sweden,3,6e-05
101,Ecuador,Iraq,3,6e-05
101,Bosnia and Herzegovina,Senegal,3,6e-05
101,Canada,Qatar,3,6e-05
101,Haiti,Ghana,3,6e-05
101,Scotland,Uruguay,3,6e-05
101,Qatar,Egypt,3,6e-05
101,Ecuador,Saudi Arabia,3,6e-05
101,Curaçao,Norway,3,6e-05
101,Tunisia,Norway,3,6e-05
101,Iraq,Paraguay,2,4e-05
101,Canada,Iraq,2,4e-05
101,Côte d'Ivoire,Cape Verde,2,4e-05
101,Scotland,Panama,2,4e-05
101,Tunisia,Senegal,2,4e-05
101,Qatar,New Zealand,2,4e-05
101,Bosnia and Herzegovina,Canada,2,4e-05
101,Sweden,Bosnia and Herzegovina,2,4e-05
101,South Africa,Iraq,2,4e-05
101,Iraq,Switzerland,2,4e-05
101,Bosnia and Herzegovina,Panama,2,4e-05
101,Qatar,Netherlands,2,4e-05
101,Mexico,Cape Verde,2,4e-05
101,Czechia,Iraq,2,4e-05
101,Iraq,Netherlands,2,4e-05
101,Tunisia,Canada,2,4e-05
101,Haiti,Netherlands,2,4e-05
101,Bosnia and Herzegovina,Sweden,2,4e-05
101,Qatar,Norway,2,4e-05
101,Canada,Sweden,2,4e-05
101,Haiti,Panama,2,4e-05
101,South Africa,Panama,2,4e-05
101,Sweden,Tunisia,2,4e-05
101,Curaçao,Paraguay,2,4e-05
101,Iraq,DR Congo,2,4e-05
101,United States,Croatia,2,4e-05
101,Qatar,DR Congo,2,4e-05
101,South Africa,Tunisia,2,4e-05
101,Bosnia and Herzegovina,Paraguay,2,4e-05
101,Mexico,Sweden,2,4e-05
101,Sweden,Paraguay,2,4e-05
101,Iraq,Panama,2,4e-05
101,Iraq,Iran,2,4e-05
101,Haiti,Iran,2,4e-05
101,Tunisia,Uzbekistan,2,4e-05
101,South Africa,Canada,2,4e-05
101,Iraq,France,2,4e-05
101,United States,Algeria,1,2e-05
101,Scotland,DR Congo,1,2e-05
101,Australia,Croatia,1,2e-05
101,Tunisia,Saudi Arabia,1,2e-05
101,Paraguay,Iran,1,2e-05
101,Czechia,Saudi Arabia,1,2e-05
101,Iraq,Jordan,1,2e-05
101,United States,Portugal,1,2e-05
101,Tunisia,Iraq,1,2e-05
101,Curaçao,Cape Verde,1,2e-05
101,United States,England,1,2e-05
101,Paraguay,Norway,1,2e-05
101,United States,Austria,1,2e-05
101,Czechia,Cape Verde,1,2e-05
101,Scotland,Jordan,1,2e-05
101,Brazil,Cape Verde,1,2e-05
101,Australia,Ghana,1,2e-05
101,Australia,Argentina,1,2e-05
101,Sweden,Cape Verde,1,2e-05
101,Scotland,Cape Verde,1,2e-05
101,Iraq,Uruguay,1,2e-05
101,Haiti,Switzerland,1,2e-05
101,Tunisia,Paraguay,1,2e-05
101,Curaçao,Iraq,1,2e-05
101,Qatar,Paraguay,1,2e-05
101,United States,Argentina,1,2e-05
101,Bosnia and Herzegovina,Cape Verde,1,2e-05
101,Haiti,Tunisia,1,2e-05
101,Paraguay,Egypt,1,2e-05
101,Paraguay,Jordan,1,2e-05
101,Australia,Uzbekistan,1,2e-05
101,South Africa,Jordan,1,2e-05
101,Bosnia and Herzegovina,Qatar,1,2e-05
101,Paraguay,Portugal,1,2e-05
101,Scotland,Qatar,1,2e-05
101,Sweden,Iraq,1,2e-05
101,Australia,Austria,1,2e-05
101,United States,Belgium,1,2e-05
101,Switzerland,Cape Verde,1,2e-05
101,Haiti,Australia,1,2e-05
101,Haiti,Iraq,1,2e-05
101,Qatar,Jordan,1,2e-05
101,Scotland,Uzbekistan,1,2e-05
101,Bosnia and Herzegovina,Jordan,1,2e-05
101,Tunisia,Cape Verde,1,2e-05
101,Curaçao,Saudi Arabia,1,2e-05
101,Scotland,Canada,1,2e-05
101,South Africa,Cape Verde,1,2e-05
101,Haiti,Qatar,1,2e-05
101,Paraguay,Algeria,1,2e-05
101,Tunisia,Sweden,1,2e-05
101,Türkiye,England,1,2e-05
101,Qatar,Ghana,1,2e-05
101,Sweden,Uzbekistan,1,2e-05
101,South Africa,Bosnia and Herzegovina,1,2e-05
101,United States,Norway,1,2e-05
101,United States,Iran,1,2e-05
101,Paraguay,DR Congo,1,2e-05
101,United States,Egypt,1,2e-05
101,Iraq,Canada,1,2e-05
101,Australia,United States,1,2e-05
101,Curaçao,Qatar,1,2e-05
101,Australia,England,1,2e-05
101,Bosnia and Herzegovina,Tunisia,1,2e-05
101,Haiti,Senegal,1,2e-05
101,Türkiye,France,1,2e-05
101,Türkiye,Portugal,1,2e-05
101,Türkiye,Paraguay,1,2e-05
101,Iraq,Uzbekistan,1,2e-05
101,Qatar,Tunisia,1,2e-05
102,England,Portugal,1692,0.03384
102,France,Portugal,1459,0.02918
102,England,Argentina,1129,0.02258
102,Japan,Portugal,1003,0.02006
102,France,Argentina,999,0.01998
102,Netherlands,Portugal,847,0.01694
102,Morocco,Portugal,735,0.0147
102,Brazil,Portugal,714,0.01428
102,Japan,Argentina,635,0.0127
102,Norway,Portugal,631,0.01262
102,England,Spain,591,0.01182
102,England,Colombia,514,0.01028
102,Netherlands,Argentina,501,0.01002
102,England,Belgium,493,0.00986
102,Morocco,Argentina,488,0.00976
102,France,Spain,486,0.00972
102,Mexico,Portugal,479,0.00958
102,Brazil,Argentina,464,0.00928
102,France,Belgium,427,0.00854
102,Norway,Argentina,420,0.0084
102,England,Canada,394,0.00788
102,Senegal,Portugal,390,0.0078
102,England,Switzerland,384,0.00768
102,France,Colombia,378,0.00756
102,England,Uruguay,334,0.00668
102,Japan,Belgium,316,0.00632
102,Japan,Spain,315,0.0063
102,Mexico,Argentina,311,0.00622
102,Croatia,Portugal,299,0.00598
102,England,Egypt,296,0.00592
102,France,Canada,296,0.00592
102,France,Switzerland,292,0.00584
102,England,United States,269,0.00538
102,England,Türkiye,267,0.00534
102,France,Uruguay,263,0.00526
102,France,Egypt,258,0.00516
102,Senegal,Argentina,256,0.00512
102,Netherlands,Spain,255,0.0051
102,England,Australia,253,0.00506
102,France,Iran,251,0.00502
102,South Korea,Portugal,243,0.00486
102,Brazil,Spain,239,0.00478
102,Netherlands,Belgium,237,0.00474
102,Japan,Colombia,233,0.00466
102,Germany,Portugal,230,0.0046
102,England,Iran,227,0.00454
102,Morocco,Belgium,227,0.00454
102,France,United States,225,0.0045
102,Morocco,Spain,221,0.00442
102,England,Algeria,217,0.00434
102,Netherlands,Colombia,211,0.00422
102,Morocco,Colombia,207,0.00414
102,France,Türkiye,206,0.00412
102,Japan,Canada,205,0.0041
102,Norway,Belgium,202,0.00404
102,Japan,Switzerland,201,0.00402
102,Norway,Spain,200,0.004
102,Brazil,Belgium,193,0.00386
102,Norway,Colombia,188,0.00376
102,Brazil,Colombia,187,0.00374
102,France,Australia,186,0.00372
102,Croatia,Argentina,183,0.00366
102,Japan,Uruguay,182,0.00364
102,South Korea,Argentina,180,0.0036
102,England,Austria,177,0.00354
102,Japan,Egypt,177,0.00354
102,Spain,Portugal,174,0.00348
102,England,New Zealand,174,0.00348
102,England,DR Congo,165,0.0033
102,Brazil,Canada,164,0.00328
102,Mexico,Spain,164,0.00328
102,Morocco,Switzerland,161,0.00322
102,Japan,Iran,159,0.00318
102,Ecuador,Portugal,159,0.00318
102,Germany,Argentina,157,0.00314
102,Netherlands,Canada,157,0.00314
102,England,Croatia,151,0.00302
102,France,New Zealand,150,0.003
102,France,Algeria,150,0.003
102,Brazil,Switzerland,149,0.00298
102,Morocco,Canada,147,0.00294
102,Netherlands,Iran,143,0.00286
102,Japan,United States,142,0.00284
102,Côte d'Ivoire,Portugal,141,0.00282
102,Netherlands,Uruguay,139,0.00278
102,Morocco,Uruguay,138,0.00276
102,Mexico,Belgium,137,0.00274
102,Scotland,Portugal,136,0.00272
102,Morocco,United States,135,0.0027
102,Netherlands,Switzerland,134,0.00268
102,Netherlands,United States,134,0.00268
102,Brazil,Iran,134,0.00268
102,Morocco,Egypt,134,0.00268
102,Japan,Australia,134,0.00268
102,France,England,132,0.00264
102,Brazil,Uruguay,131,0.00262
102,Netherlands,Australia,130,0.0026
102,Netherlands,Türkiye,128,0.00256
102,Morocco,Iran,125,0.0025
102,Senegal,Spain,125,0.0025
102,Uruguay,Portugal,122,0.00244
102,Japan,Türkiye,122,0.00244
102,Morocco,Türkiye,121,0.00242
102,Norway,Iran,121,0.00242
102,France,Croatia,121,0.00242
102,France,Austria,119,0.00238
102,Mexico,Colombia,119,0.00238
102,France,DR Congo,118,0.00236
102,Brazil,United States,117,0.00234
102,Japan,Algeria,116,0.00232
102,Brazil,Egypt,115,0.0023
102,Norway,Canada,114,0.00228
102,Netherlands,Egypt,113,0.00226
102,Spain,Argentina,112,0.00224
102,Norway,Egypt,110,0.0022
102,Norway,Uruguay,109,0.00218
102,Senegal,Belgium,108,0.00216
102,Norway,Switzerland,107,0.00214
102,Tunisia,Portugal,105,0.0021
102,Senegal,Colombia,105,0.0021
102,Mexico,Canada,104,0.00208
102,Japan,Austria,104,0.00208
102,Mexico,Uruguay,101,0.00202
102,Côte d'Ivoire,Argentina,99,0.00198
102,Uruguay,Argentina,98,0.00196
102,Croatia,Belgium,98,0.00196
102,Ecuador,Argentina,97,0.00194
102,South Korea,Spain,96,0.00192
102,Morocco,Australia,95,0.0019
102,Japan,DR Congo,95,0.0019
102,Mexico,Switzerland,95,0.0019
102,England,Paraguay,95,0.0019
102,Croatia,Spain,94,0.00188
102,Senegal,Switzerland,94,0.00188
102,Netherlands,Algeria,93,0.00186
102,Japan,New Zealand,92,0.00184
102,England,Uzbekistan,92,0.00184
102,Brazil,Australia,91,0.00182
102,Croatia,Colombia,89,0.00178
102,Brazil,Türkiye,89,0.00178
102,Morocco,New Zealand,88,0.00176
102,Haiti,Portugal,88,0.00176
102,France,Uzbekistan,87,0.00174
102,Brazil,Algeria,87,0.00174
102,Senegal,Canada,86,0.00172
102,Norway,Türkiye,86,0.00172
102,Brazil,New Zealand,85,0.0017
102,Netherlands,New Zealand,85,0.0017
102,Senegal,United States,85,0.0017
102,Norway,United States,84,0.00168
102,France,Paraguay,84,0.00168
102,Mexico,United States,84,0.00168
102,Scotland,Argentina,84,0.00168
102,Morocco,DR Congo,83,0.00166
102,Morocco,Algeria,82,0.00164
102,Japan,England,82,0.00164
102,England,Saudi Arabia,82,0.00164
102,Mexico,Egypt,81,0.00162
102,South Korea,Colombia,80,0.0016
102,Mexico,Australia,78,0.00156
102,Brazil,England,77,0.00154
102,South Korea,Belgium,75,0.0015
102,Netherlands,DR Congo,75,0.0015
102,Senegal,Egypt,75,0.0015
102,Germany,Spain,73,0.00146
102,Norway,DR Congo,73,0.00146
102,Netherlands,Austria,72,0.00144
102,Mexico,Iran,71,0.00142
102,Norway,Australia,68,0.00136
102,Japan,Paraguay,67,0.00134
102,Japan,Croatia,67,0.00134
102,Norway,England,66,0.00132
102,Morocco,England,66,0.00132
102,Germany,Belgium,66,0.00132
102,Netherlands,England,66,0.00132
102,Senegal,Uruguay,65,0.0013
102,Tunisia,Argentina,65,0.0013
102,Senegal,Iran,64,0.00128
102,South Korea,Canada,61,0.00122
102,Brazil,DR Congo,61,0.00122
102,Mexico,Türkiye,61,0.00122
102,Norway,Algeria,61,0.00122
102,Brazil,Austria,60,0.0012
102,Sweden,Portugal,60,0.0012
102,England,Cape Verde,60,0.0012
102,Haiti,Argentina,60,0.0012
102,South Korea,Switzerland,60,0.0012
102,Saudi Arabia,Portugal,59,0.00118
102,Norway,New Zealand,59,0.00118
102,Ecuador,Spain,58,0.00116
102,Senegal,England,58,0.00116
102,Germany,Colombia,58,0.00116
102,France,Saudi Arabia,58,0.00116
102,Japan,Uzbekistan,56,0.00112
102,Mexico,Austria,56,0.00112
102,Senegal,Australia,56,0.00112
102,Mexico,England,56,0.00112
102,Scotland,Belgium,55,0.0011
102,Mexico,Algeria,55,0.0011
102,Netherlands,Croatia,55,0.0011
102,England,Ghana,55,0.0011
102,England,Jordan,54,0.00108
102,Senegal,Türkiye,54,0.00108
102,South Korea,Uruguay,54,0.00108
102,Brazil,Croatia,54,0.00108
102,Netherlands,Uzbekistan,54,0.00108
102,Croatia,Egypt,54,0.00108
102,Morocco,Paraguay,54,0.00108
102,Croatia,England,53,0.00106
102,Croatia,Canada,53,0.00106
102,Senegal,New Zealand,52,0.00104
102,Morocco,Austria,52,0.00104
102,Croatia,Switzerland,52,0.00104
102,Morocco,Uzbekistan,51,0.00102
102,Germany,Canada,51,0.00102
102,England,Panama,50,0.001
102,Mexico,New Zealand,49,0.00098
102,Ecuador,Belgium,49,0.00098
102,Scotland,Spain,49,0.00098
102,Norway,Croatia,49,0.00098
102,Curaçao,Portugal,49,0.00098
102,South Korea,Türkiye,49,0.00098
102,South Korea,Australia,48,0.00096
102,Senegal,Algeria,48,0.00096
102,Brazil,Paraguay,47,0.00094
102,Morocco,Croatia,47,0.00094
102,Panama,Portugal,47,0.00094
102,South Korea,United States,47,0.00094
102,Croatia,Uruguay,47,0.00094
102,Senegal,Austria,46,0.00092
102,Iraq,Portugal,46,0.00092
102,Türkiye,Portugal,46,0.00092
102,Czechia,Portugal,45,0.0009
102,Argentina,Portugal,45,0.0009
102,Curaçao,Argentina,45,0.0009
102,Brazil,Uzbekistan,45,0.0009
102,Côte d'Ivoire,Belgium,45,0.0009
102,Japan,Ghana,44,0.00088
102,Ecuador,Colombia,44,0.00088
102,Spain,Colombia,43,0.00086
102,Norway,Austria,43,0.00086
102,Côte d'Ivoire,Spain,43,0.00086
102,Croatia,Iran,42,0.00084
102,Senegal,DR Congo,42,0.00084
102,Morocco,Saudi Arabia,42,0.00084
102,Sweden,Argentina,42,0.00084
102,Uruguay,Belgium,42,0.00084
102,Austria,Portugal,42,0.00084
102,Croatia,Türkiye,41,0.00082
102,Australia,Portugal,41,0.00082
102,Germany,Switzerland,41,0.00082
102,South Korea,Iran,41,0.00082
102,Croatia,United States,41,0.00082
102,Netherlands,Paraguay,40,0.0008
102,Ghana,Portugal,40,0.0008
102,Croatia,DR Congo,39,0.00078
102,England,Japan,39,0.00078
102,Croatia,Australia,39,0.00078
102,United States,Portugal,39,0.00078
102,Japan,Saudi Arabia,39,0.00078
102,Germany,Egypt,38,0.00076
102,Ecuador,Egypt,38,0.00076
102,Senegal,Croatia,38,0.00076
102,Netherlands,Saudi Arabia,38,0.00076
102,Scotland,Colombia,38,0.00076
102,South Africa,Portugal,37,0.00074
102,France,Panama,37,0.00074
102,Uruguay,Spain,37,0.00074
102,Côte d'Ivoire,Colombia,37,0.00074
102,Norway,Paraguay,37,0.00074
102,Uruguay,Switzerland,36,0.00072
102,France,Cape Verde,36,0.00072
102,Cape Verde,Portugal,36,0.00072
102,Uruguay,Colombia,35,0.0007
102,Japan,Jordan,35,0.0007
102,Germany,Türkiye,35,0.0007
102,Norway,Saudi Arabia,35,0.0007
102,France,Ghana,35,0.0007
102,England,Netherlands,35,0.0007
102,Iraq,Argentina,34,0.00068
102,Spain,Belgium,34,0.00068
102,Germany,United States,34,0.00068
102,France,Jordan,34,0.00068
102,Scotland,Canada,33,0.00066
102,Germany,Iran,33,0.00066
102,Mexico,DR Congo,33,0.00066
102,Japan,Panama,33,0.00066
102,Spain,Egypt,33,0.00066
102,Scotland,Egypt,33,0.00066
102,Algeria,Portugal,32,0.00064
102,Germany,Uruguay,31,0.00062
102,Côte d'Ivoire,Switzerland,31,0.00062
102,Ecuador,Uruguay,31,0.00062
102,Côte d'Ivoire,Canada,31,0.00062
102,Czechia,Argentina,30,0.0006
102,Ecuador,United States,30,0.0006
102,Mexico,Croatia,30,0.0006
102,Saudi Arabia,Argentina,30,0.0006
102,France,Netherlands,30,0.0006
102,Panama,Argentina,30,0.0006
102,Mexico,Uzbekistan,29,0.00058
102,Germany,New Zealand,29,0.00058
102,Tunisia,Belgium,29,0.00058
102,Netherlands,Jordan,29,0.00058
102,South Korea,Egypt,29,0.00058
102,Norway,Uzbekistan,29,0.00058
102,Côte d'Ivoire,Egypt,29,0.00058
102,Scotland,Switzerland,28,0.00056
102,Haiti,Spain,28,0.00056
102,Croatia,Algeria,28,0.00056
102,Australia,Argentina,28,0.00056
102,Uruguay,Türkiye,28,0.00056
102,Spain,Canada,28,0.00056
102,Mexico,Paraguay,27,0.00054
102,Scotland,Uruguay,27,0.00054
102,Ecuador,Switzerland,27,0.00054
102,South Korea,England,27,0.00054
102,Japan,Bosnia and Herzegovina,26,0.00052
102,Spain,Iran,26,0.00052
102,France,Japan,26,0.00052
102,Saudi Arabia,Spain,26,0.00052
102,South Korea,New Zealand,26,0.00052
102,Spain,Algeria,26,0.00052
102,Croatia,New Zealand,26,0.00052
102,Brazil,Saudi Arabia,25,0.0005
102,Scotland,Türkiye,25,0.0005
102,Netherlands,Panama,25,0.0005
102,Croatia,Austria,25,0.0005
102,Brazil,Ghana,25,0.0005
102,Scotland,Australia,25,0.0005
102,Côte d'Ivoire,Uruguay,25,0.0005
102,South Korea,DR Congo,25,0.0005
102,Uruguay,Canada,25,0.0005
102,Côte d'Ivoire,Türkiye,24,0.00048
102,Spain,Switzerland,24,0.00048
102,Haiti,Switzerland,24,0.00048
102,France,Bosnia and Herzegovina,24,0.00048
102,Japan,Cape Verde,24,0.00048
102,Norway,Cape Verde,24,0.00048
102,Haiti,Belgium,24,0.00048
102,Senegal,Paraguay,23,0.00046
102,Germany,Austria,23,0.00046
102,Sweden,Belgium,23,0.00046
102,United States,Argentina,23,0.00046
102,Netherlands,Ghana,23,0.00046
102,Norway,Ghana,23,0.00046
102,Paraguay,Portugal,23,0.00046
102,Tunisia,Egypt,23,0.00046
102,Senegal,Saudi Arabia,23,0.00046
102,Uruguay,United States,23,0.00046
102,Croatia,Uzbekistan,23,0.00046
102,Norway,Panama,22,0.00044
102,Germany,Australia,22,0.00044
102,Tunisia,Canada,22,0.00044
102,South Korea,Algeria,22,0.00044
102,Tunisia,Spain,22,0.00044
102,Scotland,Iran,22,0.00044
102,South Korea,Croatia,22,0.00044
102,Morocco,Ghana,22,0.00044
102,Morocco,Cape Verde,22,0.00044
102,Ecuador,Türkiye,22,0.00044
102,Spain,England,22,0.00044
102,Tunisia,Switzerland,22,0.00044
102,Haiti,Canada,22,0.00044
102,Spain,Australia,22,0.00044
102,Scotland,New Zealand,21,0.00042
102,Ghana,Argentina,21,0.00042
102,Ecuador,Australia,21,0.00042
102,Mexico,Saudi Arabia,21,0.00042
102,Côte d'Ivoire,United States,21,0.00042
102,Argentina,Belgium,21,0.00042
102,Uruguay,Egypt,21,0.00042
102,Scotland,United States,21,0.00042
102,Germany,Algeria,21,0.00042
102,Cape Verde,Argentina,21,0.00042
102,Argentina,Spain,20,0.0004
102,Germany,England,20,0.0004
102,Morocco,Jordan,20,0.0004
102,Norway,Jordan,20,0.0004
102,Haiti,Egypt,20,0.0004
102,Côte d'Ivoire,New Zealand,20,0.0004
102,Tunisia,Colombia,20,0.0004
102,England,Bosnia and Herzegovina,20,0.0004
102,Curaçao,Belgium,20,0.0004
102,Japan,Netherlands,20,0.0004
102,Brazil,Netherlands,19,0.00038
102,Uruguay,Australia,19,0.00038
102,Uruguay,Algeria,19,0.00038
102,Spain,DR Congo,19,0.00038
102,Spain,Türkiye,19,0.00038
102,England,Qatar,19,0.00038
102,Algeria,Argentina,19,0.00038
102,Spain,United States,19,0.00038
102,Ecuador,Canada,19,0.00038
102,Côte d'Ivoire,Australia,19,0.00038
102,Türkiye,Argentina,19,0.00038
102,Tunisia,Türkiye,19,0.00038
102,Germany,DR Congo,19,0.00038
102,Spain,Uruguay,18,0.00036
102,Norway,Japan,18,0.00036
102,Spain,Austria,18,0.00036
102,Türkiye,Spain,18,0.00036
102,Haiti,Colombia,18,0.00036
102,Ecuador,England,18,0.00036
102,Uruguay,New Zealand,18,0.00036
102,Côte d'Ivoire,Iran,18,0.00036
102,Curaçao,Canada,18,0.00036
102,South Africa,Argentina,18,0.00036
102,Panama,Spain,17,0.00034
102,Ecuador,DR Congo,17,0.00034
102,France,Tunisia,17,0.00034
102,Haiti,Türkiye,17,0.00034
102,Haiti,Australia,17,0.00034
102,Ecuador,Iran,17,0.00034
102,South Africa,Spain,17,0.00034
102,Uruguay,DR Congo,17,0.00034
102,Brazil,Jordan,17,0.00034
102,Uruguay,England,17,0.00034
102,South Korea,Austria,17,0.00034
102,Brazil,Cape Verde,16,0.00032
102,Uruguay,Iran,16,0.00032
102,Argentina,Türkiye,16,0.00032
102,Curaçao,Colombia,16,0.00032
102,Sweden,Uruguay,16,0.00032
102,Czechia,Colombia,16,0.00032
102,Brazil,Panama,16,0.00032
102,Tunisia,United States,16,0.00032
102,Côte d'Ivoire,Croatia,16,0.00032
102,Netherlands,Cape Verde,16,0.00032
102,Argentina,Colombia,16,0.00032
102,Côte d'Ivoire,Austria,15,0.0003
102,Germany,Croatia,15,0.0003
102,Ecuador,Algeria,15,0.0003
102,Côte d'Ivoire,Algeria,15,0.0003
102,Senegal,Jordan,15,0.0003
102,Senegal,Uzbekistan,15,0.0003
102,Iraq,Spain,15,0.0003
102,Mexico,Jordan,15,0.0003
102,Türkiye,Canada,15,0.0003
102,Saudi Arabia,Belgium,15,0.0003
102,Sweden,Switzerland,15,0.0003
102,Austria,Argentina,15,0.0003
102,Argentina,Canada,15,0.0003
102,Germany,Saudi Arabia,15,0.0003
102,Netherlands,Japan,14,0.00028
102,Haiti,Iran,14,0.00028
102,Curaçao,Switzerland,14,0.00028
102,Haiti,New Zealand,14,0.00028
102,Ghana,Spain,14,0.00028
102,Czechia,Belgium,14,0.00028
102,Scotland,Uzbekistan,14,0.00028
102,Croatia,Paraguay,14,0.00028
102,Sweden,Spain,14,0.00028
102,Ecuador,Austria,14,0.00028
102,Tunisia,Uruguay,14,0.00028
102,Uruguay,Austria,14,0.00028
102,Saudi Arabia,United States,14,0.00028
102,Sweden,Colombia,14,0.00028
102,Saudi Arabia,Switzerland,13,0.00026
102,Australia,Egypt,13,0.00026
102,Spain,Cape Verde,13,0.00026
102,Croatia,Saudi Arabia,13,0.00026
102,Spain,Uzbekistan,13,0.00026
102,Spain,Croatia,13,0.00026
102,Scotland,Algeria,13,0.00026
102,Morocco,Japan,13,0.00026
102,Australia,Spain,13,0.00026
102,Scotland,England,13,0.00026
102,Croatia,Ghana,13,0.00026
102,South Korea,Saudi Arabia,13,0.00026
102,Saudi Arabia,Colombia,13,0.00026
102,Curaçao,Algeria,13,0.00026
102,Germany,Uzbekistan,13,0.00026
102,Haiti,United States,13,0.00026
102,Ecuador,New Zealand,13,0.00026
102,Morocco,Netherlands,13,0.00026
102,Türkiye,Colombia,13,0.00026
102,Curaçao,Uruguay,12,0.00024
102,Spain,New Zealand,12,0.00024
102,Haiti,DR Congo,12,0.00024
102,Mexico,Cape Verde,12,0.00024
102,Ghana,Switzerland,12,0.00024
102,Iraq,Belgium,12,0.00024
102,United States,Colombia,12,0.00024
102,Argentina,Uruguay,12,0.00024
102,England,Tunisia,12,0.00024
102,South Korea,Paraguay,12,0.00024
102,Curaçao,Egypt,12,0.00024
102,France,Qatar,12,0.00024
102,Mexico,Ghana,12,0.00024
102,Mexico,Netherlands,12,0.00024
102,Côte d'Ivoire,DR Congo,12,0.00024
102,Tunisia,Australia,12,0.00024
102,Cape Verde,Spain,12,0.00024
102,Haiti,Algeria,12,0.00024
102,Mexico,Panama,12,0.00024
102,Ghana,Colombia,12,0.00024
102,Mexico,Japan,12,0.00024
102,Ghana,Belgium,12,0.00024
102,Scotland,Austria,12,0.00024
102,Australia,Belgium,12,0.00024
102,Brazil,Qatar,11,0.00022
102,Brazil,Japan,11,0.00022
102,Curaçao,DR Congo,11,0.00022
102,Spain,Saudi Arabia,11,0.00022
102,Senegal,Japan,11,0.00022
102,Iraq,United States,11,0.00022
102,Tunisia,Iran,11,0.00022
102,Algeria,Spain,11,0.00022
102,Australia,Türkiye,11,0.00022
102,Croatia,Jordan,11,0.00022
102,Ecuador,Croatia,11,0.00022
102,Scotland,DR Congo,11,0.00022
102,Senegal,Cape Verde,11,0.00022
102,Côte d'Ivoire,England,11,0.00022
102,Paraguay,Argentina,11,0.00022
102,Uruguay,Ghana,11,0.00022
102,Norway,Netherlands,11,0.00022
102,Sweden,Türkiye,11,0.00022
102,Argentina,Austria,11,0.00022
102,Tunisia,England,11,0.00022
102,Spain,Paraguay,10,0.0002
102,Türkiye,Switzerland,10,0.0002
102,Ghana,England,10,0.0002
102,Haiti,Uruguay,10,0.0002
102,Argentina,Algeria,10,0.0002
102,Ecuador,Paraguay,10,0.0002
102,South Africa,Colombia,10,0.0002
102,Netherlands,Qatar,10,0.0002
102,Curaçao,Australia,10,0.0002
102,Iraq,Colombia,10,0.0002
102,South Korea,Ghana,10,0.0002
102,South Korea,Uzbekistan,10,0.0002
102,Uruguay,Saudi Arabia,10,0.0002
102,Netherlands,Bosnia and Herzegovina,10,0.0002
102,Senegal,Panama,10,0.0002
102,South Africa,Belgium,10,0.0002
102,Haiti,England,10,0.0002
102,Algeria,Türkiye,10,0.0002
102,Jordan,Argentina,10,0.0002
102,Ghana,Canada,10,0.0002
102,Haiti,Austria,10,0.0002
102,Türkiye,Australia,10,0.0002
102,South Korea,Panama,10,0.0002
102,Saudi Arabia,Iran,10,0.0002
102,Norway,Bosnia and Herzegovina,10,0.0002
102,Argentina,United States,10,0.0002
102,South Africa,Australia,10,0.0002
102,Panama,Iran,10,0.0002
102,Sweden,Canada,10,0.0002
102,Paraguay,Belgium,10,0.0002
102,Côte d'Ivoire,Paraguay,10,0.0002
102,Czechia,United States,10,0.0002
102,Saudi Arabia,Canada,10,0.0002
102,Curaçao,Spain,10,0.0002
102,United States,Belgium,9,0.00018
102,England,Sweden,9,0.00018
102,Tunisia,Algeria,9,0.00018
102,Japan,Qatar,9,0.00018
102,Saudi Arabia,Uruguay,9,0.00018
102,Czechia,Australia,9,0.00018
102,United States,Türkiye,9,0.00018
102,Panama,England,9,0.00018
102,France,Sweden,9,0.00018
102,Paraguay,Spain,9,0.00018
102,South Africa,Egypt,9,0.00018
102,Czechia,Spain,9,0.00018
102,Iraq,Egypt,9,0.00018
102,Sweden,Australia,9,0.00018
102,Curaçao,Paraguay,9,0.00018
102,Austria,Colombia,9,0.00018
102,Cape Verde,Uruguay,9,0.00018
102,Saudi Arabia,Australia,9,0.00018
102,Norway,Qatar,9,0.00018
102,Curaçao,Iran,9,0.00018
102,Spain,Jordan,9,0.00018
102,United States,Spain,9,0.00018
102,Sweden,Austria,9,0.00018
102,Türkiye,Iran,9,0.00018
102,South Korea,Netherlands,9,0.00018
102,Croatia,Panama,9,0.00018
102,Czechia,Switzerland,9,0.00018
102,Algeria,Colombia,9,0.00018
102,Ghana,United States,9,0.00018
102,Curaçao,Uzbekistan,9,0.00018
102,Jordan,Portugal,9,0.00018
102,South Africa,Canada,8,0.00016
102,Czechia,Egypt,8,0.00016
102,Iraq,Canada,8,0.00016
102,Tunisia,Croatia,8,0.00016
102,Mexico,Bosnia and Herzegovina,8,0.00016
102,Sweden,United States,8,0.00016
102,Czechia,Canada,8,0.00016
102,Australia,Colombia,8,0.00016
102,Ecuador,Uzbekistan,8,0.00016
102,Brazil,Bosnia and Herzegovina,8,0.00016
102,Algeria,Belgium,8,0.00016
102,Cape Verde,Switzerland,8,0.00016
102,Egypt,Portugal,8,0.00016
102,Austria,Uruguay,8,0.00016
102,Türkiye,Uruguay,8,0.00016
102,United States,Switzerland,8,0.00016
102,Argentina,Egypt,8,0.00016
102,Paraguay,Uruguay,8,0.00016
102,Panama,Belgium,8,0.00016
102,Algeria,Switzerland,8,0.00016
102,Curaçao,Türkiye,8,0.00016
102,Germany,Jordan,8,0.00016
102,Türkiye,Belgium,8,0.00016
102,United States,Canada,8,0.00016
102,Argentina,New Zealand,7,0.00014
102,Ecuador,Netherlands,7,0.00014
102,Uruguay,Uzbekistan,7,0.00014
102,South Africa,United States,7,0.00014
102,Iraq,Iran,7,0.00014
102,Portugal,Argentina,7,0.00014
102,Senegal,Tunisia,7,0.00014
102,Sweden,Croatia,7,0.00014
102,Scotland,Paraguay,7,0.00014
102,Spain,Panama,7,0.00014
102,Iraq,New Zealand,7,0.00014
102,Ghana,Iran,7,0.00014
102,Netherlands,Sweden,7,0.00014
102,Brazil,Tunisia,7,0.00014
102,Tunisia,DR Congo,7,0.00014
102,Iraq,Austria,7,0.00014
102,Australia,DR Congo,7,0.00014
102,Portugal,Colombia,7,0.00014
102,Saudi Arabia,Türkiye,7,0.00014
102,Curaçao,Austria,7,0.00014
102,Iraq,Australia,7,0.00014
102,Australia,England,7,0.00014
102,Panama,Colombia,7,0.00014
102,Morocco,Panama,7,0.00014
102,Austria,Spain,7,0.00014
102,Haiti,Uzbekistan,7,0.00014
102,Senegal,Netherlands,7,0.00014
102,Australia,United States,6,0.00012
102,Cape Verde,New Zealand,6,0.00012
102,Saudi Arabia,New Zealand,6,0.00012
102,Colombia,Argentina,6,0.00012
102,Argentina,Australia,6,0.00012
102,Australia,Uruguay,6,0.00012
102,Croatia,Cape Verde,6,0.00012
102,Panama,Austria,6,0.00012
102,Norway,Tunisia,6,0.00012
102,Austria,Iran,6,0.00012
102,Paraguay,Canada,6,0.00012
102,Türkiye,New Zealand,6,0.00012
102,Côte d'Ivoire,Uzbekistan,6,0.00012
102,Tunisia,Uzbekistan,6,0.00012
102,Türkiye,Austria,6,0.00012
102,Uruguay,Panama,6,0.00012
102,Cape Verde,Canada,6,0.00012
102,Iraq,Switzerland,6,0.00012
102,Curaçao,England,6,0.00012
102,Panama,United States,6,0.00012
102,Türkiye,Egypt,6,0.00012
102,Jordan,Colombia,6,0.00012
102,Iraq,Uruguay,6,0.00012
102,Algeria,Canada,6,0.00012
102,Austria,Switzerland,6,0.00012
102,Panama,Algeria,6,0.00012
102,Panama,Uruguay,6,0.00012
102,Saudi Arabia,Egypt,6,0.00012
102,Germany,Japan,6,0.00012
102,Türkiye,England,6,0.00012
102,Curaçao,Croatia,6,0.00012
102,Uruguay,Jordan,6,0.00012
102,Germany,Cape Verde,6,0.00012
102,South Korea,Cape Verde,6,0.00012
102,Türkiye,United States,6,0.00012
102,Czechia,Uruguay,6,0.00012
102,Türkiye,DR Congo,6,0.00012
102,Australia,Iran,6,0.00012
102,Haiti,Cape Verde,6,0.00012
102,Australia,Canada,6,0.00012
102,United States,DR Congo,6,0.00012
102,Argentina,Switzerland,6,0.00012
102,South Africa,New Zealand,6,0.00012
102,United States,Australia,6,0.00012
102,Czechia,Austria,6,0.00012
102,Sweden,Egypt,6,0.00012
102,Cape Verde,United States,6,0.00012
102,Panama,Croatia,6,0.00012
102,United States,Iran,6,0.00012
102,Uruguay,Cape Verde,6,0.00012
102,Senegal,Qatar,6,0.00012
102,Haiti,Ghana,5,0.0001
102,Côte d'Ivoire,Ghana,5,0.0001
102,Tunisia,New Zealand,5,0.0001
102,Scotland,Saudi Arabia,5,0.0001
102,Ecuador,Tunisia,5,0.0001
102,Austria,Belgium,5,0.0001
102,Haiti,Paraguay,5,0.0001
102,South Korea,Jordan,5,0.0001
102,Sweden,Iran,5,0.0001
102,Germany,Paraguay,5,0.0001
102,Sweden,Algeria,5,0.0001
102,Austria,United States,5,0.0001
102,Croatia,Japan,5,0.0001
102,Mexico,Qatar,5,0.0001
102,Sweden,Uzbekistan,5,0.0001
102,United States,Croatia,5,0.0001
102,Senegal,Sweden,5,0.0001
102,Czechia,Uzbekistan,5,0.0001
102,United States,Algeria,5,0.0001
102,Netherlands,Tunisia,5,0.0001
102,Scotland,Croatia,5,0.0001
102,Colombia,Portugal,5,0.0001
102,Ecuador,Saudi Arabia,5,0.0001
102,Côte d'Ivoire,Netherlands,5,0.0001
102,Cape Verde,Australia,5,0.0001
102,Austria,Australia,5,0.0001
102,Saudi Arabia,England,5,0.0001
102,Morocco,Qatar,5,0.0001
102,United States,Uzbekistan,5,0.0001
102,Germany,Panama,5,0.0001
102,Austria,Egypt,5,0.0001
102,Panama,Türkiye,5,0.0001
102,Sweden,Paraguay,5,0.0001
102,Iraq,Türkiye,5,0.0001
102,Czechia,Türkiye,5,0.0001
102,Haiti,Saudi Arabia,5,0.0001
102,DR Congo,Portugal,5,0.0001
102,Algeria,Paraguay,5,0.0001
102,Uruguay,Paraguay,5,0.0001
102,Jordan,Egypt,5,0.0001
102,Ecuador,Cape Verde,5,0.0001
102,Spain,Ghana,5,0.0001
102,Cape Verde,Belgium,5,0.0001
102,Sweden,England,5,0.0001
102,United States,Uruguay,5,0.0001
102,Saudi Arabia,Paraguay,5,0.0001
102,Türkiye,Algeria,5,0.0001
102,Paraguay,Switzerland,5,0.0001
102,Senegal,Ghana,5,0.0001
102,Croatia,Qatar,5,0.0001
102,Tunisia,Cape Verde,5,0.0001
102,Cape Verde,Egypt,5,0.0001
102,Ghana,Türkiye,5,0.0001
102,Algeria,Egypt,5,0.0001
102,Tunisia,Saudi Arabia,5,0.0001
102,Saudi Arabia,DR Congo,5,0.0001
102,Czechia,New Zealand,5,0.0001
102,Ghana,Australia,4,8e-05
102,Argentina,Jordan,4,8e-05
102,Sweden,DR Congo,4,8e-05
102,Portugal,Uruguay,4,8e-05
102,Norway,Sweden,4,8e-05
102,Australia,Croatia,4,8e-05
102,Tunisia,Jordan,4,8e-05
102,Ghana,Egypt,4,8e-05
102,Haiti,Japan,4,8e-05
102,Japan,Sweden,4,8e-05
102,Sweden,New Zealand,4,8e-05
102,Jordan,DR Congo,4,8e-05
102,Côte d'Ivoire,Cape Verde,4,8e-05
102,Croatia,Netherlands,4,8e-05
102,United States,Egypt,4,8e-05
102,Ecuador,Jordan,4,8e-05
102,Austria,Canada,4,8e-05
102,South Africa,Uruguay,4,8e-05
102,Mexico,Tunisia,4,8e-05
102,Ghana,Uruguay,4,8e-05
102,Jordan,Switzerland,4,8e-05
102,United States,Jordan,4,8e-05
102,Cape Verde,DR Congo,4,8e-05
102,South Africa,Iran,4,8e-05
102,Côte d'Ivoire,Saudi Arabia,4,8e-05
102,Austria,England,4,8e-05
102,Iraq,Paraguay,4,8e-05
102,Czechia,Algeria,4,8e-05
102,Czechia,Saudi Arabia,4,8e-05
102,Tunisia,Austria,4,8e-05
102,Belgium,Portugal,4,8e-05
102,Panama,Canada,4,8e-05
102,Austria,Algeria,4,8e-05
102,Australia,Switzerland,4,8e-05
102,Paraguay,Iran,4,8e-05
102,Czechia,England,4,8e-05
102,Iraq,Uzbekistan,4,8e-05
102,Portugal,Australia,4,8e-05
102,Portugal,United States,4,8e-05
102,United States,New Zealand,4,8e-05
102,South Africa,Switzerland,4,8e-05
102,Tunisia,Paraguay,4,8e-05
102,Paraguay,Türkiye,4,8e-05
102,Uruguay,Croatia,4,8e-05
102,Cape Verde,Iran,4,8e-05
102,Czechia,Iran,4,8e-05
102,Türkiye,Cape Verde,4,8e-05
102,South Korea,Tunisia,4,8e-05
102,Germany,Tunisia,4,8e-05
102,Spain,Netherlands,4,8e-05
102,Ecuador,Sweden,4,8e-05
102,Morocco,Bosnia and Herzegovina,4,8e-05
102,Panama,DR Congo,4,8e-05
102,Argentina,Saudi Arabia,4,8e-05
102,Curaçao,New Zealand,4,8e-05
102,Paraguay,Croatia,4,8e-05
102,Saudi Arabia,Cape Verde,4,8e-05
102,Ghana,Croatia,4,8e-05
102,Panama,Switzerland,4,8e-05
102,Panama,Australia,4,8e-05
102,South Africa,Austria,4,8e-05
102,Saudi Arabia,Algeria,3,6e-05
102,Australia,Uzbekistan,3,6e-05
102,Côte d'Ivoire,Jordan,3,6e-05
102,Portugal,England,3,6e-05
102,Iraq,Cape Verde,3,6e-05
102,Argentina,DR Congo,3,6e-05
102,Iraq,England,3,6e-05
102,Haiti,Netherlands,3,6e-05
102,Japan,Tunisia,3,6e-05
102,Paraguay,United States,3,6e-05
102,Panama,New Zealand,3,6e-05
102,Curaçao,Japan,3,6e-05
102,Scotland,Cape Verde,3,6e-05
102,Senegal,Bosnia and Herzegovina,3,6e-05
102,Colombia,Egypt,3,6e-05
102,Portugal,Egypt,3,6e-05
102,Argentina,Panama,3,6e-05
102,South Africa,England,3,6e-05
102,DR Congo,New Zealand,3,6e-05
102,Ghana,DR Congo,3,6e-05
102,Czechia,Paraguay,3,6e-05
102,Algeria,England,3,6e-05
102,South Africa,Netherlands,3,6e-05
102,Paraguay,Colombia,3,6e-05
102,Panama,Ghana,3,6e-05
102,Paraguay,New Zealand,3,6e-05
102,DR Congo,Spain,3,6e-05
102,Curaçao,Jordan,3,6e-05
102,Haiti,Croatia,3,6e-05
102,Ecuador,Qatar,3,6e-05
102,DR Congo,Argentina,3,6e-05
102,Saudi Arabia,Uzbekistan,3,6e-05
102,Czechia,Croatia,3,6e-05
102,Germany,Ghana,3,6e-05
102,Türkiye,Netherlands,3,6e-05
102,Cape Verde,Türkiye,3,6e-05
102,Paraguay,Sweden,3,6e-05
102,Haiti,Jordan,3,6e-05
102,Sweden,Saudi Arabia,3,6e-05
102,Spain,Bosnia and Herzegovina,3,6e-05
102,Scotland,Panama,3,6e-05
102,Australia,New Zealand,3,6e-05
102,Paraguay,Cape Verde,3,6e-05
102,Algeria,Australia,3,6e-05
102,Colombia,Belgium,3,6e-05
102,Jordan,Saudi Arabia,3,6e-05
102,Cape Verde,Colombia,3,6e-05
102,Ecuador,Japan,3,6e-05
102,Algeria,Uruguay,3,6e-05
102,Belgium,England,3,6e-05
102,Panama,Egypt,3,6e-05
102,Ecuador,Panama,3,6e-05
102,Scotland,Qatar,3,6e-05
102,Ghana,Algeria,3,6e-05
102,Haiti,Bosnia and Herzegovina,3,6e-05
102,Ghana,Paraguay,3,6e-05
102,Morocco,Tunisia,3,6e-05
102,Iraq,Croatia,3,6e-05
102,Iraq,DR Congo,3,6e-05
102,Curaçao,United States,3,6e-05
102,Colombia,England,2,4e-05
102,Australia,Austria,2,4e-05
102,Egypt,Austria,2,4e-05
102,Scotland,Netherlands,2,4e-05
102,Haiti,Panama,2,4e-05
102,Algeria,New Zealand,2,4e-05
102,Curaçao,Netherlands,2,4e-05
102,Jordan,Austria,2,4e-05
102,DR Congo,Australia,2,4e-05
102,Panama,Netherlands,2,4e-05
102,Egypt,United States,2,4e-05
102,Jordan,Iran,2,4e-05
102,Saudi Arabia,Panama,2,4e-05
102,Paraguay,Egypt,2,4e-05
102,Cape Verde,England,2,4e-05
102,United States,England,2,4e-05
102,Iran,Egypt,2,4e-05
102,Croatia,Sweden,2,4e-05
102,South Africa,DR Congo,2,4e-05
102,Türkiye,Japan,2,4e-05
102,Portugal,Austria,2,4e-05
102,Portugal,Croatia,2,4e-05
102,New Zealand,England,2,4e-05
102,Côte d'Ivoire,Panama,2,4e-05
102,Belgium,DR Congo,2,4e-05
102,Argentina,Iran,2,4e-05
102,Panama,Paraguay,2,4e-05
102,Jordan,Canada,2,4e-05
102,Saudi Arabia,Austria,2,4e-05
102,Cape Verde,Austria,2,4e-05
102,Curaçao,Ghana,2,4e-05
102,South Africa,Türkiye,2,4e-05
102,Egypt,Belgium,2,4e-05
102,United States,Saudi Arabia,2,4e-05
102,Curaçao,Saudi Arabia,2,4e-05
102,Australia,Jordan,2,4e-05
102,Austria,New Zealand,2,4e-05
102,Germany,Qatar,2,4e-05
102,Türkiye,Paraguay,2,4e-05
102,Australia,Algeria,2,4e-05
102,Algeria,Austria,2,4e-05
102,Uzbekistan,Iran,2,4e-05
102,Ecuador,Bosnia and Herzegovina,2,4e-05
102,Germany,Netherlands,2,4e-05
102,Colombia,United States,2,4e-05
102,Côte d'Ivoire,Qatar,2,4e-05
102,Scotland,Jordan,2,4e-05
102,Czechia,Cape Verde,2,4e-05
102,Austria,Uzbekistan,2,4e-05
102,Côte d'Ivoire,Bosnia and Herzegovina,2,4e-05
102,Portugal,Türkiye,2,4e-05
102,Austria,Paraguay,2,4e-05
102,Tunisia,Bosnia and Herzegovina,2,4e-05
102,Algeria,United States,2,4e-05
102,South Korea,Qatar,2,4e-05
102,Egypt,Colombia,2,4e-05
102,Haiti,Tunisia,2,4e-05
102,Tunisia,Japan,2,4e-05
102,Sweden,Japan,2,4e-05
102,Colombia,Uruguay,2,4e-05
102,DR Congo,Türkiye,2,4e-05
102,Austria,DR Congo,2,4e-05
102,South Korea,Japan,2,4e-05
102,Iraq,Japan,2,4e-05
102,Haiti,Sweden,2,4e-05
102,Iran,Spain,2,4e-05
102,Paraguay,DR Congo,2,4e-05
102,Ghana,Uzbekistan,2,4e-05
102,Tunisia,Ghana,2,4e-05
102,Ecuador,Ghana,2,4e-05
102,Portugal,Iran,2,4e-05
102,Jordan,Algeria,2,4e-05
102,DR Congo,England,2,4e-05
102,Jordan,New Zealand,2,4e-05
102,DR Congo,Uruguay,2,4e-05
102,Algeria,Cape Verde,2,4e-05
102,Uruguay,Tunisia,2,4e-05
102,Scotland,Ghana,2,4e-05
102,Ghana,New Zealand,2,4e-05
102,Portugal,Paraguay,2,4e-05
102,Belgium,Türkiye,2,4e-05
102,South Korea,Bosnia and Herzegovina,2,4e-05
102,Haiti,Qatar,2,4e-05
102,Portugal,Spain,2,4e-05
102,Mexico,Sweden,2,4e-05
102,United States,Tunisia,2,4e-05
102,Austria,Türkiye,2,4e-05
102,Belgium,Saudi Arabia,2,4e-05
102,Algeria,DR Congo,2,4e-05
102,Belgium,Croatia,2,4e-05
102,Belgium,Uruguay,2,4e-05
102,Australia,Saudi Arabia,2,4e-05
102,Curaçao,Bosnia and Herzegovina,2,4e-05
102,Türkiye,Saudi Arabia,2,4e-05
102,Czechia,DR Congo,2,4e-05
102,Algeria,Sweden,2,4e-05
102,Uruguay,Netherlands,2,4e-05
102,Portugal,DR Congo,2,4e-05
102,New Zealand,Iran,1,2e-05
102,Austria,Netherlands,1,2e-05
102,Scotland,Sweden,1,2e-05
102,South Africa,Uzbekistan,1,2e-05
102,Scotland,Tunisia,1,2e-05
102,Sweden,Netherlands,1,2e-05
102,Algeria,Bosnia and Herzegovina,1,2e-05
102,United States,Bosnia and Herzegovina,1,2e-05
102,Uzbekistan,Belgium,1,2e-05
102,South Africa,Japan,1,2e-05
102,Curaçao,Sweden,1,2e-05
102,Argentina,Paraguay,1,2e-05
102,Morocco,Sweden,1,2e-05
102,Egypt,Argentina,1,2e-05
102,Algeria,Iran,1,2e-05
102,Tunisia,Qatar,1,2e-05
102,Uzbekistan,Portugal,1,2e-05
102,Algeria,Ghana,1,2e-05
102,Belgium,Argentina,1,2e-05
102,Iraq,Bosnia and Herzegovina,1,2e-05
102,Colombia,DR Congo,1,2e-05
102,Belgium,Australia,1,2e-05
102,Portugal,Belgium,1,2e-05
102,Belgium,Spain,1,2e-05
102,Colombia,Canada,1,2e-05
102,Brazil,Sweden,1,2e-05
102,Jordan,Uruguay,1,2e-05
102,Colombia,Algeria,1,2e-05
102,Czechia,Japan,1,2e-05
102,South Africa,Ghana,1,2e-05
102,Panama,Japan,1,2e-05
102,United States,Netherlands,1,2e-05
102,Iran,United States,1,2e-05
102,Jordan,Paraguay,1,2e-05
102,Iran,New Zealand,1,2e-05
102,Jordan,Croatia,1,2e-05
102,Jordan,Qatar,1,2e-05
102,Cape Verde,Paraguay,1,2e-05
102,Australia,Ghana,1,2e-05
102,Jordan,Netherlands,1,2e-05
102,Iran,Argentina,1,2e-05
102,Portugal,Saudi Arabia,1,2e-05
102,Argentina,England,1,2e-05
102,Jordan,United States,1,2e-05
102,Cape Verde,Netherlands,1,2e-05
102,Croatia,Tunisia,1,2e-05
102,Argentina,Ghana,1,2e-05
102,United States,Panama,1,2e-05
102,Argentina,Cape Verde,1,2e-05
102,Saudi Arabia,Croatia,1,2e-05
102,Germany,Sweden,1,2e-05
102,Czechia,Ghana,1,2e-05
102,Argentina,Japan,1,2e-05
102,Bosnia and Herzegovina,Canada,1,2e-05
102,Czechia,Panama,1,2e-05
102,Paraguay,England,1,2e-05
102,South Africa,Qatar,1,2e-05
102,Uzbekistan,DR Congo,1,2e-05
102,Türkiye,Panama,1,2e-05
102,DR Congo,Switzerland,1,2e-05
102,DR Congo,Uzbekistan,1,2e-05
102,DR Congo,Colombia,1,2e-05
102,Argentina,Croatia,1,2e-05
102,Iran,England,1,2e-05
102,DR Congo,Paraguay,1,2e-05
102,Iraq,Saudi Arabia,1,2e-05
102,Jordan,England,1,2e-05
102,Algeria,Netherlands,1,2e-05
102,South Korea,Sweden,1,2e-05
102,Portugal,Algeria,1,2e-05
102,Scotland,Japan,1,2e-05
102,Sweden,Ghana,1,2e-05
102,Jordan,Belgium,1,2e-05
102,DR Congo,Canada,1,2e-05
102,Sweden,Jordan,1,2e-05
102,Curaçao,Cape Verde,1,2e-05
102,South Africa,Tunisia,1,2e-05
102,Türkiye,Ghana,1,2e-05
102,Argentina,Netherlands,1,2e-05
102,Ghana,Saudi Arabia,1,2e-05
102,Spain,Qatar,1,2e-05
102,Paraguay,Austria,1,2e-05
102,Spain,Japan,1,2e-05
102,Portugal,Uzbekistan,1,2e-05
102,DR Congo,Belgium,1,2e-05
102,Australia,Netherlands,1,2e-05
102,Belgium,Austria,1,2e-05
102,Algeria,Saudi Arabia,1,2e-05
102,Cape Verde,Uzbekistan,1,2e-05
102,Uzbekistan,Paraguay,1,2e-05
102,Colombia,Paraguay,1,2e-05
102,Côte d'Ivoire,Sweden,1,2e-05
102,Algeria,Qatar,1,2e-05
102,Croatia,Bosnia and Herzegovina,1,2e-05
102,Algeria,Croatia,1,2e-05
102,Jordan,Panama,1,2e-05
102,Cape Verde,Bosnia and Herzegovina,1,2e-05
102,DR Congo,Egypt,1,2e-05
102,Sweden,Panama,1,2e-05
102,Argentina,Uzbekistan,1,2e-05
102,Belgium,Canada,1,2e-05
102,Uzbekistan,Switzerland,1,2e-05
102,Panama,Uzbekistan,1,2e-05
102,United States,Ghana,1,2e-05
102,Austria,Saudi Arabia,1,2e-05
102,Austria,Jordan,1,2e-05
102,Uzbekistan,Türkiye,1,2e-05
102,Paraguay,Bosnia and Herzegovina,1,2e-05
102,Uzbekistan,Argentina,1,2e-05
102,Canada,Paraguay,1,2e-05
102,Belgium,Colombia,1,2e-05
102,Iraq,Panama,1,2e-05
102,South Africa,Saudi Arabia,1,2e-05
102,Türkiye,Croatia,1,2e-05
102,Portugal,New Zealand,1,2e-05
102,Czechia,Netherlands,1,2e-05
102,Jordan,Cape Verde,1,2e-05
102,Egypt,Croatia,1,2e-05
102,Switzerland,Argentina,1,2e-05
102,Colombia,Cape Verde,1,2e-05
102,Türkiye,Uzbekistan,1,2e-05
102,South Africa,Paraguay,1,2e-05
102,Türkiye,Jordan,1,2e-05
102,Portugal,Ghana,1,2e-05
102,Côte d'Ivoire,Japan,1,2e-05
102,South Africa,Algeria,1,2e-05
102,Uzbekistan,Jordan,1,2e-05
102,Saudi Arabia,Jordan,1,2e-05
102,Egypt,England,1,2e-05
102,Austria,Qatar,1,2e-05
102,Algeria,Uzbekistan,1,2e-05
102,Uzbekistan,Egypt,1,2e-05
102,Ghana,Austria,1,2e-05
102,Iran,Uzbekistan,1,2e-05
102,Iran,Switzerland,1,2e-05
102,Iran,Portugal,1,2e-05
102,Colombia,Ghana,1,2e-05
102,Austria,Japan,1,2e-05
102,Belgium,Uzbekistan,1,2e-05
102,Australia,Bosnia and Herzegovina,1,2e-05
102,Saudi Arabia,Tunisia,1,2e-05
102,Belgium,United States,1,2e-05
102,Colombia,Iran,1,2e-05
102,Colombia,Switzerland,1,2e-05
102,DR Congo,Netherlands,1,2e-05
103,Spain,Portugal,445,0.0089
103,Germany,Portugal,391,0.00782
103,Germany,England,379,0.00758
103,Spain,Argentina,372,0.00744
103,Spain,England,344,0.00688
103,Germany,Argentina,324,0.00648
103,Germany,France,273,0.00546
103,Spain,France,249,0.00498
103,Germany,Japan,212,0.00424
103,Brazil,Portugal,193,0.00386
103,Spain,Japan,192,0.00384
103,Germany,Netherlands,191,0.00382
103,Morocco,Portugal,186,0.00372
103,Germany,Colombia,183,0.00366
103,France,Portugal,182,0.00364
103,Spain,Uruguay,177,0.00354
103,Spain,Belgium,163,0.00326
103,Spain,Brazil,162,0.00324
103,Germany,Uruguay,161,0.00322
103,Switzerland,Portugal,161,0.00322
103,Spain,Norway,158,0.00316
103,Germany,Morocco,158,0.00316
103,Germany,Brazil,155,0.0031
103,France,England,154,0.00308
103,Netherlands,Portugal,154,0.00308
103,Norway,Portugal,153,0.00306
103,Germany,Canada,152,0.00304
103,Spain,Colombia,148,0.00296
103,Spain,Netherlands,148,0.00296
103,Germany,Mexico,148,0.00296
103,Germany,Norway,145,0.0029
103,Germany,Belgium,144,0.00288
103,Côte d'Ivoire,Portugal,143,0.00286
103,South Korea,Portugal,141,0.00282
103,Japan,Portugal,140,0.0028
103,Belgium,Portugal,136,0.00272
103,United States,Portugal,135,0.0027
103,Spain,Morocco,135,0.0027
103,Brazil,England,133,0.00266
103,Brazil,Argentina,133,0.00266
103,Spain,Switzerland,132,0.00264
103,United States,Argentina,127,0.00254
103,Switzerland,Argentina,127,0.00254
103,Norway,England,126,0.00252
103,Morocco,England,126,0.00252
103,Senegal,Portugal,125,0.0025
103,Belgium,England,123,0.00246
103,Netherlands,Argentina,121,0.00242
103,Argentina,Portugal,121,0.00242
103,Spain,Canada,121,0.00242
103,Norway,France,121,0.00242
103,Morocco,Argentina,121,0.00242
103,Switzerland,England,120,0.0024
103,United States,England,120,0.0024
103,Japan,England,120,0.0024
103,Germany,Switzerland,118,0.00236
103,Netherlands,England,117,0.00234
103,Mexico,Portugal,117,0.00234
103,Germany,Croatia,115,0.0023
103,Spain,Egypt,115,0.0023
103,Belgium,Argentina,115,0.0023
103,Netherlands,Japan,115,0.0023
103,Colombia,Portugal,113,0.00226
103,Germany,Türkiye,113,0.00226
103,Germany,United States,112,0.00224
103,Spain,Croatia,111,0.00222
103,Spain,Iran,111,0.00222
103,Japan,Argentina,111,0.00222
103,England,Portugal,110,0.0022
103,Germany,Iran,110,0.0022
103,Morocco,France,109,0.00218
103,Côte d'Ivoire,England,107,0.00214
103,Spain,Mexico,107,0.00214
103,Ecuador,Portugal,107,0.00214
103,Morocco,Brazil,105,0.0021
103,Spain,Senegal,104,0.00208
103,Germany,Spain,104,0.00208
103,South Korea,Argentina,103,0.00206
103,Netherlands,France,102,0.00204
103,Norway,Argentina,102,0.00204
103,Spain,Australia,101,0.00202
103,South Korea,England,101,0.00202
103,France,Norway,101,0.00202
103,Brazil,Morocco,100,0.002
103,Spain,Türkiye,100,0.002
103,Senegal,France,99,0.00198
103,Brazil,France,98,0.00196
103,Senegal,England,98,0.00196
103,Japan,France,98,0.00196
103,Mexico,France,97,0.00194
103,Argentina,England,97,0.00194
103,Germany,Egypt,96,0.00192
103,Senegal,Argentina,96,0.00192
103,Switzerland,France,96,0.00192
103,United States,France,95,0.0019
103,Japan,Netherlands,95,0.0019
103,Mexico,England,95,0.0019
103,Croatia,Portugal,95,0.0019
103,France,Argentina,94,0.00188
103,France,Japan,93,0.00186
103,Morocco,Japan,93,0.00186
103,Germany,Australia,93,0.00186
103,South Korea,France,92,0.00184
103,Spain,United States,92,0.00184
103,Canada,Portugal,89,0.00178
103,Portugal,England,89,0.00178
103,South Korea,Japan,88,0.00176
103,Côte d'Ivoire,Argentina,88,0.00176
103,Canada,England,87,0.00174
103,Brazil,Netherlands,87,0.00174
103,Germany,Senegal,86,0.00172
103,Germany,Austria,85,0.0017
103,Canada,Argentina,84,0.00168
103,Switzerland,Japan,83,0.00166
103,Belgium,France,83,0.00166
103,Morocco,Netherlands,83,0.00166
103,Ecuador,England,82,0.00164
103,England,Argentina,81,0.00162
103,Mexico,Argentina,81,0.00162
103,Switzerland,Belgium,80,0.0016
103,Spain,New Zealand,80,0.0016
103,Croatia,England,80,0.0016
103,Argentina,France,79,0.00158
103,Portugal,Colombia,78,0.00156
103,Germany,New Zealand,78,0.00156
103,Belgium,Netherlands,78,0.00156
103,Austria,Portugal,78,0.00156
103,France,Brazil,77,0.00154
103,Canada,France,77,0.00154
103,Côte d'Ivoire,France,77,0.00154
103,Germany,Algeria,76,0.00152
103,Switzerland,Canada,76,0.00152
103,Germany,South Korea,75,0.0015
103,Portugal,Argentina,75,0.0015
103,Norway,Japan,75,0.0015
103,Croatia,Argentina,74,0.00148
103,Spain,Algeria,74,0.00148
103,France,Morocco,73,0.00146
103,Algeria,Portugal,73,0.00146
103,Egypt,Portugal,71,0.00142
103,Brazil,Japan,71,0.00142
103,France,Netherlands,71,0.00142
103,Belgium,Spain,71,0.00142
103,Mexico,Japan,70,0.0014
103,South Korea,Netherlands,70,0.0014
103,Brazil,Belgium,70,0.0014
103,Belgium,Japan,70,0.0014
103,Ecuador,France,70,0.0014
103,Spain,Austria,69,0.00138
103,England,France,69,0.00138
103,Germany,DR Congo,69,0.00138
103,Switzerland,Netherlands,68,0.00136
103,Argentina,Japan,68,0.00136
103,Colombia,England,68,0.00136
103,Brazil,Colombia,67,0.00134
103,Spain,South Korea,67,0.00134
103,Morocco,Uruguay,67,0.00134
103,Japan,Morocco,67,0.00134
103,Japan,Brazil,67,0.00134
103,Côte d'Ivoire,Japan,66,0.00132
103,Algeria,Argentina,66,0.00132
103,Canada,Switzerland,65,0.0013
103,England,Japan,65,0.0013
103,United States,Japan,65,0.0013
103,Japan,Uruguay,64,0.00128
103,Austria,England,64,0.00128
103,Morocco,Norway,64,0.00128
103,Japan,Belgium,64,0.00128
103,France,Colombia,63,0.00126
103,Argentina,Spain,63,0.00126
103,South Korea,Mexico,63,0.00126
103,Morocco,Canada,63,0.00126
103,Morocco,Belgium,62,0.00124
103,France,Senegal,61,0.00122
103,South Korea,Belgium,61,0.00122
103,Spain,Saudi Arabia,61,0.00122
103,Netherlands,Uruguay,60,0.0012
103,DR Congo,Portugal,60,0.0012
103,England,Croatia,60,0.0012
103,Belgium,Colombia,60,0.0012
103,Colombia,Argentina,60,0.0012
103,United States,Netherlands,60,0.0012
103,Netherlands,Morocco,59,0.00118
103,France,Türkiye,59,0.00118
103,Argentina,Colombia,59,0.00118
103,Côte d'Ivoire,Belgium,59,0.00118
103,Japan,Norway,59,0.00118
103,Mexico,Belgium,59,0.00118
103,Netherlands,Spain,58,0.00116
103,Côte d'Ivoire,Netherlands,58,0.00116
103,Switzerland,Mexico,57,0.00114
103,Japan,Spain,57,0.00114
103,England,Netherlands,57,0.00114
103,Morocco,Türkiye,57,0.00114
103,Morocco,Switzerland,57,0.00114
103,Netherlands,Canada,57,0.00114
103,Portugal,France,57,0.00114
103,Côte d'Ivoire,Norway,57,0.00114
103,Spain,DR Congo,56,0.00112
103,Ecuador,Argentina,56,0.00112
103,Brazil,Senegal,56,0.00112
103,Türkiye,Portugal,56,0.00112
103,Switzerland,Morocco,56,0.00112
103,Senegal,Netherlands,56,0.00112
103,Iran,Portugal,56,0.00112
103,Norway,Netherlands,56,0.00112
103,United States,Morocco,55,0.0011
103,Portugal,Japan,55,0.0011
103,United States,Brazil,55,0.0011
103,Belgium,Norway,55,0.0011
103,Argentina,Netherlands,55,0.0011
103,France,Uruguay,55,0.0011
103,South Korea,Morocco,54,0.00108
103,Japan,Canada,54,0.00108
103,Japan,Colombia,54,0.00108
103,Canada,Japan,54,0.00108
103,Argentina,Belgium,54,0.00108
103,Morocco,Colombia,53,0.00106
103,Argentina,Brazil,53,0.00106
103,Ecuador,Netherlands,53,0.00106
103,Netherlands,Mexico,53,0.00106
103,Canada,Netherlands,53,0.00106
103,United States,Belgium,53,0.00106
103,Norway,Morocco,53,0.00106
103,South Korea,Norway,53,0.00106
103,South Korea,Brazil,52,0.00104
103,England,Morocco,52,0.00104
103,France,Spain,52,0.00104
103,United States,Spain,52,0.00104
103,Mexico,Netherlands,52,0.00104
103,Switzerland,United States,52,0.00104
103,Brazil,Türkiye,52,0.00104
103,Uruguay,Spain,51,0.00102
103,Austria,Argentina,51,0.00102
103,Côte d'Ivoire,Morocco,51,0.00102
103,Netherlands,Belgium,51,0.00102
103,Tunisia,Portugal,51,0.00102
103,France,Belgium,51,0.00102
103,Netherlands,Norway,50,0.001
103,Morocco,Mexico,50,0.001
103,Morocco,Egypt,50,0.001
103,Germany,Ecuador,50,0.001
103,Côte d'Ivoire,Uruguay,50,0.001
103,Brazil,Norway,50,0.001
103,South Africa,Portugal,50,0.001
103,Argentina,Algeria,50,0.001
103,Croatia,France,50,0.001
103,Côte d'Ivoire,Colombia,50,0.001
103,Senegal,Uruguay,50,0.001
103,Portugal,Belgium,50,0.001
103,France,Canada,49,0.00098
103,Mexico,Canada,49,0.00098
103,Japan,Croatia,49,0.00098
103,Senegal,Morocco,49,0.00098
103,Morocco,Spain,49,0.00098
103,South Korea,Spain,49,0.00098
103,Belgium,Canada,49,0.00098
103,Brazil,Iran,49,0.00098
103,England,Uruguay,49,0.00098
103,Norway,Belgium,48,0.00096
103,Senegal,Mexico,48,0.00096
103,Switzerland,Norway,48,0.00096
103,United States,Colombia,48,0.00096
103,Mexico,South Korea,48,0.00096
103,Côte d'Ivoire,Canada,48,0.00096
103,Switzerland,Colombia,48,0.00096
103,South Korea,Uruguay,48,0.00096
103,Brazil,Canada,48,0.00096
103,Switzerland,Uruguay,48,0.00096
103,Morocco,Croatia,48,0.00096
103,Belgium,Iran,47,0.00094
103,Germany,Côte d'Ivoire,47,0.00094
103,United States,Norway,47,0.00094
103,Netherlands,Brazil,47,0.00094
103,Switzerland,Brazil,47,0.00094
103,Brazil,Switzerland,47,0.00094
103,Morocco,Australia,47,0.00094
103,Norway,Croatia,47,0.00094
103,France,Croatia,47,0.00094
103,Japan,United States,46,0.00092
103,Norway,Spain,46,0.00092
103,Morocco,Iran,46,0.00092
103,Netherlands,Colombia,46,0.00092
103,Egypt,England,46,0.00092
103,Germany,Scotland,46,0.00092
103,Norway,Colombia,46,0.00092
103,Belgium,Egypt,46,0.00092
103,Czechia,Portugal,46,0.00092
103,South Korea,Colombia,46,0.00092
103,Norway,Mexico,46,0.00092
103,Algeria,England,45,0.0009
103,Portugal,Norway,45,0.0009
103,England,Spain,45,0.0009
103,Netherlands,Switzerland,45,0.0009
103,Mexico,Croatia,45,0.0009
103,Senegal,Belgium,45,0.0009
103,Senegal,Norway,45,0.0009
103,Colombia,France,45,0.0009
103,Spain,Côte d'Ivoire,45,0.0009
103,England,Norway,45,0.0009
103,Brazil,Mexico,45,0.0009
103,Germany,Uzbekistan,45,0.0009
103,Ecuador,Japan,45,0.0009
103,Czechia,Argentina,45,0.0009
103,Colombia,Spain,45,0.0009
103,Mexico,Colombia,45,0.0009
103,Spain,Ecuador,45,0.0009
103,Australia,Portugal,44,0.00088
103,Senegal,Japan,44,0.00088
103,Japan,Egypt,44,0.00088
103,Belgium,Croatia,44,0.00088
103,Norway,Brazil,44,0.00088
103,Colombia,Japan,44,0.00088
103,United States,Canada,44,0.00088
103,South Korea,Canada,44,0.00088
103,Brazil,Egypt,44,0.00088
103,South Korea,United States,44,0.00088
103,Spain,Scotland,44,0.00088
103,Belgium,United States,43,0.00086
103,Argentina,Uruguay,43,0.00086
103,Türkiye,Argentina,43,0.00086
103,France,Australia,43,0.00086
103,Austria,Japan,43,0.00086
103,Brazil,United States,43,0.00086
103,Czechia,France,43,0.00086
103,France,United States,43,0.00086
103,Belgium,Brazil,43,0.00086
103,Switzerland,Spain,43,0.00086
103,Japan,Switzerland,42,0.00084
103,Belgium,Uruguay,42,0.00084
103,Norway,Canada,42,0.00084
103,Croatia,Belgium,42,0.00084
103,Côte d'Ivoire,Switzerland,42,0.00084
103,United States,Mexico,42,0.00084
103,Portugal,Spain,42,0.00084
103,Austria,Belgium,41,0.00082
103,Switzerland,Australia,41,0.00082
103,Egypt,France,41,0.00082
103,Japan,Iran,41,0.00082
103,South Korea,Switzerland,41,0.00082
103,Netherlands,Türkiye,41,0.00082
103,France,Mexico,41,0.00082
103,Brazil,Croatia,41,0.00082
103,Switzerland,Egypt,41,0.00082
103,Switzerland,Croatia,41,0.00082
103,Egypt,Argentina,41,0.00082
103,Algeria,France,41,0.00082
103,Czechia,England,41,0.00082
103,Norway,Algeria,41,0.00082
103,Côte d'Ivoire,Brazil,41,0.00082
103,Germany,Paraguay,40,0.0008
103,Norway,Switzerland,40,0.0008
103,Brazil,Spain,40,0.0008
103,Iran,Argentina,40,0.0008
103,Switzerland,Senegal,40,0.0008
103,Türkiye,England,40,0.0008
103,Senegal,Brazil,40,0.0008
103,Mexico,Brazil,40,0.0008
103,Portugal,Morocco,40,0.0008
103,Japan,Senegal,40,0.0008
103,Netherlands,Iran,40,0.0008
103,England,Canada,40,0.0008
103,Senegal,Colombia,39,0.00078
103,Mexico,United States,39,0.00078
103,Mexico,Uruguay,39,0.00078
103,Sweden,Portugal,39,0.00078
103,Portugal,Mexico,39,0.00078
103,Portugal,Croatia,39,0.00078
103,Norway,Uruguay,39,0.00078
103,Belgium,Switzerland,39,0.00078
103,England,Brazil,39,0.00078
103,Côte d'Ivoire,Mexico,39,0.00078
103,Switzerland,Iran,39,0.00078
103,Senegal,Switzerland,39,0.00078
103,Mexico,Morocco,38,0.00076
103,Norway,United States,38,0.00076
103,South Korea,Senegal,38,0.00076
103,Croatia,Morocco,38,0.00076
103,England,Colombia,38,0.00076
103,United States,Egypt,38,0.00076
103,DR Congo,England,38,0.00076
103,Belgium,Türkiye,38,0.00076
103,United States,Australia,38,0.00076
103,Spain,Uzbekistan,38,0.00076
103,Germany,Ghana,37,0.00074
103,Spain,Paraguay,37,0.00074
103,Austria,France,37,0.00074
103,France,Switzerland,37,0.00074
103,Argentina,Norway,37,0.00074
103,Belgium,Morocco,37,0.00074
103,Colombia,Brazil,37,0.00074
103,Côte d'Ivoire,Croatia,37,0.00074
103,Morocco,Austria,37,0.00074
103,Portugal,United States,37,0.00074
103,Germany,Saudi Arabia,37,0.00074
103,Canada,Colombia,37,0.00074
103,Canada,Norway,37,0.00074
103,Japan,Türkiye,37,0.00074
103,Argentina,Canada,37,0.00074
103,France,Egypt,37,0.00074
103,United States,Switzerland,37,0.00074
103,Brazil,Uruguay,37,0.00074
103,South Africa,Argentina,36,0.00072
103,Canada,Belgium,36,0.00072
103,Algeria,Netherlands,36,0.00072
103,Norway,Senegal,36,0.00072
103,Belgium,Mexico,36,0.00072
103,Spain,Ghana,36,0.00072
103,Ecuador,Canada,36,0.00072
103,South Korea,Australia,36,0.00072
103,Côte d'Ivoire,Algeria,36,0.00072
103,Spain,Jordan,36,0.00072
103,Spain,Tunisia,36,0.00072
103,Norway,Egypt,36,0.00072
103,Croatia,Colombia,36,0.00072
103,Ecuador,Croatia,36,0.00072
103,Japan,Mexico,36,0.00072
103,Netherlands,Croatia,36,0.00072
103,Netherlands,Egypt,36,0.00072
103,Mexico,Senegal,36,0.00072
103,Côte d'Ivoire,Spain,36,0.00072
103,Côte d'Ivoire,Australia,35,0.0007
103,Portugal,Uruguay,35,0.0007
103,Ecuador,Spain,35,0.0007
103,Norway,Australia,35,0.0007
103,Germany,Cape Verde,35,0.0007
103,Tunisia,France,35,0.0007
103,South Korea,Türkiye,35,0.0007
103,Argentina,Mexico,35,0.0007
103,France,New Zealand,35,0.0007
103,Australia,England,35,0.0007
103,Norway,Iran,35,0.0007
103,Argentina,Morocco,35,0.0007
103,Uzbekistan,Portugal,35,0.0007
103,Morocco,New Zealand,34,0.00068
103,Iran,Japan,34,0.00068
103,Mexico,Switzerland,34,0.00068
103,Ghana,Portugal,34,0.00068
103,Canada,Morocco,34,0.00068
103,Colombia,Morocco,34,0.00068
103,Portugal,Switzerland,34,0.00068
103,Côte d'Ivoire,Iran,34,0.00068
103,Spain,Cape Verde,34,0.00068
103,United States,Croatia,34,0.00068
103,Austria,Colombia,34,0.00068
103,South Africa,England,34,0.00068
103,Switzerland,Algeria,34,0.00068
103,Austria,Spain,34,0.00068
103,Portugal,Iran,34,0.00068
103,Morocco,South Korea,34,0.00068
103,Germany,Panama,34,0.00068
103,Portugal,Canada,34,0.00068
103,Ecuador,Norway,34,0.00068
103,Japan,Australia,34,0.00068
103,Mexico,Norway,34,0.00068
103,Spain,Germany,34,0.00068
103,Colombia,Netherlands,34,0.00068
103,United States,Uruguay,34,0.00068
103,Japan,South Korea,34,0.00068
103,Uruguay,England,34,0.00068
103,Australia,France,34,0.00068
103,Netherlands,Senegal,34,0.00068
103,Czechia,Japan,33,0.00066
103,Netherlands,United States,33,0.00066
103,England,Belgium,33,0.00066
103,Croatia,Japan,33,0.00066
103,Curaçao,Portugal,33,0.00066
103,Norway,Türkiye,33,0.00066
103,Colombia,Norway,33,0.00066
103,Croatia,Mexico,33,0.00066
103,Portugal,Brazil,33,0.00066
103,Portugal,Australia,33,0.00066
103,Canada,Iran,33,0.00066
103,Switzerland,South Korea,33,0.00066
103,Morocco,United States,33,0.00066
103,Senegal,Spain,33,0.00066
103,Senegal,Canada,32,0.00064
103,Uruguay,Portugal,32,0.00064
103,South Korea,Egypt,32,0.00064
103,Norway,New Zealand,32,0.00064
103,Morocco,Algeria,32,0.00064
103,Tunisia,Argentina,32,0.00064
103,Côte d'Ivoire,Türkiye,32,0.00064
103,Jordan,Portugal,32,0.00064
103,Côte d'Ivoire,Germany,32,0.00064
103,Morocco,Senegal,32,0.00064
103,Algeria,Japan,32,0.00064
103,Canada,Brazil,32,0.00064
103,Mexico,Australia,32,0.00064
103,Brazil,South Korea,32,0.00064
103,Morocco,DR Congo,32,0.00064
103,England,Australia,31,0.00062
103,Ecuador,Belgium,31,0.00062
103,Belgium,Senegal,31,0.00062
103,France,Austria,31,0.00062
103,DR Congo,France,31,0.00062
103,Japan,New Zealand,31,0.00062
103,Senegal,Türkiye,31,0.00062
103,Canada,Mexico,31,0.00062
103,Egypt,Belgium,31,0.00062
103,Senegal,Egypt,31,0.00062
103,Switzerland,New Zealand,31,0.00062
103,Switzerland,Türkiye,31,0.00062
103,France,DR Congo,31,0.00062
103,Brazil,New Zealand,31,0.00062
103,England,Iran,31,0.00062
103,Netherlands,Austria,31,0.00062
103,South Korea,Croatia,31,0.00062
103,France,Algeria,31,0.00062
103,Spain,Haiti,30,0.0006
103,Mexico,Iran,30,0.0006
103,Belgium,Australia,30,0.0006
103,Argentina,Austria,30,0.0006
103,Côte d'Ivoire,Senegal,30,0.0006
103,New Zealand,England,30,0.0006
103,Belgium,New Zealand,30,0.0006
103,Canada,Uruguay,30,0.0006
103,Croatia,Norway,30,0.0006
103,Croatia,Canada,30,0.0006
103,Türkiye,France,30,0.0006
103,Iran,Belgium,30,0.0006
103,Netherlands,Australia,30,0.0006
103,Egypt,Morocco,30,0.0006
103,Ghana,England,29,0.00058
103,Croatia,Netherlands,29,0.00058
103,England,United States,29,0.00058
103,Portugal,Egypt,29,0.00058
103,Côte d'Ivoire,United States,29,0.00058
103,Iran,Brazil,29,0.00058
103,Ecuador,Colombia,29,0.00058
103,Canada,Croatia,29,0.00058
103,Germany,Tunisia,29,0.00058
103,South Korea,Iran,29,0.00058
103,Argentina,Switzerland,29,0.00058
103,Austria,Brazil,29,0.00058
103,France,Iran,29,0.00058
103,England,Senegal,29,0.00058
103,United States,Senegal,29,0.00058
103,Algeria,Spain,29,0.00058
103,Egypt,Japan,29,0.00058
103,Norway,Austria,29,0.00058
103,DR Congo,Argentina,29,0.00058
103,Tunisia,England,29,0.00058
103,Senegal,Iran,29,0.00058
103,Bosnia and Herzegovina,Portugal,29,0.00058
103,Türkiye,Belgium,29,0.00058
103,Ecuador,Morocco,29,0.00058
103,England,Mexico,29,0.00058
103,Croatia,Spain,29,0.00058
103,Côte d'Ivoire,Egypt,29,0.00058
103,Croatia,Uruguay,29,0.00058
103,Morocco,Saudi Arabia,29,0.00058
103,Colombia,Canada,29,0.00058
103,Iran,France,28,0.00056
103,Mexico,Spain,28,0.00056
103,Portugal,Netherlands,28,0.00056
103,Switzerland,Paraguay,28,0.00056
103,Mexico,Egypt,28,0.00056
103,Brazil,Algeria,28,0.00056
103,Jordan,England,28,0.00056
103,England,Switzerland,28,0.00056
103,Senegal,United States,28,0.00056
103,Ecuador,Mexico,28,0.00056
103,Morocco,Scotland,28,0.00056
103,Portugal,DR Congo,28,0.00056
103,Brazil,DR Congo,28,0.00056
103,Algeria,Brazil,28,0.00056
103,Ecuador,United States,28,0.00056
103,United States,Iran,28,0.00056
103,Canada,Australia,28,0.00056
103,France,Germany,28,0.00056
103,Curaçao,England,28,0.00056
103,Argentina,Iran,27,0.00054
103,Japan,Algeria,27,0.00054
103,Czechia,Belgium,27,0.00054
103,Argentina,New Zealand,27,0.00054
103,Bosnia and Herzegovina,England,27,0.00054
103,Croatia,Australia,27,0.00054
103,New Zealand,Portugal,27,0.00054
103,Colombia,Egypt,27,0.00054
103,Germany,Jordan,27,0.00054
103,Australia,Spain,27,0.00054
103,Uzbekistan,England,27,0.00054
103,Brazil,Austria,27,0.00054
103,Ecuador,Brazil,27,0.00054
103,Panama,Portugal,26,0.00052
103,Germany,Sweden,26,0.00052
103,Ecuador,Uruguay,26,0.00052
103,Bosnia and Herzegovina,Argentina,26,0.00052
103,Germany,Haiti,26,0.00052
103,New Zealand,Argentina,26,0.00052
103,Canada,Spain,26,0.00052
103,Algeria,Belgium,26,0.00052
103,Australia,Japan,26,0.00052
103,Iran,Netherlands,26,0.00052
103,Iraq,Argentina,26,0.00052
103,Colombia,Switzerland,26,0.00052
103,Tunisia,Japan,26,0.00052
103,Netherlands,South Korea,26,0.00052
103,Croatia,Brazil,26,0.00052
103,Colombia,United States,26,0.00052
103,Belgium,Algeria,26,0.00052
103,Türkiye,Netherlands,26,0.00052
103,Ecuador,Australia,26,0.00052
103,Portugal,Senegal,25,0.0005
103,Portugal,Algeria,25,0.0005
103,Croatia,Switzerland,25,0.0005
103,Senegal,Australia,25,0.0005
103,Iraq,Portugal,25,0.0005
103,France,South Korea,25,0.0005
103,Austria,Norway,25,0.0005
103,Bosnia and Herzegovina,France,25,0.0005
103,United States,Türkiye,25,0.0005
103,Czechia,Switzerland,25,0.0005
103,Panama,England,25,0.0005
103,Switzerland,Austria,25,0.0005
103,England,Algeria,25,0.0005
103,Argentina,Türkiye,25,0.0005
103,Morocco,Germany,25,0.0005
103,Argentina,Senegal,25,0.0005
103,Curaçao,Argentina,25,0.0005
103,Curaçao,Japan,25,0.0005
103,Spain,Sweden,25,0.0005
103,Australia,Argentina,25,0.0005
103,Netherlands,Algeria,25,0.0005
103,Ecuador,Algeria,25,0.0005
103,Türkiye,Japan,25,0.0005
103,Brazil,Scotland,24,0.00048
103,Senegal,DR Congo,24,0.00048
103,Norway,DR Congo,24,0.00048
103,Canada,Senegal,24,0.00048
103,Czechia,Colombia,24,0.00048
103,Argentina,Egypt,24,0.00048
103,Netherlands,New Zealand,24,0.00048
103,Norway,Germany,24,0.00048
103,Algeria,Morocco,24,0.00048
103,Senegal,Algeria,24,0.00048
103,DR Congo,Norway,24,0.00048
103,Colombia,Uruguay,24,0.00048
103,Canada,Egypt,24,0.00048
103,Ecuador,Switzerland,24,0.00048
103,Australia,Morocco,24,0.00048
103,Croatia,United States,24,0.00048
103,Australia,Netherlands,24,0.00048
103,Iran,England,24,0.00048
103,Mexico,Türkiye,24,0.00048
103,Senegal,Croatia,24,0.00048
103,Brazil,Australia,24,0.00048
103,Jordan,Argentina,23,0.00046
103,Egypt,Norway,23,0.00046
103,Algeria,Norway,23,0.00046
103,Egypt,Netherlands,23,0.00046
103,Croatia,Türkiye,23,0.00046
103,Mexico,New Zealand,23,0.00046
103,United States,New Zealand,23,0.00046
103,Argentina,Croatia,23,0.00046
103,South Africa,France,23,0.00046
103,Brazil,Paraguay,23,0.00046
103,Portugal,New Zealand,23,0.00046
103,Germany,Curaçao,23,0.00046
103,Canada,United States,23,0.00046
103,Colombia,Mexico,23,0.00046
103,Belgium,Austria,23,0.00046
103,Argentina,United States,23,0.00046
103,Croatia,New Zealand,22,0.00044
103,Côte d'Ivoire,New Zealand,22,0.00044
103,Egypt,Switzerland,22,0.00044
103,Sweden,Argentina,22,0.00044
103,Algeria,Croatia,22,0.00044
103,Colombia,Iran,22,0.00044
103,Brazil,Germany,22,0.00044
103,Spain,Panama,22,0.00044
103,South Africa,Japan,22,0.00044
103,Brazil,Saudi Arabia,22,0.00044
103,Mexico,DR Congo,22,0.00044
103,Jordan,Spain,22,0.00044
103,Belgium,South Korea,22,0.00044
103,Senegal,Austria,22,0.00044
103,Belgium,DR Congo,22,0.00044
103,Netherlands,Paraguay,22,0.00044
103,Ecuador,Türkiye,22,0.00044
103,Austria,Netherlands,22,0.00044
103,Switzerland,DR Congo,21,0.00042
103,Türkiye,Uruguay,21,0.00042
103,South Korea,New Zealand,21,0.00042
103,Japan,Austria,21,0.00042
103,Côte d'Ivoire,South Korea,21,0.00042
103,England,South Korea,21,0.00042
103,England,Austria,21,0.00042
103,Algeria,Canada,21,0.00042
103,Ecuador,Senegal,21,0.00042
103,Colombia,Croatia,21,0.00042
103,Spain,Curaçao,21,0.00042
103,Ghana,France,21,0.00042
103,Netherlands,Ecuador,21,0.00042
103,Senegal,New Zealand,21,0.00042
103,United States,Algeria,21,0.00042
103,DR Congo,Spain,21,0.00042
103,Egypt,Croatia,21,0.00042
103,Japan,Saudi Arabia,21,0.00042
103,Czechia,Netherlands,21,0.00042
103,Japan,DR Congo,21,0.00042
103,Brazil,Ecuador,21,0.00042
103,France,Paraguay,20,0.0004
103,Australia,Norway,20,0.0004
103,Ecuador,Iran,20,0.0004
103,England,Türkiye,20,0.0004
103,Norway,South Korea,20,0.0004
103,France,Ecuador,20,0.0004
103,Egypt,Brazil,20,0.0004
103,Austria,Australia,20,0.0004
103,Portugal,Türkiye,20,0.0004
103,Paraguay,Portugal,20,0.0004
103,South Africa,Brazil,20,0.0004
103,Austria,Morocco,20,0.0004
103,Morocco,Paraguay,20,0.0004
103,Mexico,Algeria,20,0.0004
103,Côte d'Ivoire,Austria,20,0.0004
103,England,Egypt,20,0.0004
103,South Korea,Saudi Arabia,20,0.0004
103,Jordan,France,20,0.0004
103,Australia,Brazil,19,0.00038
103,Belgium,Uzbekistan,19,0.00038
103,Austria,Mexico,19,0.00038
103,Algeria,Senegal,19,0.00038
103,Australia,United States,19,0.00038
103,Algeria,Iran,19,0.00038
103,Türkiye,Brazil,19,0.00038
103,Iran,Uruguay,19,0.00038
103,Czechia,Uruguay,19,0.00038
103,Ecuador,Austria,19,0.00038
103,Norway,Saudi Arabia,19,0.00038
103,Austria,Uruguay,19,0.00038
103,DR Congo,Uruguay,19,0.00038
103,Senegal,South Korea,19,0.00038
103,United States,Austria,19,0.00038
103,Iran,Norway,19,0.00038
103,Netherlands,DR Congo,19,0.00038
103,Colombia,Senegal,19,0.00038
103,Morocco,Cape Verde,19,0.00038
103,Colombia,Belgium,19,0.00038
103,Uruguay,Argentina,19,0.00038
103,DR Congo,Belgium,19,0.00038
103,Czechia,Norway,19,0.00038
103,Uzbekistan,Argentina,19,0.00038
103,Türkiye,United States,19,0.00038
103,Bosnia and Herzegovina,Japan,19,0.00038
103,Netherlands,Tunisia,18,0.00036
103,Türkiye,Norway,18,0.00036
103,South Korea,Ecuador,18,0.00036
103,Tunisia,Uruguay,18,0.00036
103,Algeria,Mexico,18,0.00036
103,Iraq,England,18,0.00036
103,Argentina,South Korea,18,0.00036
103,Ecuador,South Korea,18,0.00036
103,Morocco,Ecuador,18,0.00036
103,Morocco,Panama,18,0.00036
103,Qatar,Portugal,18,0.00036
103,Croatia,South Korea,18,0.00036
103,Türkiye,Spain,18,0.00036
103,United States,Saudi Arabia,18,0.00036
103,Norway,Ecuador,18,0.00036
103,South Korea,Austria,18,0.00036
103,South Africa,Colombia,18,0.00036
103,Argentina,Australia,18,0.00036
103,Australia,Colombia,18,0.00036
103,Croatia,Iran,18,0.00036
103,Japan,Tunisia,18,0.00036
103,Sweden,France,18,0.00036
103,Algeria,Colombia,18,0.00036
103,France,Ghana,18,0.00036
103,Ghana,Netherlands,18,0.00036
103,Austria,Egypt,18,0.00036
103,Belgium,Saudi Arabia,18,0.00036
103,Germany,Czechia,17,0.00034
103,United States,Côte d'Ivoire,17,0.00034
103,South Korea,DR Congo,17,0.00034
103,Germany,Iraq,17,0.00034
103,Curaçao,France,17,0.00034
103,South Korea,Scotland,17,0.00034
103,England,New Zealand,17,0.00034
103,South Korea,Panama,17,0.00034
103,Scotland,Portugal,17,0.00034
103,United States,Uzbekistan,17,0.00034
103,Mexico,Paraguay,17,0.00034
103,Brazil,Uzbekistan,17,0.00034
103,Czechia,Mexico,17,0.00034
103,Austria,Switzerland,17,0.00034
103,South Africa,Canada,17,0.00034
103,Belgium,Côte d'Ivoire,17,0.00034
103,Algeria,United States,17,0.00034
103,Türkiye,Egypt,17,0.00034
103,Sweden,Morocco,17,0.00034
103,Japan,Germany,17,0.00034
103,Uzbekistan,France,17,0.00034
103,Croatia,Egypt,17,0.00034
103,Sweden,England,17,0.00034
103,Sweden,Japan,17,0.00034
103,Belgium,Panama,17,0.00034
103,South Africa,Uruguay,17,0.00034
103,Switzerland,Ecuador,17,0.00034
103,Ecuador,Egypt,17,0.00034
103,Norway,Uzbekistan,17,0.00034
103,Netherlands,Scotland,17,0.00034
103,Netherlands,Panama,17,0.00034
103,Norway,Panama,17,0.00034
103,Ecuador,Saudi Arabia,16,0.00032
103,New Zealand,France,16,0.00032
103,Brazil,Haiti,16,0.00032
103,Spain,Iraq,16,0.00032
103,Czechia,Morocco,16,0.00032
103,Morocco,Haiti,16,0.00032
103,England,DR Congo,16,0.00032
103,Curaçao,Belgium,16,0.00032
103,Egypt,Mexico,16,0.00032
103,Canada,Türkiye,16,0.00032
103,Algeria,Switzerland,16,0.00032
103,Australia,Mexico,16,0.00032
103,England,Haiti,16,0.00032
103,Egypt,Colombia,16,0.00032
103,Morocco,Uzbekistan,16,0.00032
103,Norway,Paraguay,16,0.00032
103,Algeria,Egypt,16,0.00032
103,Switzerland,Scotland,16,0.00032
103,Netherlands,Germany,16,0.00032
103,Ghana,Brazil,16,0.00032
103,Czechia,Canada,16,0.00032
103,Australia,Egypt,16,0.00032
103,DR Congo,Netherlands,16,0.00032
103,Brazil,Côte d'Ivoire,16,0.00032
103,DR Congo,Mexico,16,0.00032
103,England,Ecuador,16,0.00032
103,DR Congo,Egypt,16,0.00032
103,Austria,Croatia,16,0.00032
103,Argentina,Côte d'Ivoire,16,0.00032
103,Côte d'Ivoire,DR Congo,16,0.00032
103,Colombia,Türkiye,16,0.00032
103,Mexico,Ghana,16,0.00032
103,England,Saudi Arabia,16,0.00032
103,Ecuador,DR Congo,16,0.00032
103,New Zealand,Morocco,16,0.00032
103,United States,DR Congo,16,0.00032
103,Algeria,Uruguay,16,0.00032
103,Bosnia and Herzegovina,Morocco,16,0.00032
103,Australia,Canada,16,0.00032
103,Curaçao,Colombia,16,0.00032
103,Türkiye,Morocco,16,0.00032
103,United States,Paraguay,16,0.00032
103,Australia,Belgium,16,0.00032
103,France,Côte d'Ivoire,16,0.00032
103,Argentina,Ecuador,16,0.00032
103,Croatia,Algeria,16,0.00032
103,Canada,DR Congo,16,0.00032
103,Senegal,Paraguay,16,0.00032
103,Tunisia,Australia,15,0.0003
103,Côte d'Ivoire,Uzbekistan,15,0.0003
103,Curaçao,Morocco,15,0.0003
103,Iraq,Japan,15,0.0003
103,Spain,South Africa,15,0.0003
103,DR Congo,Morocco,15,0.0003
103,Iran,Senegal,15,0.0003
103,Mexico,Tunisia,15,0.0003
103,Norway,Côte d'Ivoire,15,0.0003
103,Egypt,Canada,15,0.0003
103,Qatar,Japan,15,0.0003
103,South Africa,Morocco,15,0.0003
103,Qatar,Argentina,15,0.0003
103,South Korea,Algeria,15,0.0003
103,Croatia,Senegal,15,0.0003
103,Egypt,United States,15,0.0003
103,Uruguay,France,15,0.0003
103,DR Congo,Brazil,15,0.0003
103,Australia,Türkiye,15,0.0003
103,United States,South Korea,15,0.0003
103,Japan,Uzbekistan,15,0.0003
103,Paraguay,Argentina,15,0.0003
103,Belgium,Paraguay,15,0.0003
103,Iraq,France,15,0.0003
103,Iran,Australia,15,0.0003
103,Iran,Egypt,15,0.0003
103,Belgium,Tunisia,15,0.0003
103,France,Haiti,15,0.0003
103,Senegal,Saudi Arabia,15,0.0003
103,Tunisia,Belgium,15,0.0003
103,Portugal,Cape Verde,15,0.0003
103,Morocco,Ghana,15,0.0003
103,Canada,Saudi Arabia,15,0.0003
103,Austria,Iran,15,0.0003
103,France,Scotland,15,0.0003
103,Haiti,Argentina,15,0.0003
103,Jordan,Mexico,15,0.0003
103,Iran,Mexico,15,0.0003
103,Egypt,Spain,15,0.0003
103,Canada,Algeria,15,0.0003
103,Iran,Canada,15,0.0003
103,Ghana,Spain,15,0.0003
103,Egypt,Iran,15,0.0003
103,Tunisia,Morocco,15,0.0003
103,Netherlands,Cape Verde,15,0.0003
103,Brazil,Ghana,15,0.0003
103,Ecuador,Germany,15,0.0003
103,Panama,Spain,15,0.0003
103,Canada,Austria,15,0.0003
103,England,Panama,15,0.0003
103,Czechia,Brazil,15,0.0003
103,France,Uzbekistan,14,0.00028
103,Croatia,Saudi Arabia,14,0.00028
103,New Zealand,Netherlands,14,0.00028
103,Uruguay,Netherlands,14,0.00028
103,Canada,Germany,14,0.00028
103,Mexico,Austria,14,0.00028
103,Colombia,Austria,14,0.00028
103,Morocco,Sweden,14,0.00028
103,Argentina,Scotland,14,0.00028
103,Côte d'Ivoire,Paraguay,14,0.00028
103,Argentina,Saudi Arabia,14,0.00028
103,South Korea,Paraguay,14,0.00028
103,Algeria,New Zealand,14,0.00028
103,Belgium,Cape Verde,14,0.00028
103,Türkiye,Mexico,14,0.00028
103,Senegal,Tunisia,14,0.00028
103,DR Congo,Colombia,14,0.00028
103,Tunisia,Colombia,14,0.00028
103,Iraq,Brazil,14,0.00028
103,Australia,Senegal,14,0.00028
103,Uruguay,Japan,14,0.00028
103,New Zealand,Japan,14,0.00028
103,Argentina,DR Congo,14,0.00028
103,Uruguay,Belgium,14,0.00028
103,Spain,Czechia,14,0.00028
103,Australia,Croatia,14,0.00028
103,France,Saudi Arabia,14,0.00028
103,Sweden,Egypt,14,0.00028
103,Belgium,Germany,14,0.00028
103,Austria,Türkiye,14,0.00028
103,Czechia,United States,14,0.00028
103,South Africa,Belgium,14,0.00028
103,Portugal,South Korea,14,0.00028
103,Curaçao,Spain,14,0.00028
103,Japan,Ghana,14,0.00028
103,Australia,Uruguay,14,0.00028
103,Germany,South Africa,14,0.00028
103,Jordan,Brazil,14,0.00028
103,Netherlands,Côte d'Ivoire,14,0.00028
103,Austria,South Korea,14,0.00028
103,Portugal,Tunisia,14,0.00028
103,Czechia,Algeria,14,0.00028
103,Türkiye,Croatia,14,0.00028
103,Jordan,Japan,14,0.00028
103,Switzerland,Ghana,14,0.00028
103,Argentina,Ghana,14,0.00028
103,Canada,New Zealand,14,0.00028
103,Netherlands,Uzbekistan,14,0.00028
103,Algeria,Australia,14,0.00028
103,Tunisia,Netherlands,14,0.00028
103,England,Ghana,14,0.00028
103,Australia,Austria,14,0.00028
103,France,Tunisia,13,0.00026
103,Tunisia,Croatia,13,0.00026
103,Czechia,Egypt,13,0.00026
103,Colombia,Australia,13,0.00026
103,Mexico,Saudi Arabia,13,0.00026
103,Senegal,Uzbekistan,13,0.00026
103,Austria,United States,13,0.00026
103,South Africa,Spain,13,0.00026
103,Egypt,DR Congo,13,0.00026
103,Switzerland,Germany,13,0.00026
103,Jordan,Canada,13,0.00026
103,Mexico,Germany,13,0.00026
103,Qatar,Colombia,13,0.00026
103,Scotland,France,13,0.00026
103,Colombia,Algeria,13,0.00026
103,Czechia,Senegal,13,0.00026
103,Türkiye,Canada,13,0.00026
103,Curaçao,Switzerland,13,0.00026
103,Brazil,Tunisia,13,0.00026
103,Japan,Haiti,13,0.00026
103,Mexico,Côte d'Ivoire,13,0.00026
103,Belgium,Ghana,13,0.00026
103,Uruguay,Morocco,13,0.00026
103,Uruguay,Brazil,13,0.00026
103,Croatia,Tunisia,13,0.00026
103,Algeria,Türkiye,13,0.00026
103,England,Tunisia,13,0.00026
103,Portugal,Uzbekistan,13,0.00026
103,Colombia,Paraguay,13,0.00026
103,Belgium,Ecuador,13,0.00026
103,Switzerland,Cape Verde,13,0.00026
103,Sweden,Brazil,13,0.00026
103,Iraq,Mexico,13,0.00026
103,United States,Scotland,13,0.00026
103,South Korea,Jordan,13,0.00026
103,South Africa,Netherlands,13,0.00026
103,Türkiye,Colombia,13,0.00026
103,Canada,Panama,13,0.00026
103,Saudi Arabia,Spain,13,0.00026
103,South Korea,Germany,13,0.00026
103,Japan,Curaçao,13,0.00026
103,United States,Germany,13,0.00026
103,United States,Tunisia,13,0.00026
103,Bosnia and Herzegovina,Brazil,13,0.00026
103,Sweden,Netherlands,13,0.00026
103,Türkiye,Senegal,13,0.00026
103,Japan,Ecuador,13,0.00026
103,Japan,Panama,13,0.00026
103,Czechia,Croatia,13,0.00026
103,Ecuador,Ghana,13,0.00026
103,Japan,Côte d'Ivoire,13,0.00026
103,Portugal,Austria,13,0.00026
103,Czechia,Australia,13,0.00026
103,Tunisia,Canada,12,0.00024
103,Brazil,Jordan,12,0.00024
103,France,Panama,12,0.00024
103,Curaçao,Egypt,12,0.00024
103,Côte d'Ivoire,Saudi Arabia,12,0.00024
103,Türkiye,South Korea,12,0.00024
103,DR Congo,Japan,12,0.00024
103,DR Congo,Croatia,12,0.00024
103,Ecuador,New Zealand,12,0.00024
103,Senegal,Ecuador,12,0.00024
103,Panama,Japan,12,0.00024
103,Sweden,Spain,12,0.00024
103,Ghana,Japan,12,0.00024
103,Iran,Tunisia,12,0.00024
103,Türkiye,Switzerland,12,0.00024
103,Switzerland,Saudi Arabia,12,0.00024
103,Belgium,Scotland,12,0.00024
103,Ecuador,Cape Verde,12,0.00024
103,Iran,New Zealand,12,0.00024
103,Jordan,Netherlands,12,0.00024
103,Brazil,Cape Verde,12,0.00024
103,Côte d'Ivoire,Ecuador,12,0.00024
103,Austria,Canada,12,0.00024
103,Curaçao,Netherlands,12,0.00024
103,South Africa,DR Congo,12,0.00024
103,Tunisia,Türkiye,12,0.00024
103,Argentina,Cape Verde,12,0.00024
103,Australia,South Korea,12,0.00024
103,Bosnia and Herzegovina,Austria,12,0.00024
103,Australia,Switzerland,12,0.00024
103,Bosnia and Herzegovina,Netherlands,12,0.00024
103,Algeria,South Korea,12,0.00024
103,Iran,Spain,12,0.00024
103,Ecuador,Côte d'Ivoire,12,0.00024
103,South Africa,Croatia,12,0.00024
103,Colombia,New Zealand,12,0.00024
103,Iran,Croatia,12,0.00024
103,Colombia,DR Congo,12,0.00024
103,Iran,Morocco,12,0.00024
103,South Korea,Cape Verde,12,0.00024
103,Ghana,Argentina,12,0.00024
103,Panama,Argentina,12,0.00024
103,Jordan,Colombia,12,0.00024
103,England,Paraguay,12,0.00024
103,Morocco,Jordan,12,0.00024
103,Panama,Brazil,12,0.00024
103,Norway,Cape Verde,12,0.00024
103,Portugal,Ecuador,12,0.00024
103,Qatar,England,12,0.00024
103,Senegal,Scotland,12,0.00024
103,Iran,Colombia,12,0.00024
103,Iran,Türkiye,12,0.00024
103,Ecuador,Panama,12,0.00024
103,Sweden,Senegal,12,0.00024
103,Mexico,Panama,12,0.00024
103,Colombia,Scotland,12,0.00024
103,Haiti,Morocco,11,0.00022
103,Colombia,Ecuador,11,0.00022
103,Scotland,Argentina,11,0.00022
103,Côte d'Ivoire,Tunisia,11,0.00022
103,New Zealand,Colombia,11,0.00022
103,Japan,Scotland,11,0.00022
103,DR Congo,Switzerland,11,0.00022
103,Jordan,Switzerland,11,0.00022
103,New Zealand,Spain,11,0.00022
103,Czechia,Türkiye,11,0.00022
103,Colombia,South Korea,11,0.00022
103,Uzbekistan,Colombia,11,0.00022
103,Egypt,Türkiye,11,0.00022
103,Uzbekistan,Brazil,11,0.00022
103,South Korea,Tunisia,11,0.00022
103,Croatia,Cape Verde,11,0.00022
103,Mexico,Ecuador,11,0.00022
103,Croatia,Ecuador,11,0.00022
103,New Zealand,Norway,11,0.00022
103,Curaçao,Australia,11,0.00022
103,Argentina,Paraguay,11,0.00022
103,Switzerland,Côte d'Ivoire,11,0.00022
103,New Zealand,Uruguay,11,0.00022
103,Morocco,Tunisia,11,0.00022
103,Bosnia and Herzegovina,Mexico,11,0.00022
103,Colombia,Uzbekistan,11,0.00022
103,Tunisia,Brazil,11,0.00022
103,Morocco,Iraq,11,0.00022
103,Switzerland,Uzbekistan,11,0.00022
103,Canada,Paraguay,11,0.00022
103,Mexico,Uzbekistan,11,0.00022
103,Uruguay,Senegal,11,0.00022
103,France,Cape Verde,11,0.00022
103,Sweden,Croatia,11,0.00022
103,Croatia,Germany,11,0.00022
103,Paraguay,Colombia,11,0.00022
103,Panama,France,11,0.00022
103,Egypt,Uruguay,11,0.00022
103,Scotland,England,11,0.00022
103,Switzerland,Panama,11,0.00022
103,Netherlands,Saudi Arabia,11,0.00022
103,Austria,New Zealand,11,0.00022
103,Austria,Saudi Arabia,11,0.00022
103,Uruguay,Iran,11,0.00022
103,Netherlands,Haiti,11,0.00022
103,Bosnia and Herzegovina,Senegal,11,0.00022
103,Portugal,Germany,11,0.00022
103,Czechia,Spain,11,0.00022
103,Curaçao,United States,11,0.00022
103,Portugal,Côte d'Ivoire,11,0.00022
103,England,Cape Verde,11,0.00022
103,Uruguay,Norway,11,0.00022
103,Croatia,DR Congo,11,0.00022
103,South Africa,New Zealand,11,0.00022
103,New Zealand,Mexico,11,0.00022
103,Portugal,Haiti,11,0.00022
103,France,Sweden,11,0.00022
103,Haiti,Portugal,11,0.00022
103,Spain,Bosnia and Herzegovina,11,0.00022
103,Netherlands,Jordan,11,0.00022
103,Haiti,Japan,11,0.00022
103,Sweden,Colombia,11,0.00022
103,Tunisia,Mexico,11,0.00022
103,Jordan,Belgium,11,0.00022
103,Czechia,Iran,11,0.00022
103,Croatia,Austria,11,0.00022
103,Senegal,Cape Verde,11,0.00022
103,Qatar,Brazil,10,0.0002
103,Argentina,Jordan,10,0.0002
103,South Korea,Haiti,10,0.0002
103,Netherlands,Curaçao,10,0.0002
103,Tunisia,Spain,10,0.0002
103,Iran,Switzerland,10,0.0002
103,Argentina,Uzbekistan,10,0.0002
103,Curaçao,Croatia,10,0.0002
103,Tunisia,Switzerland,10,0.0002
103,South Korea,Uzbekistan,10,0.0002
103,Norway,Sweden,10,0.0002
103,Iraq,Belgium,10,0.0002
103,Canada,Côte d'Ivoire,10,0.0002
103,Japan,Sweden,10,0.0002
103,Uzbekistan,Morocco,10,0.0002
103,South Africa,Senegal,10,0.0002
103,Türkiye,Australia,10,0.0002
103,England,Germany,10,0.0002
103,Egypt,South Korea,10,0.0002
103,New Zealand,Belgium,10,0.0002
103,Curaçao,Mexico,10,0.0002
103,Uruguay,Egypt,10,0.0002
103,Uruguay,Colombia,10,0.0002
103,Ecuador,Haiti,10,0.0002
103,Colombia,Côte d'Ivoire,10,0.0002
103,Uzbekistan,Switzerland,10,0.0002
103,DR Congo,United States,10,0.0002
103,Côte d'Ivoire,Jordan,10,0.0002
103,Haiti,France,10,0.0002
103,Bosnia and Herzegovina,Iran,10,0.0002
103,Uzbekistan,Belgium,10,0.0002
103,South Africa,Iran,10,0.0002
103,Senegal,Ghana,10,0.0002
103,France,Jordan,10,0.0002
103,South Africa,Australia,10,0.0002
103,Canada,Haiti,10,0.0002
103,Haiti,England,10,0.0002
103,Sweden,Türkiye,10,0.0002
103,Bosnia and Herzegovina,Egypt,10,0.0002
103,Germany,Qatar,10,0.0002
103,Portugal,Saudi Arabia,10,0.0002
103,Netherlands,Sweden,10,0.0002
103,Sweden,Mexico,10,0.0002
103,South Africa,United States,10,0.0002
103,South Africa,Egypt,10,0.0002
103,DR Congo,Senegal,10,0.0002
103,Tunisia,Austria,10,0.0002
103,Iraq,Morocco,10,0.0002
103,Tunisia,United States,10,0.0002
103,Canada,South Korea,10,0.0002
103,DR Congo,South Korea,10,0.0002
103,Australia,New Zealand,10,0.0002
103,Curaçao,Türkiye,10,0.0002
103,Curaçao,Uruguay,10,0.0002
103,Algeria,Germany,10,0.0002
103,DR Congo,Algeria,10,0.0002
103,Bosnia and Herzegovina,Australia,10,0.0002
103,Germany,Bosnia and Herzegovina,10,0.0002
103,Paraguay,Morocco,10,0.0002
103,United States,Jordan,10,0.0002
103,Curaçao,Brazil,10,0.0002
103,England,Uzbekistan,10,0.0002
103,Tunisia,Iran,10,0.0002
103,Argentina,Haiti,9,0.00018
103,Austria,Paraguay,9,0.00018
103,Uzbekistan,Netherlands,9,0.00018
103,Bosnia and Herzegovina,Canada,9,0.00018
103,Qatar,Morocco,9,0.00018
103,Iraq,Colombia,9,0.00018
103,Uruguay,United States,9,0.00018
103,South Korea,Ghana,9,0.00018
103,South Africa,Saudi Arabia,9,0.00018
103,Croatia,Uzbekistan,9,0.00018
103,Algeria,DR Congo,9,0.00018
103,DR Congo,Scotland,9,0.00018
103,South Africa,Norway,9,0.00018
103,Australia,Iran,9,0.00018
103,Türkiye,Germany,9,0.00018
103,Czechia,Austria,9,0.00018
103,Ecuador,Uzbekistan,9,0.00018
103,Switzerland,Haiti,9,0.00018
103,Bosnia and Herzegovina,Türkiye,9,0.00018
103,Austria,Algeria,9,0.00018
103,South Africa,Algeria,9,0.00018
103,Bosnia and Herzegovina,Spain,9,0.00018
103,Bosnia and Herzegovina,Norway,9,0.00018
103,Ghana,Belgium,9,0.00018
103,DR Congo,Saudi Arabia,9,0.00018
103,Côte d'Ivoire,Sweden,9,0.00018
103,Austria,Senegal,9,0.00018
103,Sweden,Uruguay,9,0.00018
103,Croatia,Jordan,9,0.00018
103,Côte d'Ivoire,Cape Verde,9,0.00018
103,Australia,Algeria,9,0.00018
103,Egypt,New Zealand,9,0.00018
103,Ghana,Uruguay,9,0.00018
103,Ghana,Morocco,9,0.00018
103,Qatar,France,9,0.00018
103,Mexico,South Africa,9,0.00018
103,South Africa,Türkiye,9,0.00018
103,Iran,South Korea,9,0.00018
103,Egypt,Uzbekistan,9,0.00018
103,South Korea,Sweden,9,0.00018
103,Uruguay,Switzerland,9,0.00018
103,Canada,Scotland,9,0.00018
103,Scotland,Colombia,9,0.00018
103,Spain,Qatar,9,0.00018
103,Belgium,Czechia,9,0.00018
103,Egypt,Australia,9,0.00018
103,Paraguay,Spain,9,0.00018
103,Uzbekistan,Mexico,9,0.00018
103,Mexico,Scotland,9,0.00018
103,Türkiye,Iran,9,0.00018
103,Morocco,Côte d'Ivoire,9,0.00018
103,Tunisia,Senegal,9,0.00018
103,Iraq,Canada,9,0.00018
103,Qatar,Netherlands,9,0.00018
103,Norway,Scotland,9,0.00018
103,Ecuador,Jordan,9,0.00018
103,Senegal,Germany,9,0.00018
103,Scotland,Uruguay,9,0.00018
103,Bosnia and Herzegovina,United States,9,0.00018
103,Iraq,Spain,9,0.00018
103,Iran,Scotland,9,0.00018
103,Egypt,Paraguay,9,0.00018
103,Egypt,Senegal,9,0.00018
103,Scotland,Brazil,9,0.00018
103,Uruguay,Mexico,9,0.00018
103,Portugal,Ghana,9,0.00018
103,Sweden,Belgium,9,0.00018
103,South Africa,Mexico,9,0.00018
103,Uzbekistan,Canada,9,0.00018
103,Colombia,Saudi Arabia,9,0.00018
103,Côte d'Ivoire,Scotland,9,0.00018
103,Tunisia,Côte d'Ivoire,9,0.00018
103,Türkiye,New Zealand,9,0.00018
103,Qatar,Switzerland,9,0.00018
103,Uzbekistan,Norway,9,0.00018
103,Ghana,Senegal,9,0.00018
103,Scotland,Canada,9,0.00018
103,Switzerland,Tunisia,8,0.00016
103,Curaçao,Senegal,8,0.00016
103,Bosnia and Herzegovina,Panama,8,0.00016
103,New Zealand,Brazil,8,0.00016
103,DR Congo,Canada,8,0.00016
103,Ecuador,Scotland,8,0.00016
103,Algeria,Austria,8,0.00016
103,Portugal,Panama,8,0.00016
103,Uzbekistan,Uruguay,8,0.00016
103,Mexico,Haiti,8,0.00016
103,Norway,Tunisia,8,0.00016
103,Austria,Germany,8,0.00016
103,Brazil,Curaçao,8,0.00016
103,Jordan,Norway,8,0.00016
103,Curaçao,Germany,8,0.00016
103,Czechia,DR Congo,8,0.00016
103,Egypt,Algeria,8,0.00016
103,Czechia,Germany,8,0.00016
103,New Zealand,United States,8,0.00016
103,Czechia,Ecuador,8,0.00016
103,Croatia,Ghana,8,0.00016
103,Czechia,Paraguay,8,0.00016
103,Argentina,Panama,8,0.00016
103,Qatar,Belgium,8,0.00016
103,New Zealand,Türkiye,8,0.00016
103,Scotland,Croatia,8,0.00016
103,Brazil,Panama,8,0.00016
103,England,Scotland,8,0.00016
103,Paraguay,United States,8,0.00016
103,Uzbekistan,Australia,8,0.00016
103,Sweden,Norway,8,0.00016
103,Qatar,Spain,8,0.00016
103,South Africa,Paraguay,8,0.00016
103,Croatia,Paraguay,8,0.00016
103,England,Côte d'Ivoire,8,0.00016
103,Paraguay,Netherlands,8,0.00016
103,Côte d'Ivoire,Panama,8,0.00016
103,Ghana,Switzerland,8,0.00016
103,Switzerland,Jordan,8,0.00016
103,Ecuador,Paraguay,8,0.00016
103,Japan,Cape Verde,8,0.00016
103,Panama,Switzerland,8,0.00016
103,Uzbekistan,Spain,8,0.00016
103,Bosnia and Herzegovina,DR Congo,8,0.00016
103,Tunisia,Germany,8,0.00016
103,Ghana,Norway,8,0.00016
103,Curaçao,Iran,8,0.00016
103,South Africa,Austria,8,0.00016
103,New Zealand,Canada,8,0.00016
103,France,Curaçao,8,0.00016
103,Canada,Ghana,8,0.00016
103,Bosnia and Herzegovina,Switzerland,8,0.00016
103,Sweden,United States,8,0.00016
103,DR Congo,Türkiye,8,0.00016
103,Bosnia and Herzegovina,Belgium,8,0.00016
103,Ghana,Colombia,8,0.00016
103,Saudi Arabia,Portugal,8,0.00016
103,United States,Ecuador,8,0.00016
103,South Korea,Côte d'Ivoire,8,0.00016
103,Tunisia,Egypt,8,0.00016
103,France,Iraq,8,0.00016
103,Panama,Egypt,8,0.00016
103,Colombia,Cape Verde,8,0.00016
103,Mexico,Cape Verde,7,0.00014
103,Netherlands,Ghana,7,0.00014
103,DR Congo,Australia,7,0.00014
103,Curaçao,DR Congo,7,0.00014
103,Australia,Haiti,7,0.00014
103,United States,Ghana,7,0.00014
103,Czechia,New Zealand,7,0.00014
103,United States,Sweden,7,0.00014
103,Tunisia,Algeria,7,0.00014
103,Iraq,Croatia,7,0.00014
103,Scotland,Japan,7,0.00014
103,Argentina,Curaçao,7,0.00014
103,Haiti,Netherlands,7,0.00014
103,Türkiye,Algeria,7,0.00014
103,New Zealand,Algeria,7,0.00014
103,Senegal,Panama,7,0.00014
103,Senegal,Sweden,7,0.00014
103,Qatar,Australia,7,0.00014
103,Uruguay,South Korea,7,0.00014
103,Iraq,Norway,7,0.00014
103,Egypt,Saudi Arabia,7,0.00014
103,Belgium,Curaçao,7,0.00014
103,Bosnia and Herzegovina,South Korea,7,0.00014
103,Curaçao,Canada,7,0.00014
103,Ecuador,Curaçao,7,0.00014
103,Brazil,Sweden,7,0.00014
103,Canada,Uzbekistan,7,0.00014
103,Panama,Scotland,7,0.00014
103,France,South Africa,7,0.00014
103,New Zealand,Australia,7,0.00014
103,Colombia,Panama,7,0.00014
103,Uzbekistan,United States,7,0.00014
103,Côte d'Ivoire,Ghana,7,0.00014
103,Iran,DR Congo,7,0.00014
103,Colombia,Germany,7,0.00014
103,Panama,Türkiye,7,0.00014
103,Bosnia and Herzegovina,Algeria,7,0.00014
103,Jordan,Uruguay,7,0.00014
103,Uruguay,Canada,7,0.00014
103,Scotland,New Zealand,7,0.00014
103,Panama,Mexico,7,0.00014
103,Portugal,Paraguay,7,0.00014
103,Paraguay,Japan,7,0.00014
103,Croatia,Scotland,7,0.00014
103,United States,Panama,7,0.00014
103,Algeria,Scotland,7,0.00014
103,Jordan,Croatia,7,0.00014
103,Scotland,Belgium,7,0.00014
103,Colombia,Jordan,7,0.00014
103,Japan,Paraguay,7,0.00014
103,Australia,Scotland,7,0.00014
103,Tunisia,South Korea,7,0.00014
103,United States,Cape Verde,7,0.00014
103,Austria,Ecuador,7,0.00014
103,Japan,Jordan,7,0.00014
103,Jordan,Egypt,7,0.00014
103,Paraguay,Mexico,7,0.00014
103,Czechia,Ghana,7,0.00014
103,Croatia,Sweden,7,0.00014
103,Senegal,Côte d'Ivoire,7,0.00014
103,Tunisia,DR Congo,7,0.00014
103,South Korea,Curaçao,7,0.00014
103,United States,Haiti,7,0.00014
103,Paraguay,Uruguay,7,0.00014
103,Australia,Panama,7,0.00014
103,Czechia,Saudi Arabia,7,0.00014
103,Uzbekistan,Türkiye,7,0.00014
103,Argentina,Germany,7,0.00014
103,DR Congo,Iran,7,0.00014
103,Australia,Côte d'Ivoire,7,0.00014
103,Côte d'Ivoire,Haiti,7,0.00014
103,Haiti,Brazil,7,0.00014
103,Iran,Algeria,7,0.00014
103,Haiti,Switzerland,7,0.00014
103,Scotland,United States,7,0.00014
103,Belgium,Haiti,6,0.00012
103,Argentina,Tunisia,6,0.00012
103,Saudi Arabia,England,6,0.00012
103,Norway,South Africa,6,0.00012
103,Senegal,Haiti,6,0.00012
103,Uruguay,Australia,6,0.00012
103,Bosnia and Herzegovina,Croatia,6,0.00012
103,Czechia,South Korea,6,0.00012
103,Canada,Tunisia,6,0.00012
103,Bosnia and Herzegovina,Colombia,6,0.00012
103,Czechia,Tunisia,6,0.00012
103,Brazil,South Africa,6,0.00012
103,Scotland,Morocco,6,0.00012
103,Jordan,Senegal,6,0.00012
103,Qatar,Uruguay,6,0.00012
103,Qatar,Mexico,6,0.00012
103,Algeria,Paraguay,6,0.00012
103,Japan,Iraq,6,0.00012
103,Uruguay,Austria,6,0.00012
103,Algeria,Ecuador,6,0.00012
103,Panama,Morocco,6,0.00012
103,Canada,Sweden,6,0.00012
103,Czechia,Cape Verde,6,0.00012
103,Uzbekistan,Algeria,6,0.00012
103,South Africa,Ghana,6,0.00012
103,Uruguay,Ecuador,6,0.00012
103,Türkiye,Ghana,6,0.00012
103,Côte d'Ivoire,Iraq,6,0.00012
103,Canada,Jordan,6,0.00012
103,Panama,Ecuador,6,0.00012
103,Iraq,Uzbekistan,6,0.00012
103,Panama,Croatia,6,0.00012
103,Australia,Uzbekistan,6,0.00012
103,Panama,Netherlands,6,0.00012
103,Brazil,Czechia,6,0.00012
103,Iran,United States,6,0.00012
103,Ghana,Türkiye,6,0.00012
103,Portugal,Scotland,6,0.00012
103,South Africa,Switzerland,6,0.00012
103,Austria,Haiti,6,0.00012
103,Scotland,Mexico,6,0.00012
103,Qatar,Canada,6,0.00012
103,Morocco,Czechia,6,0.00012
103,Türkiye,DR Congo,6,0.00012
103,Jordan,DR Congo,6,0.00012
103,Tunisia,New Zealand,6,0.00012
103,New Zealand,Switzerland,6,0.00012
103,Paraguay,Belgium,6,0.00012
103,Brazil,Iraq,6,0.00012
103,England,Czechia,6,0.00012
103,Senegal,Curaçao,6,0.00012
103,Netherlands,Czechia,6,0.00012
103,Belgium,South Africa,6,0.00012
103,Côte d'Ivoire,Curaçao,6,0.00012
103,Austria,Panama,6,0.00012
103,Australia,DR Congo,6,0.00012
103,Brazil,Bosnia and Herzegovina,6,0.00012
103,Sweden,New Zealand,6,0.00012
103,Qatar,Germany,6,0.00012
103,Iraq,Switzerland,6,0.00012
103,Bosnia and Herzegovina,New Zealand,6,0.00012
103,Jordan,Morocco,6,0.00012
103,Iran,Austria,6,0.00012
103,Colombia,Haiti,6,0.00012
103,Sweden,Switzerland,6,0.00012
103,Panama,Paraguay,6,0.00012
103,Uzbekistan,Ghana,6,0.00012
103,Norway,Curaçao,6,0.00012
103,Panama,Norway,6,0.00012
103,Norway,Iraq,6,0.00012
103,Iran,Uzbekistan,6,0.00012
103,South Korea,Czechia,6,0.00012
103,England,Bosnia and Herzegovina,6,0.00012
103,Colombia,Tunisia,6,0.00012
103,Curaçao,Algeria,6,0.00012
103,Iraq,Netherlands,6,0.00012
103,South Africa,Panama,6,0.00012
103,Iraq,South Korea,6,0.00012
103,Uzbekistan,Japan,6,0.00012
103,Qatar,Algeria,6,0.00012
103,Bosnia and Herzegovina,Uruguay,6,0.00012
103,Bosnia and Herzegovina,Germany,6,0.00012
103,Ghana,United States,6,0.00012
103,Ghana,Canada,6,0.00012
103,Iraq,United States,6,0.00012
103,Argentina,Sweden,6,0.00012
103,Paraguay,France,6,0.00012
103,Iran,Bosnia and Herzegovina,6,0.00012
103,Japan,Czechia,6,0.00012
103,Australia,Ghana,6,0.00012
103,Iraq,Iran,6,0.00012
103,New Zealand,Senegal,6,0.00012
103,Senegal,Iraq,6,0.00012
103,Egypt,Scotland,6,0.00012
103,Croatia,Panama,6,0.00012
103,Curaçao,Austria,6,0.00012
103,Ghana,New Zealand,6,0.00012
103,Sweden,Canada,6,0.00012
103,France,Qatar,6,0.00012
103,Croatia,Côte d'Ivoire,6,0.00012
103,England,Jordan,6,0.00012
103,France,Bosnia and Herzegovina,5,0.0001
103,Switzerland,Sweden,5,0.0001
103,Argentina,Iraq,5,0.0001
103,Bosnia and Herzegovina,Uzbekistan,5,0.0001
103,Czechia,Scotland,5,0.0001
103,Algeria,Curaçao,5,0.0001
103,Norway,Qatar,5,0.0001
103,Türkiye,Ecuador,5,0.0001
103,Uzbekistan,Senegal,5,0.0001
103,Panama,Senegal,5,0.0001
103,Colombia,Iraq,5,0.0001
103,Qatar,Iran,5,0.0001
103,Uzbekistan,Egypt,5,0.0001
103,Norway,Czechia,5,0.0001
103,South Korea,Iraq,5,0.0001
103,Austria,Scotland,5,0.0001
103,New Zealand,Croatia,5,0.0001
103,Portugal,South Africa,5,0.0001
103,Jordan,Austria,5,0.0001
103,DR Congo,Côte d'Ivoire,5,0.0001
103,United States,Curaçao,5,0.0001
103,Scotland,Algeria,5,0.0001
103,Panama,Uruguay,5,0.0001
103,Haiti,Spain,5,0.0001
103,Norway,Ghana,5,0.0001
103,Türkiye,Tunisia,5,0.0001
103,Norway,Haiti,5,0.0001
103,Sweden,Iran,5,0.0001
103,Tunisia,Ecuador,5,0.0001
103,Qatar,DR Congo,5,0.0001
103,Tunisia,Uzbekistan,5,0.0001
103,Egypt,Bosnia and Herzegovina,5,0.0001
103,Sweden,Scotland,5,0.0001
103,Norway,Jordan,5,0.0001
103,England,Iraq,5,0.0001
103,Algeria,Côte d'Ivoire,5,0.0001
103,Qatar,Paraguay,5,0.0001
103,Czechia,Curaçao,5,0.0001
103,Paraguay,England,5,0.0001
103,Egypt,Tunisia,5,0.0001
103,Australia,Germany,5,0.0001
103,Sweden,South Korea,5,0.0001
103,Curaçao,Saudi Arabia,5,0.0001
103,Belgium,Sweden,5,0.0001
103,South Korea,Bosnia and Herzegovina,5,0.0001
103,Türkiye,Paraguay,5,0.0001
103,Uzbekistan,DR Congo,5,0.0001
103,Austria,Cape Verde,5,0.0001
103,Austria,Ghana,5,0.0001
103,Uruguay,Croatia,5,0.0001
103,Algeria,Saudi Arabia,5,0.0001
103,Egypt,Ghana,5,0.0001
103,Brazil,Qatar,5,0.0001
103,Scotland,Egypt,5,0.0001
103,Panama,Iran,5,0.0001
103,Argentina,Bosnia and Herzegovina,5,0.0001
103,Panama,Belgium,5,0.0001
103,South Africa,Cape Verde,5,0.0001
103,Czechia,Sweden,5,0.0001
103,England,Sweden,5,0.0001
103,Egypt,Panama,5,0.0001
103,Belgium,Jordan,5,0.0001
103,Paraguay,Algeria,5,0.0001
103,Canada,Cape Verde,5,0.0001
103,Cape Verde,England,5,0.0001
103,Uruguay,Ghana,5,0.0001
103,Paraguay,Switzerland,5,0.0001
103,Paraguay,Senegal,5,0.0001
103,England,Curaçao,5,0.0001
103,Sweden,Côte d'Ivoire,5,0.0001
103,Sweden,Germany,5,0.0001
103,Uruguay,Saudi Arabia,5,0.0001
103,Paraguay,Iran,5,0.0001
103,Qatar,South Korea,5,0.0001
103,Mexico,Qatar,5,0.0001
103,Uruguay,Türkiye,5,0.0001
103,Ecuador,Tunisia,5,0.0001
103,Senegal,South Africa,5,0.0001
103,England,South Africa,5,0.0001
103,South Africa,South Korea,5,0.0001
103,Portugal,Qatar,5,0.0001
103,Portugal,Jordan,5,0.0001
103,Iran,Panama,5,0.0001
103,New Zealand,Ecuador,5,0.0001
103,Czechia,Haiti,5,0.0001
103,Mexico,Iraq,5,0.0001
103,Morocco,Curaçao,5,0.0001
103,Mexico,Jordan,5,0.0001
103,New Zealand,Paraguay,5,0.0001
103,Paraguay,Türkiye,5,0.0001
103,Senegal,Czechia,5,0.0001
103,Scotland,Saudi Arabia,4,8e-05
103,Uruguay,DR Congo,4,8e-05
103,Saudi Arabia,Argentina,4,8e-05
103,Morocco,Bosnia and Herzegovina,4,8e-05
103,Morocco,Qatar,4,8e-05
103,Saudi Arabia,Netherlands,4,8e-05
103,Jordan,Algeria,4,8e-05
103,Australia,Jordan,4,8e-05
103,Curaçao,Jordan,4,8e-05
103,Uruguay,Paraguay,4,8e-05
103,Curaçao,Paraguay,4,8e-05
103,Iran,Saudi Arabia,4,8e-05
103,DR Congo,Ecuador,4,8e-05
103,Panama,Algeria,4,8e-05
103,Australia,Sweden,4,8e-05
103,Haiti,Norway,4,8e-05
103,Scotland,Netherlands,4,8e-05
103,New Zealand,Côte d'Ivoire,4,8e-05
103,Ghana,South Korea,4,8e-05
103,South Africa,Côte d'Ivoire,4,8e-05
103,Colombia,Bosnia and Herzegovina,4,8e-05
103,Iran,Sweden,4,8e-05
103,Uruguay,Côte d'Ivoire,4,8e-05
103,Iran,Cape Verde,4,8e-05
103,Qatar,Saudi Arabia,4,8e-05
103,Netherlands,Bosnia and Herzegovina,4,8e-05
103,Bosnia and Herzegovina,Saudi Arabia,4,8e-05
103,Uzbekistan,Iran,4,8e-05
103,Netherlands,Iraq,4,8e-05
103,Iraq,Paraguay,4,8e-05
103,Switzerland,Iraq,4,8e-05
103,Jordan,Türkiye,4,8e-05
103,Uruguay,Uzbekistan,4,8e-05
103,Qatar,Türkiye,4,8e-05
103,Canada,Ecuador,4,8e-05
103,Sweden,Curaçao,4,8e-05
103,Scotland,Ecuador,4,8e-05
103,New Zealand,Iran,4,8e-05
103,Paraguay,Australia,4,8e-05
103,DR Congo,New Zealand,4,8e-05
103,South Africa,Germany,4,8e-05
103,Algeria,Cape Verde,4,8e-05
103,Scotland,Senegal,4,8e-05
103,Jordan,Saudi Arabia,4,8e-05
103,Croatia,Czechia,4,8e-05
103,Türkiye,Côte d'Ivoire,4,8e-05
103,Switzerland,Qatar,4,8e-05
103,Argentina,Czechia,4,8e-05
103,Scotland,Uzbekistan,4,8e-05
103,Algeria,Ghana,4,8e-05
103,Algeria,Czechia,4,8e-05
103,Bosnia and Herzegovina,Ecuador,4,8e-05
103,Switzerland,Curaçao,4,8e-05
103,New Zealand,Egypt,4,8e-05
103,Scotland,Australia,4,8e-05
103,Cape Verde,Portugal,4,8e-05
103,Paraguay,Egypt,4,8e-05
103,South Korea,South Africa,4,8e-05
103,Australia,Tunisia,4,8e-05
103,Haiti,Ghana,4,8e-05
103,Canada,Iraq,4,8e-05
103,Paraguay,Haiti,4,8e-05
103,DR Congo,Tunisia,4,8e-05
103,Ecuador,Sweden,4,8e-05
103,Haiti,Croatia,4,8e-05
103,Ghana,Egypt,4,8e-05
103,Paraguay,Brazil,4,8e-05
103,Türkiye,Uzbekistan,4,8e-05
103,Scotland,Norway,4,8e-05
103,Paraguay,Croatia,4,8e-05
103,Qatar,New Zealand,4,8e-05
103,Côte d'Ivoire,Czechia,4,8e-05
103,Curaçao,Cape Verde,4,8e-05
103,Sweden,Austria,4,8e-05
103,Paraguay,Norway,4,8e-05
103,Iraq,Egypt,4,8e-05
103,Switzerland,Czechia,4,8e-05
103,Türkiye,Scotland,4,8e-05
103,Egypt,Austria,4,8e-05
103,Jordan,Germany,4,8e-05
103,Iraq,Uruguay,4,8e-05
103,Qatar,Egypt,4,8e-05
103,Tunisia,Norway,4,8e-05
103,Sweden,Australia,4,8e-05
103,Jordan,Paraguay,4,8e-05
103,Egypt,Czechia,4,8e-05
103,Tunisia,Saudi Arabia,4,8e-05
103,Uzbekistan,Croatia,4,8e-05
103,DR Congo,Paraguay,4,8e-05
103,Panama,Austria,4,8e-05
103,Algeria,Uzbekistan,4,8e-05
103,Austria,Curaçao,4,8e-05
103,Saudi Arabia,United States,4,8e-05
103,Czechia,Panama,4,8e-05
103,Haiti,Canada,4,8e-05
103,Qatar,Norway,4,8e-05
103,Colombia,Ghana,4,8e-05
103,South Africa,Scotland,4,8e-05
103,Netherlands,South Africa,4,8e-05
103,DR Congo,Ghana,4,8e-05
103,Australia,Ecuador,4,8e-05
103,Türkiye,Saudi Arabia,4,8e-05
103,Saudi Arabia,Belgium,4,8e-05
103,Iran,Haiti,4,8e-05
103,Austria,DR Congo,4,8e-05
103,Haiti,Austria,4,8e-05
103,Panama,United States,4,8e-05
103,Haiti,Türkiye,4,8e-05
103,Egypt,Sweden,4,8e-05
103,Paraguay,Saudi Arabia,4,8e-05
103,South Africa,Ecuador,4,8e-05
103,Czechia,Uzbekistan,4,8e-05
103,Panama,Canada,4,8e-05
103,Uruguay,Scotland,4,8e-05
103,Algeria,Haiti,4,8e-05
103,Ghana,DR Congo,4,8e-05
103,Saudi Arabia,Morocco,4,8e-05
103,Morocco,South Africa,4,8e-05
103,Saudi Arabia,Norway,3,6e-05
103,Qatar,Panama,3,6e-05
103,Czechia,Côte d'Ivoire,3,6e-05
103,Iran,Ecuador,3,6e-05
103,New Zealand,Sweden,3,6e-05
103,Egypt,Jordan,3,6e-05
103,Austria,Jordan,3,6e-05
103,Scotland,Paraguay,3,6e-05
103,France,Czechia,3,6e-05
103,Tunisia,Ghana,3,6e-05
103,Australia,Czechia,3,6e-05
103,Sweden,Ecuador,3,6e-05
103,Algeria,Jordan,3,6e-05
103,Scotland,Türkiye,3,6e-05
103,Belgium,Iraq,3,6e-05
103,Uruguay,Algeria,3,6e-05
103,Croatia,Iraq,3,6e-05
103,Cape Verde,Argentina,3,6e-05
103,Jordan,Czechia,3,6e-05
103,Saudi Arabia,Mexico,3,6e-05
103,Australia,Saudi Arabia,3,6e-05
103,Mexico,Sweden,3,6e-05
103,Uzbekistan,Cape Verde,3,6e-05
103,Algeria,Iraq,3,6e-05
103,South Africa,Haiti,3,6e-05
103,Iraq,Germany,3,6e-05
103,Ghana,Paraguay,3,6e-05
103,DR Congo,Sweden,3,6e-05
103,Sweden,Cape Verde,3,6e-05
103,Qatar,Bosnia and Herzegovina,3,6e-05
103,Curaçao,Sweden,3,6e-05
103,Austria,Tunisia,3,6e-05
103,Ghana,Iran,3,6e-05
103,Ecuador,Bosnia and Herzegovina,3,6e-05
103,Canada,Bosnia and Herzegovina,3,6e-05
103,Saudi Arabia,Iran,3,6e-05
103,Uruguay,New Zealand,3,6e-05
103,Jordan,Australia,3,6e-05
103,South Africa,Tunisia,3,6e-05
103,Croatia,Haiti,3,6e-05
103,Türkiye,Sweden,3,6e-05
103,Switzerland,Bosnia and Herzegovina,3,6e-05
103,Qatar,Ghana,3,6e-05
103,Egypt,Iraq,3,6e-05
103,Jordan,United States,3,6e-05
103,Qatar,Uzbekistan,3,6e-05
103,DR Congo,Panama,3,6e-05
103,Jordan,Tunisia,3,6e-05
103,Egypt,Côte d'Ivoire,3,6e-05
103,Paraguay,Austria,3,6e-05
103,Tunisia,Scotland,3,6e-05
103,Uruguay,Germany,3,6e-05
103,Algeria,Tunisia,3,6e-05
103,Colombia,Sweden,3,6e-05
103,Mexico,Curaçao,3,6e-05
103,South Korea,Qatar,3,6e-05
103,Paraguay,Jordan,3,6e-05
103,Scotland,Ghana,3,6e-05
103,Iraq,Scotland,3,6e-05
103,Saudi Arabia,Switzerland,3,6e-05
103,Iraq,Côte d'Ivoire,3,6e-05
103,Qatar,Czechia,3,6e-05
103,DR Congo,Germany,3,6e-05
103,Panama,Australia,3,6e-05
103,Ghana,Australia,3,6e-05
103,New Zealand,Haiti,3,6e-05
103,DR Congo,Uzbekistan,3,6e-05
103,South Africa,Uzbekistan,3,6e-05
103,Austria,Côte d'Ivoire,3,6e-05
103,Türkiye,Austria,3,6e-05
103,Haiti,Belgium,3,6e-05
103,Iran,Jordan,3,6e-05
103,Curaçao,Norway,3,6e-05
103,Curaçao,Scotland,3,6e-05
103,Haiti,Australia,3,6e-05
103,Uzbekistan,Ecuador,3,6e-05
103,Sweden,Algeria,3,6e-05
103,Cape Verde,Netherlands,3,6e-05
103,Ghana,Saudi Arabia,3,6e-05
103,DR Congo,Jordan,3,6e-05
103,Norway,Bosnia and Herzegovina,3,6e-05
103,Qatar,United States,3,6e-05
103,New Zealand,Jordan,3,6e-05
103,Curaçao,New Zealand,3,6e-05
103,Cape Verde,Canada,3,6e-05
103,Egypt,Ecuador,3,6e-05
103,Haiti,Côte d'Ivoire,3,6e-05
103,United States,Bosnia and Herzegovina,3,6e-05
103,Tunisia,Haiti,3,6e-05
103,Tunisia,Panama,3,6e-05
103,Egypt,Haiti,3,6e-05
103,Jordan,Iran,3,6e-05
103,Senegal,Bosnia and Herzegovina,3,6e-05
103,Iran,Paraguay,3,6e-05
103,Paraguay,South Korea,3,6e-05
103,Uzbekistan,Tunisia,3,6e-05
103,DR Congo,Haiti,3,6e-05
103,Colombia,Curaçao,3,6e-05
103,Bosnia and Herzegovina,Haiti,3,6e-05
103,Haiti,Uzbekistan,3,6e-05
103,Paraguay,Scotland,3,6e-05
103,Ecuador,South Africa,3,6e-05
103,Jordan,Scotland,3,6e-05
103,Iran,Germany,3,6e-05
103,Panama,Colombia,3,6e-05
103,New Zealand,Cape Verde,3,6e-05
103,Ghana,Croatia,3,6e-05
103,Egypt,Cape Verde,3,6e-05
103,Algeria,Panama,3,6e-05
103,Curaçao,South Korea,3,6e-05
103,Austria,South Africa,3,6e-05
103,Curaçao,Uzbekistan,3,6e-05
103,Cape Verde,Norway,3,6e-05
103,Tunisia,Paraguay,3,6e-05
103,Bosnia and Herzegovina,Côte d'Ivoire,3,6e-05
103,DR Congo,Austria,3,6e-05
103,Saudi Arabia,Uruguay,3,6e-05
103,Iraq,New Zealand,3,6e-05
103,Senegal,Jordan,3,6e-05
103,Qatar,Jordan,3,6e-05
103,Iraq,Algeria,3,6e-05
103,Côte d'Ivoire,Bosnia and Herzegovina,3,6e-05
103,Qatar,Austria,3,6e-05
103,Austria,Uzbekistan,3,6e-05
103,Iraq,Senegal,3,6e-05
103,Croatia,South Africa,3,6e-05
103,Haiti,Iran,3,6e-05
103,Mexico,Czechia,3,6e-05
103,Iraq,Australia,3,6e-05
103,Côte d'Ivoire,Qatar,2,4e-05
103,Sweden,Tunisia,2,4e-05
103,Australia,South Africa,2,4e-05
103,Austria,Iraq,2,4e-05
103,Croatia,Curaçao,2,4e-05
103,Cape Verde,Scotland,2,4e-05
103,Australia,Curaçao,2,4e-05
103,Uzbekistan,Iraq,2,4e-05
103,New Zealand,Czechia,2,4e-05
103,Qatar,Cape Verde,2,4e-05
103,Colombia,Czechia,2,4e-05
103,Türkiye,Iraq,2,4e-05
103,New Zealand,Ghana,2,4e-05
103,New Zealand,Scotland,2,4e-05
103,Saudi Arabia,Senegal,2,4e-05
103,Cape Verde,Japan,2,4e-05
103,Haiti,Algeria,2,4e-05
103,Bosnia and Herzegovina,Qatar,2,4e-05
103,Scotland,Panama,2,4e-05
103,Bosnia and Herzegovina,Tunisia,2,4e-05
103,Cape Verde,Belgium,2,4e-05
103,Scotland,Germany,2,4e-05
103,Sweden,Paraguay,2,4e-05
103,Haiti,Sweden,2,4e-05
103,Uzbekistan,Austria,2,4e-05
103,Portugal,Curaçao,2,4e-05
103,Panama,Haiti,2,4e-05
103,Cape Verde,France,2,4e-05
103,Panama,Cape Verde,2,4e-05
103,Portugal,Czechia,2,4e-05
103,Haiti,New Zealand,2,4e-05
103,Uruguay,Iraq,2,4e-05
103,Haiti,Uruguay,2,4e-05
103,New Zealand,Uzbekistan,2,4e-05
103,Türkiye,Bosnia and Herzegovina,2,4e-05
103,Cape Verde,Croatia,2,4e-05
103,South Africa,Bosnia and Herzegovina,2,4e-05
103,United States,South Africa,2,4e-05
103,Paraguay,Cape Verde,2,4e-05
103,Egypt,Germany,2,4e-05
103,England,Qatar,2,4e-05
103,Cape Verde,Colombia,2,4e-05
103,Iraq,Türkiye,2,4e-05
103,Australia,Cape Verde,2,4e-05
103,Haiti,Colombia,2,4e-05
103,Jordan,Ghana,2,4e-05
103,Türkiye,Panama,2,4e-05
103,Türkiye,Czechia,2,4e-05
103,United States,Iraq,2,4e-05
103,Algeria,South Africa,2,4e-05
103,Netherlands,Qatar,2,4e-05
103,United States,Qatar,2,4e-05
103,Haiti,Egypt,2,4e-05
103,Côte d'Ivoire,South Africa,2,4e-05
103,Iran,South Africa,2,4e-05
103,Saudi Arabia,Brazil,2,4e-05
103,Ghana,Uzbekistan,2,4e-05
103,DR Congo,Qatar,2,4e-05
103,Ghana,Haiti,2,4e-05
103,Uzbekistan,Haiti,2,4e-05
103,Australia,Paraguay,2,4e-05
103,Curaçao,Ecuador,2,4e-05
103,Portugal,Iraq,2,4e-05
103,Portugal,Sweden,2,4e-05
103,Japan,South Africa,2,4e-05
103,Haiti,United States,2,4e-05
103,Cape Verde,Senegal,2,4e-05
103,Bosnia and Herzegovina,Scotland,2,4e-05
103,Ghana,Mexico,2,4e-05
103,Türkiye,Jordan,2,4e-05
103,Scotland,Iran,2,4e-05
103,Qatar,Tunisia,2,4e-05
103,New Zealand,Austria,2,4e-05
103,Saudi Arabia,France,2,4e-05
103,Uzbekistan,Saudi Arabia,2,4e-05
103,Jordan,Côte d'Ivoire,2,4e-05
103,Paraguay,DR Congo,2,4e-05
103,Uzbekistan,New Zealand,2,4e-05
103,South Africa,Curaçao,2,4e-05
103,Paraguay,Bosnia and Herzegovina,2,4e-05
103,Ghana,Austria,2,4e-05
103,Argentina,Qatar,2,4e-05
103,Paraguay,Ecuador,2,4e-05
103,Panama,Germany,2,4e-05
103,Haiti,Tunisia,2,4e-05
103,Saudi Arabia,Paraguay,2,4e-05
103,Austria,Qatar,2,4e-05
103,Tunisia,South Africa,2,4e-05
103,Bosnia and Herzegovina,Ghana,2,4e-05
103,Uruguay,Curaçao,2,4e-05
103,Curaçao,Iraq,2,4e-05
103,Sweden,DR Congo,2,4e-05
103,Egypt,Curaçao,2,4e-05
103,Haiti,DR Congo,2,4e-05
103,Türkiye,Haiti,2,4e-05
103,Qatar,Senegal,2,4e-05
103,Uruguay,South Africa,2,4e-05
103,Cape Verde,South Korea,2,4e-05
103,Curaçao,Panama,2,4e-05
103,New Zealand,DR Congo,2,4e-05
103,Czechia,Bosnia and Herzegovina,2,4e-05
103,South Africa,Iraq,2,4e-05
103,Sweden,Uzbekistan,2,4e-05
103,Saudi Arabia,Canada,2,4e-05
103,Qatar,Croatia,2,4e-05
103,Colombia,Qatar,2,4e-05
103,Tunisia,Jordan,2,4e-05
103,Bosnia and Herzegovina,Cape Verde,2,4e-05
103,Canada,Qatar,2,4e-05
103,Ecuador,Qatar,2,4e-05
103,Uruguay,Haiti,2,4e-05
103,Scotland,Spain,2,4e-05
103,Australia,Iraq,2,4e-05
103,New Zealand,Germany,2,4e-05
103,Bosnia and Herzegovina,Sweden,2,4e-05
103,Iraq,DR Congo,2,4e-05
103,Ghana,Curaçao,2,4e-05
103,Jordan,South Korea,2,4e-05
103,Bosnia and Herzegovina,Jordan,2,4e-05
103,Austria,Sweden,2,4e-05
103,Bosnia and Herzegovina,Paraguay,2,4e-05
103,Paraguay,Côte d'Ivoire,2,4e-05
103,Ecuador,Czechia,2,4e-05
103,Iran,Iraq,1,2e-05
103,Cape Verde,Germany,1,2e-05
103,DR Congo,Iraq,1,2e-05
103,Canada,Czechia,1,2e-05
103,Iraq,Panama,1,2e-05
103,Scotland,Iraq,1,2e-05
103,Ghana,Germany,1,2e-05
103,Türkiye,Qatar,1,2e-05
103,Sweden,South Africa,1,2e-05
103,Iran,Ghana,1,2e-05
103,Uzbekistan,Bosnia and Herzegovina,1,2e-05
103,Egypt,Qatar,1,2e-05
103,Panama,Tunisia,1,2e-05
103,DR Congo,Cape Verde,1,2e-05
103,Haiti,Saudi Arabia,1,2e-05
103,Ghana,Tunisia,1,2e-05
103,Uzbekistan,South Korea,1,2e-05
103,Uruguay,Tunisia,1,2e-05
103,New Zealand,Tunisia,1,2e-05
103,Austria,Czechia,1,2e-05
103,Sweden,Ghana,1,2e-05
103,Switzerland,South Africa,1,2e-05
103,Panama,Jordan,1,2e-05
103,Saudi Arabia,Uzbekistan,1,2e-05
103,Ghana,Côte d'Ivoire,1,2e-05
103,South Africa,Jordan,1,2e-05
103,Scotland,South Korea,1,2e-05
103,Panama,New Zealand,1,2e-05
103,Cape Verde,Uzbekistan,1,2e-05
103,Uruguay,Panama,1,2e-05
103,Uruguay,Jordan,1,2e-05
103,Cape Verde,Egypt,1,2e-05
103,Haiti,Curaçao,1,2e-05
103,Iraq,Ecuador,1,2e-05
103,Iraq,South Africa,1,2e-05
103,Cape Verde,Ecuador,1,2e-05
103,Ecuador,Iraq,1,2e-05
103,Curaçao,Ghana,1,2e-05
103,Tunisia,Iraq,1,2e-05
103,Colombia,South Africa,1,2e-05
103,Bosnia and Herzegovina,Iraq,1,2e-05
103,Cape Verde,Uruguay,1,2e-05
103,Panama,DR Congo,1,2e-05
103,Cape Verde,Ghana,1,2e-05
103,Scotland,Haiti,1,2e-05
103,Haiti,South Africa,1,2e-05
103,Jordan,Haiti,1,2e-05
103,Cape Verde,United States,1,2e-05
103,Ghana,Jordan,1,2e-05
103,Iraq,Cape Verde,1,2e-05
103,Panama,South Africa,1,2e-05
103,Iraq,Qatar,1,2e-05
103,Saudi Arabia,Egypt,1,2e-05
103,Uruguay,Bosnia and Herzegovina,1,2e-05
103,Belgium,Bosnia and Herzegovina,1,2e-05
103,DR Congo,Czechia,1,2e-05
103,Canada,South Africa,1,2e-05
103,Portugal,Bosnia and Herzegovina,1,2e-05
103,Uzbekistan,Scotland,1,2e-05
103,Uzbekistan,Sweden,1,2e-05
103,Jordan,Bosnia and Herzegovina,1,2e-05
103,Jordan,South Africa,1,2e-05
103,Jordan,Curaçao,1,2e-05
103,Tunisia,Qatar,1,2e-05
103,Tunisia,Curaçao,1,2e-05
103,Jordan,Uzbekistan,1,2e-05
103,Scotland,Austria,1,2e-05
103,Curaçao,Côte d'Ivoire,1,2e-05
103,Panama,Saudi Arabia,1,2e-05
103,Tunisia,Czechia,1,2e-05
103,Jordan,Cape Verde,1,2e-05
103,Cape Verde,Brazil,1,2e-05
103,Qatar,Scotland,1,2e-05
103,Haiti,Iraq,1,2e-05
103,Panama,Uzbekistan,1,2e-05
103,Jordan,Panama,1,2e-05
103,Egypt,South Africa,1,2e-05
103,Cape Verde,Spain,1,2e-05
103,Haiti,Senegal,1,2e-05
103,Uruguay,Qatar,1,2e-05
103,Ghana,Cape Verde,1,2e-05
103,Cape Verde,Mexico,1,2e-05
103,Saudi Arabia,Algeria,1,2e-05
103,New Zealand,Curaçao,1,2e-05
103,Uzbekistan,Czechia,1,2e-05
103,Scotland,Switzerland,1,2e-05
103,Uzbekistan,South Africa,1,2e-05
103,Belgium,Qatar,1,2e-05
103,Türkiye,Cape Verde,1,2e-05
103,Ghana,Bosnia and Herzegovina,1,2e-05
103,Japan,Bosnia and Herzegovina,1,2e-05
103,Iraq,Curaçao,1,2e-05
103,Haiti,Germany,1,2e-05
103,Curaçao,South Africa,1,2e-05
103,Uzbekistan,Panama,1,2e-05
103,New Zealand,South Korea,1,2e-05
103,Uzbekistan,Paraguay,1,2e-05
103,Ghana,Qatar,1,2e-05
103,Japan,Qatar,1,2e-05
103,Mexico,Bosnia and Herzegovina,1,2e-05
103,Saudi Arabia,Ecuador,1,2e-05
103,Iraq,Sweden,1,2e-05
103,Scotland,Curaçao,1,2e-05
103,Haiti,Jordan,1,2e-05
103,Cape Verde,Côte d'Ivoire,1,2e-05
103,Paraguay,Ghana,1,2e-05
103,Cape Verde,Türkiye,1,2e-05
103,Qatar,Sweden,1,2e-05
103,Uzbekistan,Jordan,1,2e-05
103,Paraguay,Canada,1,2e-05
103,Uruguay,Sweden,1,2e-05
103,Cape Verde,Iran,1,2e-05
103,New Zealand,Iraq,1,2e-05
103,South Africa,Sweden,1,2e-05
103,Tunisia,Cape Verde,1,2e-05
103,Tunisia,Bosnia and Herzegovina,1,2e-05
103,Canada,Curaçao,1,2e-05
103,Jordan,Sweden,1,2e-05
103,Curaçao,Qatar,1,2e-05
103,Haiti,Ecuador,1,2e-05
103,Tunisia,Sweden,1,2e-05
103,Saudi Arabia,New Zealand,1,2e-05
103,Saudi Arabia,Colombia,1,2e-05
103,Saudi Arabia,Japan,1,2e-05
103,Iraq,Austria,1,2e-05
103,Uruguay,Czechia,1,2e-05
103,Uzbekistan,Côte d'Ivoire,1,2e-05
103,Algeria,Sweden,1,2e-05
103,Qatar,Curaçao,1,2e-05
103,Australia,Qatar,1,2e-05
103,Jordan,Qatar,1,2e-05
103,Argentina,South Africa,1,2e-05
103,New Zealand,Saudi Arabia,1,2e-05
103,Haiti,Mexico,1,2e-05
103,United States,Czechia,1,2e-05
103,Ghana,Algeria,1,2e-05
103,Haiti,Qatar,1,2e-05
103,Curaçao,Czechia,1,2e-05
103,Scotland,DR Congo,1,2e-05
103,Iraq,Ghana,1,2e-05
103,Panama,Ghana,1,2e-05
103,Cape Verde,Morocco,1,2e-05
103,Panama,South Korea,1,2e-05
103,Croatia,Bosnia and Herzegovina,1,2e-05
103,Sweden,Panama,1,2e-05
103,New Zealand,Panama,1,2e-05
103,Haiti,Panama,1,2e-05
103,Iraq,Saudi Arabia,1,2e-05
104,Spain,Portugal,1387,0.02774
104,Spain,England,1337,0.02674
104,Spain,France,963,0.01926
104,Spain,Argentina,941,0.01882
104,Germany,Portugal,674,0.01348
104,Germany,England,620,0.0124
104,Spain,Japan,588,0.01176
104,Spain,Netherlands,498,0.00996
104,Germany,France,483,0.00966
104,Spain,Brazil,426,0.00852
104,Spain,Morocco,393,0.00786
104,Germany,Argentina,372,0.00744
104,Germany,Spain,356,0.00712
104,Spain,Norway,355,0.0071
104,France,England,321,0.00642
104,Spain,Belgium,312,0.00624
104,France,Portugal,309,0.00618
104,Germany,Japan,295,0.0059
104,England,Portugal,289,0.00578
104,Spain,Colombia,257,0.00514
104,Portugal,England,248,0.00496
104,Germany,Netherlands,247,0.00494
104,Argentina,Portugal,245,0.0049
104,Brazil,England,234,0.00468
104,Argentina,England,232,0.00464
104,Spain,Senegal,232,0.00464
104,Japan,Portugal,229,0.00458
104,Morocco,Portugal,227,0.00454
104,Spain,Mexico,227,0.00454
104,Spain,Uruguay,223,0.00446
104,Brazil,Portugal,221,0.00442
104,Morocco,England,220,0.0044
104,Japan,England,218,0.00436
104,Netherlands,Portugal,216,0.00432
104,Germany,Morocco,211,0.00422
104,Belgium,Portugal,202,0.00404
104,Spain,Croatia,200,0.004
104,England,France,200,0.004
104,France,Argentina,197,0.00394
104,Spain,Switzerland,196,0.00392
104,Netherlands,England,195,0.0039
104,Germany,Brazil,193,0.00386
104,Norway,France,193,0.00386
104,England,Argentina,191,0.00382
104,Germany,Norway,190,0.0038
104,Belgium,England,186,0.00372
104,Brazil,France,183,0.00366
104,Netherlands,Japan,181,0.00362
104,Germany,Belgium,180,0.0036
104,Morocco,France,180,0.0036
104,France,Spain,173,0.00346
104,Japan,France,172,0.00344
104,Portugal,France,171,0.00342
104,Argentina,France,171,0.00342
104,Norway,Portugal,171,0.00342
104,Norway,England,171,0.00342
104,France,Japan,162,0.00324
104,Spain,Canada,158,0.00316
104,England,Spain,157,0.00314
104,Switzerland,Portugal,157,0.00314
104,Spain,Egypt,157,0.00314
104,Portugal,Spain,155,0.0031
104,Spain,United States,153,0.00306
104,Colombia,Portugal,152,0.00304
104,Switzerland,England,151,0.00302
104,Portugal,Argentina,151,0.00302
104,Argentina,Spain,150,0.003
104,Netherlands,France,148,0.00296
104,Côte d'Ivoire,Portugal,145,0.0029
104,France,Morocco,143,0.00286
104,United States,England,142,0.00284
104,Japan,Argentina,140,0.0028
104,Japan,Netherlands,139,0.00278
104,Belgium,France,138,0.00276
104,Netherlands,Argentina,137,0.00274
104,Spain,Türkiye,135,0.0027
104,Brazil,Argentina,132,0.00264
104,Spain,Germany,132,0.00264
104,Belgium,Argentina,132,0.00264
104,Spain,South Korea,132,0.00264
104,Germany,Colombia,132,0.00264
104,Senegal,England,131,0.00262
104,Brazil,Morocco,131,0.00262
104,England,Japan,131,0.00262
104,Morocco,Argentina,130,0.0026
104,Morocco,Brazil,129,0.00258
104,Senegal,France,128,0.00256
104,United States,Portugal,127,0.00254
104,Spain,Australia,127,0.00254
104,Spain,Iran,126,0.00252
104,France,Norway,125,0.0025
104,South Korea,England,125,0.0025
104,France,Netherlands,123,0.00246
104,Croatia,England,122,0.00244
104,France,Brazil,121,0.00242
104,Senegal,Portugal,118,0.00236
104,Morocco,Spain,118,0.00236
104,Côte d'Ivoire,England,116,0.00232
104,Colombia,England,116,0.00232
104,Japan,Spain,116,0.00232
104,South Korea,Portugal,113,0.00226
104,Germany,Senegal,112,0.00224
104,Switzerland,France,110,0.0022
104,Morocco,Japan,110,0.0022
104,United States,France,110,0.0022
104,Portugal,Japan,108,0.00216
104,Brazil,Japan,108,0.00216
104,Croatia,Portugal,108,0.00216
104,Brazil,Spain,107,0.00214
104,Spain,Algeria,106,0.00212
104,Mexico,Portugal,105,0.0021
104,Mexico,England,105,0.0021
104,England,Netherlands,104,0.00208
104,Norway,Spain,103,0.00206
104,Germany,Croatia,102,0.00204
104,Belgium,Spain,102,0.00204
104,Netherlands,Spain,101,0.00202
104,Germany,Uruguay,99,0.00198
104,Germany,Mexico,99,0.00198
104,Germany,Switzerland,97,0.00194
104,Portugal,Colombia,97,0.00194
104,Norway,Argentina,96,0.00192
104,Mexico,France,96,0.00192
104,Switzerland,Argentina,95,0.0019
104,England,Morocco,95,0.0019
104,South Korea,Argentina,94,0.00188
104,Senegal,Argentina,93,0.00186
104,Portugal,Morocco,92,0.00184
104,Germany,Egypt,91,0.00182
104,Argentina,Japan,90,0.0018
104,Belgium,Japan,90,0.0018
104,Colombia,France,90,0.0018
104,Belgium,Netherlands,89,0.00178
104,Morocco,Netherlands,89,0.00178
104,United States,Argentina,89,0.00178
104,Mexico,Argentina,89,0.00178
104,Japan,Brazil,86,0.00172
104,South Korea,France,86,0.00172
104,Portugal,Netherlands,85,0.0017
104,Germany,Canada,84,0.00168
104,Japan,Morocco,84,0.00168
104,Ecuador,England,82,0.00164
104,Netherlands,Brazil,82,0.00164
104,Brazil,Netherlands,82,0.00164
104,Ecuador,Portugal,81,0.00162
104,France,Belgium,80,0.0016
104,Norway,Japan,80,0.0016
104,Switzerland,Japan,79,0.00158
104,France,Senegal,77,0.00154
104,Canada,England,77,0.00154
104,Spain,Austria,76,0.00152
104,Portugal,Belgium,76,0.00152
104,Spain,New Zealand,76,0.00152
104,England,Brazil,76,0.00152
104,United States,Spain,76,0.00152
104,Germany,Iran,76,0.00152
104,Argentina,Morocco,75,0.0015
104,Norway,Netherlands,75,0.0015
104,Argentina,Brazil,75,0.0015
104,Switzerland,Spain,75,0.0015
104,England,Croatia,75,0.0015
104,Spain,DR Congo,74,0.00148
104,Colombia,Argentina,73,0.00146
104,Netherlands,Morocco,73,0.00146
104,Spain,Ecuador,73,0.00146
104,Senegal,Spain,72,0.00144
104,England,Norway,71,0.00142
104,Morocco,Norway,71,0.00142
104,Ecuador,Argentina,71,0.00142
104,Spain,Côte d'Ivoire,70,0.0014
104,Croatia,France,70,0.0014
104,Canada,Portugal,69,0.00138
104,Austria,Portugal,69,0.00138
104,Belgium,Morocco,69,0.00138
104,Uruguay,Spain,68,0.00136
104,Norway,Brazil,68,0.00136
104,Germany,Türkiye,67,0.00134
104,Norway,Morocco,67,0.00134
104,Croatia,Spain,65,0.0013
104,Côte d'Ivoire,France,65,0.0013
104,Algeria,Portugal,65,0.0013
104,Colombia,Spain,64,0.00128
104,Germany,United States,63,0.00126
104,France,Uruguay,63,0.00126
104,United States,Japan,63,0.00126
104,Argentina,Netherlands,63,0.00126
104,France,Colombia,62,0.00124
104,Portugal,Brazil,62,0.00124
104,Portugal,Norway,61,0.00122
104,Croatia,Argentina,61,0.00122
104,Côte d'Ivoire,Argentina,60,0.0012
104,Senegal,Japan,60,0.0012
104,Argentina,Belgium,59,0.00118
104,Spain,Saudi Arabia,58,0.00116
104,Spain,Scotland,58,0.00116
104,Japan,Belgium,58,0.00116
104,Germany,Australia,58,0.00116
104,Türkiye,Portugal,57,0.00114
104,South Korea,Japan,57,0.00114
104,South Korea,Spain,57,0.00114
104,Brazil,Norway,56,0.00112
104,Netherlands,Belgium,56,0.00112
104,Mexico,Japan,56,0.00112
104,Belgium,Norway,55,0.0011
104,Belgium,Brazil,55,0.0011
104,England,Belgium,54,0.00108
104,Mexico,Spain,54,0.00108
104,Ecuador,France,53,0.00106
104,Côte d'Ivoire,Spain,53,0.00106
104,Germany,South Korea,53,0.00106
104,South Korea,Morocco,52,0.00104
104,Austria,England,51,0.00102
104,Japan,Colombia,51,0.00102
104,Colombia,Japan,51,0.00102
104,United States,Brazil,50,0.001
104,Türkiye,England,50,0.001
104,Germany,Algeria,50,0.001
104,Japan,Norway,50,0.001
104,Canada,France,49,0.00098
104,France,Switzerland,49,0.00098
104,England,Mexico,49,0.00098
104,Portugal,Switzerland,48,0.00096
104,Morocco,Colombia,48,0.00096
104,Morocco,Belgium,48,0.00096
104,Switzerland,Morocco,48,0.00096
104,Portugal,Mexico,48,0.00096
104,Côte d'Ivoire,Japan,47,0.00094
104,Brazil,Uruguay,47,0.00094
104,Argentina,Mexico,47,0.00094
104,France,Mexico,47,0.00094
104,Senegal,Netherlands,47,0.00094
104,United States,Netherlands,47,0.00094
104,Switzerland,Netherlands,47,0.00094
104,Argentina,Croatia,47,0.00094
104,Côte d'Ivoire,Morocco,46,0.00092
104,England,Senegal,46,0.00092
104,Canada,Argentina,46,0.00092
104,Portugal,United States,46,0.00092
104,Brazil,Croatia,46,0.00092
104,France,Canada,46,0.00092
104,Morocco,Mexico,45,0.0009
104,Egypt,Portugal,45,0.0009
104,Algeria,England,45,0.0009
104,Croatia,Netherlands,45,0.0009
104,England,Colombia,45,0.0009
104,Norway,Belgium,44,0.00088
104,Australia,England,44,0.00088
104,Spain,Paraguay,44,0.00088
104,Argentina,Uruguay,44,0.00088
104,Austria,Spain,44,0.00088
104,Switzerland,Brazil,43,0.00086
104,Brazil,Colombia,43,0.00086
104,England,Uruguay,43,0.00086
104,England,Canada,43,0.00086
104,Morocco,Uruguay,43,0.00086
104,Egypt,England,43,0.00086
104,Switzerland,Norway,43,0.00086
104,Senegal,Morocco,43,0.00086
104,Canada,Spain,43,0.00086
104,Belgium,Colombia,43,0.00086
104,Germany,Ecuador,43,0.00086
104,Brazil,Mexico,43,0.00086
104,South Korea,Brazil,42,0.00084
104,DR Congo,Portugal,42,0.00084
104,Türkiye,France,42,0.00084
104,Spain,Tunisia,42,0.00084
104,Austria,France,42,0.00084
104,Japan,Senegal,42,0.00084
104,Côte d'Ivoire,Brazil,42,0.00084
104,Portugal,Egypt,41,0.00082
104,Argentina,Norway,41,0.00082
104,Portugal,Uruguay,41,0.00082
104,Netherlands,Colombia,41,0.00082
104,Germany,Austria,40,0.0008
104,Netherlands,Uruguay,40,0.0008
104,Iran,Portugal,40,0.0008
104,Morocco,Canada,40,0.0008
104,Brazil,Senegal,40,0.0008
104,Netherlands,Norway,40,0.0008
104,Côte d'Ivoire,Netherlands,40,0.0008
104,Croatia,Japan,40,0.0008
104,Belgium,Croatia,40,0.0008
104,United States,Belgium,40,0.0008
104,Mexico,Morocco,39,0.00078
104,France,Croatia,39,0.00078
104,Norway,Colombia,39,0.00078
104,DR Congo,England,39,0.00078
104,Germany,DR Congo,39,0.00078
104,France,United States,39,0.00078
104,Iran,England,38,0.00076
104,Morocco,Türkiye,38,0.00076
104,Argentina,Colombia,38,0.00076
104,Algeria,Spain,38,0.00076
104,France,Iran,38,0.00076
104,South Korea,Netherlands,37,0.00074
104,Portugal,Türkiye,37,0.00074
104,France,South Korea,37,0.00074
104,Netherlands,Mexico,37,0.00074
104,Netherlands,Senegal,37,0.00074
104,United States,Morocco,37,0.00074
104,England,Switzerland,37,0.00074
104,Mexico,Netherlands,37,0.00074
104,England,United States,37,0.00074
104,Mexico,Norway,36,0.00072
104,Algeria,France,36,0.00072
104,Uruguay,England,36,0.00072
104,Colombia,Netherlands,36,0.00072
104,Senegal,Norway,36,0.00072
104,Türkiye,Argentina,36,0.00072
104,Brazil,Belgium,36,0.00072
104,Colombia,Morocco,36,0.00072
104,Morocco,Croatia,36,0.00072
104,Belgium,Switzerland,35,0.0007
104,Japan,Mexico,35,0.0007
104,Morocco,Senegal,35,0.0007
104,Germany,Paraguay,35,0.0007
104,DR Congo,France,35,0.0007
104,Morocco,Switzerland,35,0.0007
104,England,Egypt,35,0.0007
104,Brazil,Switzerland,35,0.0007
104,Portugal,Croatia,35,0.0007
104,Japan,Canada,35,0.0007
104,Uruguay,Portugal,34,0.00068
104,Morocco,United States,34,0.00068
104,Argentina,Türkiye,34,0.00068
104,Japan,Australia,34,0.00068
104,Japan,Croatia,34,0.00068
104,Norway,Croatia,34,0.00068
104,Germany,Côte d'Ivoire,34,0.00068
104,Germany,New Zealand,34,0.00068
104,Netherlands,Croatia,33,0.00066
104,Japan,Germany,33,0.00066
104,Spain,Uzbekistan,33,0.00066
104,South Korea,Belgium,33,0.00066
104,Argentina,Algeria,33,0.00066
104,France,Australia,33,0.00066
104,Japan,Uruguay,33,0.00066
104,Ecuador,Japan,33,0.00066
104,Czechia,Portugal,32,0.00064
104,Algeria,Argentina,32,0.00064
104,United States,Norway,32,0.00064
104,Austria,Argentina,32,0.00064
104,Senegal,Belgium,32,0.00064
104,Spain,Haiti,32,0.00064
104,Canada,Switzerland,32,0.00064
104,England,Germany,32,0.00064
104,Norway,Senegal,32,0.00064
104,Belgium,Mexico,32,0.00064
104,Portugal,Senegal,32,0.00064
104,Brazil,Türkiye,31,0.00062
104,Netherlands,United States,31,0.00062
104,United States,Colombia,31,0.00062
104,Japan,Switzerland,31,0.00062
104,Netherlands,Australia,31,0.00062
104,Algeria,Japan,31,0.00062
104,Mexico,Brazil,31,0.00062
104,Switzerland,Belgium,31,0.00062
104,Portugal,Canada,30,0.0006
104,Brazil,Germany,30,0.0006
104,Belgium,Australia,30,0.0006
104,Tunisia,England,30,0.0006
104,Norway,Uruguay,30,0.0006
104,Belgium,Uruguay,30,0.0006
104,Netherlands,Türkiye,30,0.0006
104,Senegal,Brazil,30,0.0006
104,France,Austria,30,0.0006
104,New Zealand,Portugal,30,0.0006
104,Egypt,France,30,0.0006
104,Norway,Mexico,29,0.00058
104,Netherlands,Switzerland,29,0.00058
104,Argentina,Switzerland,29,0.00058
104,DR Congo,Spain,29,0.00058
104,Argentina,Austria,29,0.00058
104,Norway,United States,29,0.00058
104,Argentina,Senegal,29,0.00058
104,Belgium,Senegal,29,0.00058
104,Brazil,United States,29,0.00058
104,Iran,Japan,29,0.00058
104,Australia,France,28,0.00056
104,Czechia,France,28,0.00056
104,Germany,Scotland,28,0.00056
104,Spain,Panama,28,0.00056
104,Egypt,Argentina,28,0.00056
104,Senegal,Colombia,28,0.00056
104,Croatia,Morocco,28,0.00056
104,Austria,Japan,28,0.00056
104,Argentina,Canada,28,0.00056
104,Brazil,Algeria,28,0.00056
104,Australia,Portugal,28,0.00056
104,Belgium,Türkiye,28,0.00056
104,Spain,Curaçao,28,0.00056
104,Canada,Netherlands,27,0.00054
104,Japan,Egypt,27,0.00054
104,France,Egypt,27,0.00054
104,Belgium,Germany,27,0.00054
104,Egypt,Spain,27,0.00054
104,Argentina,Egypt,27,0.00054
104,Portugal,Germany,27,0.00054
104,South Africa,Portugal,27,0.00054
104,Belgium,United States,27,0.00054
104,France,Türkiye,27,0.00054
104,Switzerland,Colombia,27,0.00054
104,Colombia,Norway,27,0.00054
104,Netherlands,Canada,27,0.00054
104,Morocco,South Korea,27,0.00054
104,Croatia,Belgium,27,0.00054
104,South Korea,Mexico,27,0.00054
104,Morocco,Germany,26,0.00052
104,Switzerland,Canada,26,0.00052
104,United States,Croatia,26,0.00052
104,Netherlands,Germany,26,0.00052
104,Ecuador,Brazil,26,0.00052
104,Morocco,Australia,26,0.00052
104,England,Algeria,26,0.00052
104,Switzerland,Uruguay,26,0.00052
104,Argentina,Australia,26,0.00052
104,England,Türkiye,26,0.00052
104,Netherlands,Iran,26,0.00052
104,Ecuador,Morocco,26,0.00052
104,Norway,Switzerland,25,0.0005
104,Türkiye,Spain,25,0.0005
104,Brazil,Canada,25,0.0005
104,Belgium,Egypt,25,0.0005
104,Canada,Japan,25,0.0005
104,Argentina,Germany,25,0.0005
104,England,Australia,25,0.0005
104,Mexico,Belgium,25,0.0005
104,England,DR Congo,25,0.0005
104,Croatia,Brazil,25,0.0005
104,South Korea,Norway,25,0.0005
104,Brazil,South Korea,25,0.0005
104,Portugal,Iran,25,0.0005
104,Argentina,United States,25,0.0005
104,Czechia,England,25,0.0005
104,Morocco,Iran,24,0.00048
104,United States,Australia,24,0.00048
104,Tunisia,Portugal,24,0.00048
104,Uruguay,France,24,0.00048
104,Algeria,Morocco,24,0.00048
104,Morocco,Egypt,24,0.00048
104,Switzerland,Mexico,24,0.00048
104,Norway,Canada,24,0.00048
104,United States,Egypt,24,0.00048
104,Mexico,South Korea,24,0.00048
104,Japan,Algeria,24,0.00048
104,Norway,Türkiye,24,0.00048
104,United States,Mexico,24,0.00048
104,France,Algeria,24,0.00048
104,Belgium,Canada,24,0.00048
104,Portugal,Algeria,24,0.00048
104,Iran,France,24,0.00048
104,Portugal,DR Congo,23,0.00046
104,Belgium,Iran,23,0.00046
104,Spain,Ghana,23,0.00046
104,Colombia,Brazil,23,0.00046
104,Türkiye,Japan,23,0.00046
104,Senegal,Uruguay,23,0.00046
104,France,Germany,23,0.00046
104,DR Congo,Argentina,23,0.00046
104,Mexico,Uruguay,23,0.00046
104,Japan,Türkiye,23,0.00046
104,Japan,Iran,23,0.00046
104,Senegal,Switzerland,23,0.00046
104,Colombia,Uruguay,22,0.00044
104,Ecuador,Netherlands,22,0.00044
104,Canada,Colombia,22,0.00044
104,United States,Türkiye,22,0.00044
104,Portugal,Austria,22,0.00044
104,Ecuador,Spain,22,0.00044
104,Croatia,Norway,22,0.00044
104,Ghana,England,22,0.00044
104,Croatia,Mexico,22,0.00044
104,Côte d'Ivoire,Norway,22,0.00044
104,Brazil,Egypt,22,0.00044
104,Côte d'Ivoire,Colombia,22,0.00044
104,Bosnia and Herzegovina,Portugal,22,0.00044
104,England,South Korea,22,0.00044
104,Norway,Egypt,22,0.00044
104,Japan,United States,22,0.00044
104,Iran,Argentina,22,0.00044
104,Colombia,Mexico,22,0.00044
104,Portugal,Australia,22,0.00044
104,New Zealand,England,21,0.00042
104,Australia,Spain,21,0.00042
104,Argentina,Iran,21,0.00042
104,South Korea,Colombia,21,0.00042
104,Germany,Haiti,21,0.00042
104,Curaçao,England,21,0.00042
104,Egypt,Netherlands,21,0.00042
104,England,Iran,21,0.00042
104,Croatia,Colombia,21,0.00042
104,Switzerland,Croatia,21,0.00042
104,Japan,South Korea,21,0.00042
104,Australia,Argentina,21,0.00042
104,United States,Switzerland,20,0.0004
104,Morocco,Algeria,20,0.0004
104,Brazil,Australia,20,0.0004
104,Mexico,Croatia,20,0.0004
104,Sweden,Portugal,20,0.0004
104,Colombia,Belgium,20,0.0004
104,England,Ecuador,20,0.0004
104,United States,Senegal,20,0.0004
104,Austria,Netherlands,20,0.0004
104,Algeria,Belgium,20,0.0004
104,Canada,Morocco,20,0.0004
104,South Africa,England,20,0.0004
104,Senegal,Mexico,20,0.0004
104,Spain,Jordan,20,0.0004
104,Spain,Cape Verde,20,0.0004
104,Mexico,Colombia,20,0.0004
104,Norway,South Korea,20,0.0004
104,Côte d'Ivoire,Germany,20,0.0004
104,Morocco,DR Congo,20,0.0004
104,Norway,Germany,20,0.0004
104,Sweden,England,20,0.0004
104,Austria,Morocco,19,0.00038
104,Germany,Saudi Arabia,19,0.00038
104,Spain,Sweden,19,0.00038
104,United States,Iran,19,0.00038
104,Australia,Japan,19,0.00038
104,Iran,Morocco,19,0.00038
104,Switzerland,United States,19,0.00038
104,Canada,Brazil,19,0.00038
104,Czechia,Japan,19,0.00038
104,Portugal,South Korea,18,0.00036
104,Brazil,Iran,18,0.00036
104,Mexico,Egypt,18,0.00036
104,Netherlands,Egypt,18,0.00036
104,Algeria,Netherlands,18,0.00036
104,Panama,England,18,0.00036
104,Côte d'Ivoire,Belgium,18,0.00036
104,Türkiye,Netherlands,18,0.00036
104,Côte d'Ivoire,Türkiye,18,0.00036
104,Côte d'Ivoire,Canada,18,0.00036
104,South Korea,Egypt,18,0.00036
104,Türkiye,Morocco,18,0.00036
104,Egypt,Japan,18,0.00036
104,South Korea,Germany,18,0.00036
104,France,Scotland,18,0.00036
104,Côte d'Ivoire,Uruguay,18,0.00036
104,United States,Canada,18,0.00036
104,Switzerland,Egypt,18,0.00036
104,Ghana,Spain,17,0.00034
104,Ghana,Portugal,17,0.00034
104,Mexico,Germany,17,0.00034
104,Portugal,Paraguay,17,0.00034
104,DR Congo,Japan,17,0.00034
104,Uzbekistan,England,17,0.00034
104,Iran,Spain,17,0.00034
104,New Zealand,France,17,0.00034
104,Uzbekistan,Portugal,17,0.00034
104,Egypt,Colombia,17,0.00034
104,Croatia,Canada,17,0.00034
104,Portugal,New Zealand,17,0.00034
104,Senegal,Canada,17,0.00034
104,Iran,Belgium,17,0.00034
104,Ecuador,Colombia,17,0.00034
104,Egypt,Morocco,17,0.00034
104,Mexico,Senegal,17,0.00034
104,Netherlands,DR Congo,17,0.00034
104,South Korea,Uruguay,16,0.00032
104,Portugal,Scotland,16,0.00032
104,Colombia,Egypt,16,0.00032
104,Mexico,United States,16,0.00032
104,Senegal,United States,16,0.00032
104,Brazil,DR Congo,16,0.00032
104,Senegal,Croatia,16,0.00032
104,Australia,Netherlands,16,0.00032
104,Switzerland,Senegal,16,0.00032
104,Saudi Arabia,Spain,16,0.00032
104,Netherlands,Austria,16,0.00032
104,Netherlands,New Zealand,16,0.00032
104,Switzerland,South Korea,16,0.00032
104,Switzerland,Germany,16,0.00032
104,Panama,Portugal,16,0.00032
104,Japan,DR Congo,16,0.00032
104,South Korea,Senegal,16,0.00032
104,Mexico,Switzerland,16,0.00032
104,New Zealand,Argentina,16,0.00032
104,South Korea,Türkiye,16,0.00032
104,Ecuador,Norway,16,0.00032
104,Japan,Côte d'Ivoire,16,0.00032
104,Algeria,Colombia,16,0.00032
104,Morocco,Ecuador,15,0.0003
104,Türkiye,Norway,15,0.0003
104,Netherlands,South Korea,15,0.0003
104,Czechia,Argentina,15,0.0003
104,South Korea,Switzerland,15,0.0003
104,Canada,Belgium,15,0.0003
104,Croatia,Uruguay,15,0.0003
104,South Africa,Japan,15,0.0003
104,United States,Uruguay,15,0.0003
104,Switzerland,Iran,15,0.0003
104,Germany,Tunisia,15,0.0003
104,South Korea,Croatia,15,0.0003
104,Colombia,United States,15,0.0003
104,England,New Zealand,15,0.0003
104,United States,South Korea,15,0.0003
104,Japan,New Zealand,15,0.0003
104,France,Côte d'Ivoire,15,0.0003
104,Belgium,Austria,15,0.0003
104,Morocco,Côte d'Ivoire,15,0.0003
104,Japan,Austria,15,0.0003
104,United States,Germany,15,0.0003
104,France,Paraguay,15,0.0003
104,Ecuador,Belgium,15,0.0003
104,Croatia,Switzerland,15,0.0003
104,Austria,Belgium,14,0.00028
104,Norway,Iran,14,0.00028
104,Croatia,Germany,14,0.00028
104,Austria,Brazil,14,0.00028
104,South Korea,United States,14,0.00028
104,Netherlands,Côte d'Ivoire,14,0.00028
104,New Zealand,Brazil,14,0.00028
104,Ecuador,Switzerland,14,0.00028
104,France,Ecuador,14,0.00028
104,Ecuador,Croatia,14,0.00028
104,Norway,Australia,14,0.00028
104,Canada,Norway,14,0.00028
104,Portugal,Côte d'Ivoire,14,0.00028
104,Tunisia,Argentina,14,0.00028
104,Switzerland,Algeria,14,0.00028
104,Türkiye,Brazil,14,0.00028
104,Curaçao,Spain,14,0.00028
104,Uruguay,Japan,14,0.00028
104,Iran,Netherlands,14,0.00028
104,Australia,Belgium,14,0.00028
104,Austria,Senegal,14,0.00028
104,South Korea,Iran,14,0.00028
104,Germany,Sweden,14,0.00028
104,Germany,Uzbekistan,14,0.00028
104,Argentina,South Korea,14,0.00028
104,Senegal,South Korea,14,0.00028
104,Argentina,Côte d'Ivoire,14,0.00028
104,DR Congo,Belgium,14,0.00028
104,DR Congo,Brazil,14,0.00028
104,Côte d'Ivoire,Switzerland,13,0.00026
104,France,DR Congo,13,0.00026
104,Colombia,Croatia,13,0.00026
104,England,Côte d'Ivoire,13,0.00026
104,Iraq,Spain,13,0.00026
104,Brazil,Austria,13,0.00026
104,Curaçao,France,13,0.00026
104,Sweden,France,13,0.00026
104,Colombia,Germany,13,0.00026
104,Belgium,New Zealand,13,0.00026
104,Côte d'Ivoire,Australia,13,0.00026
104,Egypt,Uruguay,13,0.00026
104,Côte d'Ivoire,Egypt,13,0.00026
104,Portugal,Tunisia,13,0.00026
104,United States,Ecuador,13,0.00026
104,Canada,Croatia,13,0.00026
104,Netherlands,Algeria,13,0.00026
104,Ghana,France,13,0.00026
104,Ghana,Argentina,13,0.00026
104,Norway,DR Congo,13,0.00026
104,DR Congo,Netherlands,13,0.00026
104,Norway,Austria,13,0.00026
104,Australia,Mexico,13,0.00026
104,Côte d'Ivoire,South Korea,13,0.00026
104,Ecuador,Mexico,13,0.00026
104,Ecuador,Uruguay,13,0.00026
104,South Africa,Argentina,13,0.00026
104,Türkiye,United States,13,0.00026
104,Uzbekistan,Argentina,13,0.00026
104,Argentina,DR Congo,13,0.00026
104,Colombia,Canada,13,0.00026
104,Senegal,Egypt,13,0.00026
104,Algeria,Brazil,13,0.00026
104,Egypt,Belgium,13,0.00026
104,Côte d'Ivoire,Croatia,13,0.00026
104,England,Ghana,13,0.00026
104,South Korea,Canada,12,0.00024
104,Canada,Uruguay,12,0.00024
104,Tunisia,France,12,0.00024
104,Croatia,Egypt,12,0.00024
104,Algeria,Croatia,12,0.00024
104,France,New Zealand,12,0.00024
104,Iran,Colombia,12,0.00024
104,Bosnia and Herzegovina,England,12,0.00024
104,Curaçao,Portugal,12,0.00024
104,Algeria,Mexico,12,0.00024
104,Sweden,Spain,12,0.00024
104,Côte d'Ivoire,Senegal,12,0.00024
104,Colombia,Switzerland,12,0.00024
104,Norway,Algeria,12,0.00024
104,Senegal,DR Congo,12,0.00024
104,Czechia,Mexico,12,0.00024
104,Qatar,England,12,0.00024
104,Czechia,Spain,12,0.00024
104,Mexico,Türkiye,12,0.00024
104,Egypt,Norway,12,0.00024
104,Iran,Uruguay,12,0.00024
104,Ecuador,Germany,12,0.00024
104,Mexico,Australia,12,0.00024
104,Croatia,Türkiye,12,0.00024
104,England,Uzbekistan,12,0.00024
104,Spain,Czechia,12,0.00024
104,Austria,Uruguay,12,0.00024
104,Iraq,England,12,0.00024
104,Belgium,Saudi Arabia,12,0.00024
104,Morocco,Uzbekistan,12,0.00024
104,Croatia,Iran,12,0.00024
104,Türkiye,Colombia,12,0.00024
104,Bosnia and Herzegovina,France,12,0.00024
104,Uzbekistan,Spain,12,0.00024
104,Jordan,England,12,0.00024
104,Norway,Ecuador,11,0.00022
104,Scotland,Portugal,11,0.00022
104,Türkiye,Mexico,11,0.00022
104,Sweden,Japan,11,0.00022
104,Colombia,Senegal,11,0.00022
104,Algeria,Norway,11,0.00022
104,England,Paraguay,11,0.00022
104,Brazil,Côte d'Ivoire,11,0.00022
104,Japan,Paraguay,11,0.00022
104,Canada,Senegal,11,0.00022
104,Canada,Türkiye,11,0.00022
104,France,Uzbekistan,11,0.00022
104,Argentina,Saudi Arabia,11,0.00022
104,Belgium,Côte d'Ivoire,11,0.00022
104,England,Saudi Arabia,11,0.00022
104,Uruguay,Morocco,11,0.00022
104,Argentina,New Zealand,11,0.00022
104,Belgium,South Korea,11,0.00022
104,Senegal,Australia,11,0.00022
104,Côte d'Ivoire,Mexico,11,0.00022
104,Türkiye,Belgium,11,0.00022
104,United States,Côte d'Ivoire,11,0.00022
104,Australia,Senegal,11,0.00022
104,Czechia,Belgium,11,0.00022
104,Switzerland,Türkiye,11,0.00022
104,France,Saudi Arabia,11,0.00022
104,Côte d'Ivoire,United States,11,0.00022
104,Austria,Norway,11,0.00022
104,Australia,Brazil,11,0.00022
104,Germany,Curaçao,11,0.00022
104,Iran,Croatia,11,0.00022
104,Jordan,Portugal,11,0.00022
104,Mexico,Austria,10,0.0002
104,Switzerland,DR Congo,10,0.0002
104,Senegal,Algeria,10,0.0002
104,Switzerland,Australia,10,0.0002
104,South Africa,France,10,0.0002
104,Tunisia,Japan,10,0.0002
104,Algeria,Uruguay,10,0.0002
104,Iran,Brazil,10,0.0002
104,Uruguay,Netherlands,10,0.0002
104,New Zealand,Spain,10,0.0002
104,Germany,Ghana,10,0.0002
104,New Zealand,Netherlands,10,0.0002
104,Jordan,France,10,0.0002
104,Uzbekistan,France,10,0.0002
104,France,Tunisia,10,0.0002
104,Uruguay,Argentina,10,0.0002
104,Belgium,Algeria,10,0.0002
104,Bosnia and Herzegovina,Spain,10,0.0002
104,Portugal,Uzbekistan,10,0.0002
104,Austria,Colombia,10,0.0002
104,Canada,Germany,10,0.0002
104,Iraq,Portugal,10,0.0002
104,Iran,Egypt,10,0.0002
104,Brazil,New Zealand,10,0.0002
104,Colombia,South Korea,10,0.0002
104,Ecuador,Canada,10,0.0002
104,Canada,United States,10,0.0002
104,Iran,Norway,10,0.0002
104,Egypt,United States,10,0.0002
104,Algeria,Senegal,10,0.0002
104,Algeria,Canada,10,0.0002
104,Senegal,Germany,10,0.0002
104,England,Panama,10,0.0002
104,Czechia,Morocco,10,0.0002
104,Jordan,Spain,10,0.0002
104,Norway,New Zealand,10,0.0002
104,Tunisia,Netherlands,10,0.0002
104,Paraguay,Portugal,10,0.0002
104,Japan,Tunisia,10,0.0002
104,Czechia,Netherlands,10,0.0002
104,Ecuador,United States,10,0.0002
104,Belgium,Uzbekistan,10,0.0002
104,Austria,Canada,10,0.0002
104,Ecuador,Türkiye,10,0.0002
104,Panama,Argentina,10,0.0002
104,Mexico,Algeria,10,0.0002
104,Senegal,Türkiye,10,0.0002
104,Brazil,Scotland,10,0.0002
104,Curaçao,Argentina,10,0.0002
104,Belgium,DR Congo,9,0.00018
104,Norway,Tunisia,9,0.00018
104,Sweden,Argentina,9,0.00018
104,Iraq,France,9,0.00018
104,New Zealand,Japan,9,0.00018
104,Germany,Cape Verde,9,0.00018
104,Côte d'Ivoire,New Zealand,9,0.00018
104,Tunisia,Türkiye,9,0.00018
104,Morocco,Paraguay,9,0.00018
104,Egypt,Croatia,9,0.00018
104,Australia,Croatia,9,0.00018
104,Brazil,Paraguay,9,0.00018
104,Curaçao,Norway,9,0.00018
104,South Korea,Australia,9,0.00018
104,Curaçao,Morocco,9,0.00018
104,Mexico,Canada,9,0.00018
104,England,Czechia,9,0.00018
104,Netherlands,Scotland,9,0.00018
104,Brazil,Ecuador,9,0.00018
104,Scotland,France,9,0.00018
104,Croatia,United States,9,0.00018
104,Austria,Mexico,9,0.00018
104,Germany,Panama,9,0.00018
104,Côte d'Ivoire,Iran,9,0.00018
104,Iran,Senegal,9,0.00018
104,Brazil,Uzbekistan,9,0.00018
104,Austria,Egypt,9,0.00018
104,Argentina,Paraguay,9,0.00018
104,Panama,France,9,0.00018
104,Czechia,Brazil,9,0.00018
104,Ghana,Morocco,9,0.00018
104,Australia,United States,9,0.00018
104,DR Congo,Croatia,9,0.00018
104,Czechia,Norway,9,0.00018
104,Canada,Egypt,9,0.00018
104,DR Congo,Morocco,9,0.00018
104,Canada,Australia,9,0.00018
104,Argentina,Scotland,9,0.00018
104,Tunisia,Brazil,9,0.00018
104,Morocco,Scotland,9,0.00018
104,Germany,Jordan,9,0.00018
104,Japan,Saudi Arabia,9,0.00018
104,Belgium,Ghana,9,0.00018
104,Egypt,South Korea,9,0.00018
104,Senegal,Austria,9,0.00018
104,Panama,Spain,9,0.00018
104,Algeria,Türkiye,9,0.00018
104,South Korea,Austria,9,0.00018
104,Morocco,New Zealand,8,0.00016
104,Colombia,New Zealand,8,0.00016
104,Tunisia,Germany,8,0.00016
104,Austria,Germany,8,0.00016
104,Ecuador,Senegal,8,0.00016
104,New Zealand,Norway,8,0.00016
104,Croatia,Austria,8,0.00016
104,Jordan,Argentina,8,0.00016
104,Brazil,Jordan,8,0.00016
104,Colombia,Iran,8,0.00016
104,Japan,Uzbekistan,8,0.00016
104,Türkiye,Senegal,8,0.00016
104,Switzerland,New Zealand,8,0.00016
104,Paraguay,France,8,0.00016
104,Scotland,Argentina,8,0.00016
104,Japan,Haiti,8,0.00016
104,Qatar,France,8,0.00016
104,Japan,Scotland,8,0.00016
104,Morocco,Haiti,8,0.00016
104,Egypt,Switzerland,8,0.00016
104,Colombia,Türkiye,8,0.00016
104,Belgium,Tunisia,8,0.00016
104,Uruguay,Croatia,8,0.00016
104,Portugal,Ghana,8,0.00016
104,Paraguay,Argentina,8,0.00016
104,Japan,Curaçao,8,0.00016
104,New Zealand,Morocco,8,0.00016
104,Qatar,Portugal,8,0.00016
104,Mexico,DR Congo,8,0.00016
104,Morocco,Cape Verde,8,0.00016
104,Netherlands,Ecuador,8,0.00016
104,England,Scotland,8,0.00016
104,DR Congo,Senegal,8,0.00016
104,Croatia,South Korea,8,0.00016
104,Haiti,England,8,0.00016
104,DR Congo,Colombia,8,0.00016
104,Japan,Ecuador,8,0.00016
104,Curaçao,Japan,8,0.00016
104,Iraq,Argentina,8,0.00016
104,Austria,Croatia,8,0.00016
104,Iran,Australia,8,0.00016
104,Uruguay,Belgium,8,0.00016
104,Argentina,Tunisia,8,0.00016
104,DR Congo,Uruguay,8,0.00016
104,Tunisia,Spain,8,0.00016
104,Türkiye,Croatia,8,0.00016
104,Argentina,Uzbekistan,8,0.00016
104,South Korea,Tunisia,8,0.00016
104,Egypt,Brazil,8,0.00016
104,England,Austria,8,0.00016
104,Colombia,DR Congo,8,0.00016
104,Côte d'Ivoire,Ecuador,7,0.00014
104,DR Congo,Germany,7,0.00014
104,Algeria,Egypt,7,0.00014
104,Senegal,Iran,7,0.00014
104,France,Curaçao,7,0.00014
104,Spain,Iraq,7,0.00014
104,England,Haiti,7,0.00014
104,Portugal,Iraq,7,0.00014
104,Ghana,Senegal,7,0.00014
104,Portugal,Ecuador,7,0.00014
104,Morocco,Saudi Arabia,7,0.00014
104,Scotland,Spain,7,0.00014
104,DR Congo,Egypt,7,0.00014
104,South Korea,Algeria,7,0.00014
104,Jordan,Netherlands,7,0.00014
104,Croatia,Australia,7,0.00014
104,Uruguay,Norway,7,0.00014
104,Algeria,United States,7,0.00014
104,England,Jordan,7,0.00014
104,Iraq,Netherlands,7,0.00014
104,South Korea,DR Congo,7,0.00014
104,Türkiye,Canada,7,0.00014
104,Brazil,Saudi Arabia,7,0.00014
104,England,Tunisia,7,0.00014
104,Australia,Uruguay,7,0.00014
104,Argentina,Ecuador,7,0.00014
104,Netherlands,Saudi Arabia,7,0.00014
104,South Africa,Spain,7,0.00014
104,Egypt,Mexico,7,0.00014
104,Egypt,Canada,7,0.00014
104,Scotland,England,7,0.00014
104,Côte d'Ivoire,DR Congo,7,0.00014
104,Scotland,Morocco,7,0.00014
104,Morocco,Austria,7,0.00014
104,Czechia,Türkiye,7,0.00014
104,Norway,Scotland,7,0.00014
104,Ecuador,Austria,7,0.00014
104,Uzbekistan,Morocco,7,0.00014
104,Tunisia,Belgium,7,0.00014
104,Colombia,Saudi Arabia,7,0.00014
104,Portugal,Panama,7,0.00014
104,New Zealand,Uruguay,7,0.00014
104,Colombia,Australia,7,0.00014
104,Austria,Australia,7,0.00014
104,Sweden,Canada,7,0.00014
104,Argentina,Jordan,7,0.00014
104,Iraq,Brazil,7,0.00014
104,Mexico,Iran,7,0.00014
104,Ghana,Brazil,7,0.00014
104,Switzerland,Ecuador,7,0.00014
104,Mexico,Haiti,7,0.00014
104,Colombia,Ecuador,7,0.00014
104,Austria,Iran,7,0.00014
104,Ghana,Japan,7,0.00014
104,Brazil,Cape Verde,7,0.00014
104,Mexico,New Zealand,7,0.00014
104,Netherlands,Tunisia,7,0.00014
104,Austria,Türkiye,7,0.00014
104,Türkiye,Germany,7,0.00014
104,Australia,Morocco,7,0.00014
104,England,Sweden,7,0.00014
104,South Korea,Ecuador,7,0.00014
104,Senegal,Côte d'Ivoire,6,0.00012
104,Czechia,Egypt,6,0.00012
104,South Korea,New Zealand,6,0.00012
104,United States,Uzbekistan,6,0.00012
104,Netherlands,Uzbekistan,6,0.00012
104,Portugal,Saudi Arabia,6,0.00012
104,Bosnia and Herzegovina,Japan,6,0.00012
104,Brazil,Sweden,6,0.00012
104,Saudi Arabia,England,6,0.00012
104,Bosnia and Herzegovina,Argentina,6,0.00012
104,Norway,Uzbekistan,6,0.00012
104,Argentina,Ghana,6,0.00012
104,Sweden,Mexico,6,0.00012
104,Algeria,Haiti,6,0.00012
104,Germany,Czechia,6,0.00012
104,Ecuador,Australia,6,0.00012
104,Croatia,Ecuador,6,0.00012
104,Australia,Colombia,6,0.00012
104,Norway,Côte d'Ivoire,6,0.00012
104,Ecuador,Egypt,6,0.00012
104,Mexico,Scotland,6,0.00012
104,Ecuador,Iran,6,0.00012
104,Senegal,Paraguay,6,0.00012
104,Tunisia,Mexico,6,0.00012
104,Jordan,Norway,6,0.00012
104,Argentina,Haiti,6,0.00012
104,England,Cape Verde,6,0.00012
104,Norway,Paraguay,6,0.00012
104,Belgium,Scotland,6,0.00012
104,Spain,South Africa,6,0.00012
104,France,Sweden,6,0.00012
104,South Africa,Morocco,6,0.00012
104,Mexico,Côte d'Ivoire,6,0.00012
104,Egypt,Türkiye,6,0.00012
104,Paraguay,Spain,6,0.00012
104,Croatia,Algeria,6,0.00012
104,DR Congo,Mexico,6,0.00012
104,Canada,Scotland,6,0.00012
104,DR Congo,Norway,6,0.00012
104,Austria,Ecuador,6,0.00012
104,Curaçao,South Korea,6,0.00012
104,Uzbekistan,Norway,6,0.00012
104,Paraguay,Netherlands,6,0.00012
104,Scotland,Brazil,6,0.00012
104,Algeria,Austria,6,0.00012
104,Netherlands,Panama,6,0.00012
104,France,Ghana,6,0.00012
104,Spain,Qatar,6,0.00012
104,Cape Verde,Spain,6,0.00012
104,Ecuador,South Korea,6,0.00012
104,Austria,Switzerland,6,0.00012
104,Côte d'Ivoire,Austria,6,0.00012
104,France,Iraq,6,0.00012
104,Ecuador,Paraguay,6,0.00012
104,Uruguay,Brazil,6,0.00012
104,United States,Paraguay,6,0.00012
104,Norway,Haiti,6,0.00012
104,Bosnia and Herzegovina,Netherlands,6,0.00012
104,Belgium,Haiti,6,0.00012
104,Portugal,Sweden,6,0.00012
104,Paraguay,England,6,0.00012
104,Mexico,Tunisia,6,0.00012
104,Haiti,Portugal,6,0.00012
104,Curaçao,Germany,6,0.00012
104,Canada,Mexico,6,0.00012
104,Tunisia,Canada,6,0.00012
104,France,Haiti,6,0.00012
104,Senegal,Ecuador,6,0.00012
104,Iraq,Morocco,6,0.00012
104,Uzbekistan,Japan,6,0.00012
104,South Korea,Scotland,6,0.00012
104,Algeria,Australia,6,0.00012
104,Türkiye,South Korea,5,0.0001
104,Tunisia,Colombia,5,0.0001
104,Ecuador,Algeria,5,0.0001
104,Senegal,Uzbekistan,5,0.0001
104,Sweden,Netherlands,5,0.0001
104,Scotland,Mexico,5,0.0001
104,Canada,New Zealand,5,0.0001
104,Uzbekistan,Australia,5,0.0001
104,Curaçao,Belgium,5,0.0001
104,Australia,Egypt,5,0.0001
104,Morocco,Iraq,5,0.0001
104,Argentina,Panama,5,0.0001
104,Algeria,Iran,5,0.0001
104,Croatia,DR Congo,5,0.0001
104,Curaçao,United States,5,0.0001
104,DR Congo,United States,5,0.0001
104,Egypt,Germany,5,0.0001
104,Austria,United States,5,0.0001
104,Austria,Algeria,5,0.0001
104,Switzerland,Saudi Arabia,5,0.0001
104,Mexico,Ecuador,5,0.0001
104,Ecuador,Ghana,5,0.0001
104,Sweden,Uruguay,5,0.0001
104,Argentina,Iraq,5,0.0001
104,France,Jordan,5,0.0001
104,Netherlands,Haiti,5,0.0001
104,Argentina,Cape Verde,5,0.0001
104,Panama,Japan,5,0.0001
104,Belgium,Curaçao,5,0.0001
104,Qatar,Spain,5,0.0001
104,Sweden,Colombia,5,0.0001
104,Senegal,Saudi Arabia,5,0.0001
104,Canada,Jordan,5,0.0001
104,Morocco,Ghana,5,0.0001
104,Belgium,Paraguay,5,0.0001
104,Saudi Arabia,Portugal,5,0.0001
104,Iran,South Korea,5,0.0001
104,Türkiye,Algeria,5,0.0001
104,Australia,Canada,5,0.0001
104,Uzbekistan,Netherlands,5,0.0001
104,Egypt,Iran,5,0.0001
104,Switzerland,Sweden,5,0.0001
104,Scotland,Netherlands,5,0.0001
104,South Africa,Mexico,5,0.0001
104,Curaçao,Senegal,5,0.0001
104,Haiti,Spain,5,0.0001
104,United States,DR Congo,5,0.0001
104,Jordan,Japan,5,0.0001
104,Norway,Ghana,5,0.0001
104,Türkiye,Egypt,5,0.0001
104,New Zealand,Germany,5,0.0001
104,Uzbekistan,Brazil,5,0.0001
104,Ecuador,Côte d'Ivoire,5,0.0001
104,Uzbekistan,Colombia,5,0.0001
104,Bosnia and Herzegovina,Mexico,5,0.0001
104,Bosnia and Herzegovina,Brazil,5,0.0001
104,Sweden,Switzerland,5,0.0001
104,Belgium,Ecuador,5,0.0001
104,Côte d'Ivoire,Paraguay,5,0.0001
104,Ecuador,Uzbekistan,5,0.0001
104,Czechia,Australia,5,0.0001
104,Ghana,Croatia,5,0.0001
104,South Africa,Belgium,5,0.0001
104,Croatia,Scotland,5,0.0001
104,France,Cape Verde,5,0.0001
104,United States,Algeria,5,0.0001
104,Uruguay,Mexico,5,0.0001
104,Croatia,Senegal,5,0.0001
104,Portugal,Haiti,5,0.0001
104,Netherlands,Paraguay,5,0.0001
104,Canada,Algeria,5,0.0001
104,England,Curaçao,5,0.0001
104,Canada,Iran,4,8e-05
104,Japan,Czechia,4,8e-05
104,Senegal,Ghana,4,8e-05
104,Portugal,Curaçao,4,8e-05
104,DR Congo,Scotland,4,8e-05
104,United States,Scotland,4,8e-05
104,Australia,New Zealand,4,8e-05
104,South Africa,Canada,4,8e-05
104,Iran,Canada,4,8e-05
104,Ghana,Belgium,4,8e-05
104,Switzerland,Austria,4,8e-05
104,Germany,South Africa,4,8e-05
104,Brazil,Tunisia,4,8e-05
104,Colombia,Austria,4,8e-05
104,Panama,United States,4,8e-05
104,Algeria,Tunisia,4,8e-05
104,Jordan,Egypt,4,8e-05
104,DR Congo,Ghana,4,8e-05
104,Croatia,Côte d'Ivoire,4,8e-05
104,South Korea,Uzbekistan,4,8e-05
104,Haiti,France,4,8e-05
104,Austria,Scotland,4,8e-05
104,Norway,Iraq,4,8e-05
104,Czechia,South Korea,4,8e-05
104,Czechia,Switzerland,4,8e-05
104,Panama,Netherlands,4,8e-05
104,Czechia,Colombia,4,8e-05
104,DR Congo,Uzbekistan,4,8e-05
104,Netherlands,Sweden,4,8e-05
104,Iraq,Norway,4,8e-05
104,Côte d'Ivoire,Panama,4,8e-05
104,Colombia,Algeria,4,8e-05
104,Cape Verde,Portugal,4,8e-05
104,Mexico,Uzbekistan,4,8e-05
104,United States,Saudi Arabia,4,8e-05
104,Sweden,Morocco,4,8e-05
104,Türkiye,Uruguay,4,8e-05
104,Ghana,Colombia,4,8e-05
104,New Zealand,Australia,4,8e-05
104,Australia,Norway,4,8e-05
104,Türkiye,Australia,4,8e-05
104,Argentina,Curaçao,4,8e-05
104,Switzerland,Curaçao,4,8e-05
104,Spain,Bosnia and Herzegovina,4,8e-05
104,Belgium,Sweden,4,8e-05
104,Côte d'Ivoire,Saudi Arabia,4,8e-05
104,Austria,DR Congo,4,8e-05
104,Tunisia,Croatia,4,8e-05
104,Colombia,Cape Verde,4,8e-05
104,Canada,DR Congo,4,8e-05
104,Tunisia,Australia,4,8e-05
104,Sweden,Saudi Arabia,4,8e-05
104,DR Congo,Australia,4,8e-05
104,Morocco,Sweden,4,8e-05
104,South Africa,Uruguay,4,8e-05
104,Senegal,New Zealand,4,8e-05
104,Panama,Brazil,4,8e-05
104,Uruguay,Germany,4,8e-05
104,Switzerland,Côte d'Ivoire,4,8e-05
104,Morocco,South Africa,4,8e-05
104,Egypt,Senegal,4,8e-05
104,South Africa,Norway,4,8e-05
104,Iran,Mexico,4,8e-05
104,Croatia,Jordan,4,8e-05
104,Iran,Paraguay,4,8e-05
104,France,Czechia,4,8e-05
104,Czechia,Côte d'Ivoire,4,8e-05
104,Canada,South Korea,4,8e-05
104,Curaçao,Netherlands,4,8e-05
104,Algeria,Scotland,4,8e-05
104,Australia,Türkiye,4,8e-05
104,United States,Austria,4,8e-05
104,Brazil,South Africa,4,8e-05
104,Germany,Iraq,4,8e-05
104,Colombia,Czechia,4,8e-05
104,Switzerland,Scotland,4,8e-05
104,Germany,Bosnia and Herzegovina,4,8e-05
104,Austria,South Korea,4,8e-05
104,Sweden,Croatia,4,8e-05
104,Morocco,Curaçao,4,8e-05
104,New Zealand,Colombia,4,8e-05
104,Netherlands,Ghana,4,8e-05
104,Qatar,Argentina,4,8e-05
104,South Africa,Netherlands,4,8e-05
104,England,South Africa,4,8e-05
104,Panama,Morocco,4,8e-05
104,Japan,Iraq,4,8e-05
104,Belgium,Czechia,4,8e-05
104,Côte d'Ivoire,Algeria,4,8e-05
104,Bosnia and Herzegovina,United States,4,8e-05
104,Iran,New Zealand,3,6e-05
104,United States,Jordan,3,6e-05
104,Uruguay,New Zealand,3,6e-05
104,DR Congo,New Zealand,3,6e-05
104,Iran,Sweden,3,6e-05
104,Côte d'Ivoire,Scotland,3,6e-05
104,Czechia,Senegal,3,6e-05
104,Panama,Norway,3,6e-05
104,Portugal,Bosnia and Herzegovina,3,6e-05
104,Côte d'Ivoire,Sweden,3,6e-05
104,Paraguay,Japan,3,6e-05
104,Mexico,Saudi Arabia,3,6e-05
104,Japan,South Africa,3,6e-05
104,Tunisia,Uruguay,3,6e-05
104,Tunisia,Algeria,3,6e-05
104,Canada,Tunisia,3,6e-05
104,South Korea,Haiti,3,6e-05
104,Uruguay,South Korea,3,6e-05
104,Haiti,Netherlands,3,6e-05
104,Netherlands,Cape Verde,3,6e-05
104,Australia,Côte d'Ivoire,3,6e-05
104,Türkiye,Switzerland,3,6e-05
104,Austria,Panama,3,6e-05
104,Morocco,Panama,3,6e-05
104,Iran,Algeria,3,6e-05
104,Ecuador,Panama,3,6e-05
104,Uruguay,Australia,3,6e-05
104,Iraq,Belgium,3,6e-05
104,Morocco,Tunisia,3,6e-05
104,Senegal,Haiti,3,6e-05
104,Panama,Colombia,3,6e-05
104,Norway,Jordan,3,6e-05
104,Uzbekistan,South Korea,3,6e-05
104,Iran,DR Congo,3,6e-05
104,Curaçao,Colombia,3,6e-05
104,Iran,Panama,3,6e-05
104,Iran,Haiti,3,6e-05
104,New Zealand,Senegal,3,6e-05
104,Iran,United States,3,6e-05
104,Qatar,Morocco,3,6e-05
104,Qatar,Japan,3,6e-05
104,Brazil,Ghana,3,6e-05
104,Uruguay,Iran,3,6e-05
104,Iran,Switzerland,3,6e-05
104,Saudi Arabia,Argentina,3,6e-05
104,Australia,Paraguay,3,6e-05
104,South Africa,Curaçao,3,6e-05
104,Switzerland,Haiti,3,6e-05
104,Iraq,Senegal,3,6e-05
104,Uzbekistan,Belgium,3,6e-05
104,Australia,Switzerland,3,6e-05
104,Curaçao,Croatia,3,6e-05
104,Canada,Saudi Arabia,3,6e-05
104,Morocco,Jordan,3,6e-05
104,Scotland,United States,3,6e-05
104,Mexico,Jordan,3,6e-05
104,Switzerland,Paraguay,3,6e-05
104,Norway,Saudi Arabia,3,6e-05
104,Jordan,Morocco,3,6e-05
104,Ecuador,DR Congo,3,6e-05
104,Canada,Ecuador,3,6e-05
104,Côte d'Ivoire,Uzbekistan,3,6e-05
104,Czechia,Iran,3,6e-05
104,Mexico,Czechia,3,6e-05
104,Türkiye,Iran,3,6e-05
104,Tunisia,Iran,3,6e-05
104,Croatia,Uzbekistan,3,6e-05
104,Netherlands,Jordan,3,6e-05
104,United States,Curaçao,3,6e-05
104,Ghana,Uzbekistan,3,6e-05
104,Jordan,Brazil,3,6e-05
104,Algeria,DR Congo,3,6e-05
104,South Korea,Ghana,3,6e-05
104,Senegal,Sweden,3,6e-05
104,Sweden,Senegal,3,6e-05
104,Paraguay,Austria,3,6e-05
104,South Africa,Brazil,3,6e-05
104,New Zealand,Canada,3,6e-05
104,Saudi Arabia,Japan,3,6e-05
104,Iran,Türkiye,3,6e-05
104,Ghana,Switzerland,3,6e-05
104,Mexico,Ghana,3,6e-05
104,Bosnia and Herzegovina,Senegal,3,6e-05
104,Curaçao,Uruguay,3,6e-05
104,Sweden,Belgium,3,6e-05
104,Iraq,Colombia,3,6e-05
104,Belgium,Cape Verde,3,6e-05
104,Algeria,Switzerland,3,6e-05
104,Bosnia and Herzegovina,South Korea,3,6e-05
104,Iraq,Japan,3,6e-05
104,Switzerland,Ghana,3,6e-05
104,Ghana,Egypt,3,6e-05
104,Croatia,Paraguay,3,6e-05
104,Tunisia,Senegal,3,6e-05
104,Sweden,Türkiye,3,6e-05
104,Morocco,Qatar,3,6e-05
104,Curaçao,Brazil,3,6e-05
104,Paraguay,Germany,3,6e-05
104,Australia,Saudi Arabia,3,6e-05
104,New Zealand,Egypt,3,6e-05
104,Colombia,Côte d'Ivoire,3,6e-05
104,DR Congo,Algeria,3,6e-05
104,Curaçao,Saudi Arabia,3,6e-05
104,Sweden,Australia,3,6e-05
104,Austria,Tunisia,3,6e-05
104,Switzerland,Uzbekistan,3,6e-05
104,South Africa,Senegal,3,6e-05
104,South Africa,Colombia,3,6e-05
104,Bosnia and Herzegovina,Belgium,3,6e-05
104,Haiti,Argentina,3,6e-05
104,Iran,Côte d'Ivoire,3,6e-05
104,Jordan,Belgium,3,6e-05
104,Switzerland,Tunisia,3,6e-05
104,Mexico,Curaçao,3,6e-05
104,Côte d'Ivoire,Haiti,3,6e-05
104,Panama,Türkiye,3,6e-05
104,Jordan,Côte d'Ivoire,3,6e-05
104,Colombia,Uzbekistan,3,6e-05
104,New Zealand,Mexico,3,6e-05
104,DR Congo,Switzerland,3,6e-05
104,Türkiye,Scotland,3,6e-05
104,DR Congo,Ecuador,3,6e-05
104,Türkiye,Paraguay,3,6e-05
104,Portugal,South Africa,3,6e-05
104,Australia,Austria,3,6e-05
104,Croatia,Curaçao,3,6e-05
104,Jordan,Senegal,3,6e-05
104,Japan,Cape Verde,3,6e-05
104,Sweden,New Zealand,3,6e-05
104,Uzbekistan,Canada,3,6e-05
104,Uzbekistan,Mexico,3,6e-05
104,South Africa,Australia,3,6e-05
104,Germany,Qatar,3,6e-05
104,Iran,Saudi Arabia,3,6e-05
104,Czechia,Uruguay,3,6e-05
104,Australia,Uzbekistan,3,6e-05
104,Qatar,Switzerland,3,6e-05
104,Belgium,Jordan,3,6e-05
104,Panama,Belgium,2,4e-05
104,Czechia,Germany,2,4e-05
104,Scotland,Switzerland,2,4e-05
104,Jordan,Mexico,2,4e-05
104,Türkiye,Cape Verde,2,4e-05
104,Senegal,Panama,2,4e-05
104,South Africa,Panama,2,4e-05
104,Haiti,Japan,2,4e-05
104,Scotland,Norway,2,4e-05
104,Paraguay,Türkiye,2,4e-05
104,Croatia,Qatar,2,4e-05
104,Curaçao,Switzerland,2,4e-05
104,Uzbekistan,Croatia,2,4e-05
104,Paraguay,Algeria,2,4e-05
104,Saudi Arabia,France,2,4e-05
104,Jordan,Switzerland,2,4e-05
104,Algeria,Côte d'Ivoire,2,4e-05
104,South Korea,Panama,2,4e-05
104,Netherlands,Curaçao,2,4e-05
104,Ecuador,Tunisia,2,4e-05
104,Senegal,Cape Verde,2,4e-05
104,Netherlands,Iraq,2,4e-05
104,Bosnia and Herzegovina,Colombia,2,4e-05
104,Iraq,Côte d'Ivoire,2,4e-05
104,Jordan,Australia,2,4e-05
104,Scotland,Senegal,2,4e-05
104,Argentina,Sweden,2,4e-05
104,DR Congo,Saudi Arabia,2,4e-05
104,Türkiye,Jordan,2,4e-05
104,Portugal,Cape Verde,2,4e-05
104,Ecuador,Curaçao,2,4e-05
104,South Korea,Cape Verde,2,4e-05
104,Cape Verde,Mexico,2,4e-05
104,Austria,Sweden,2,4e-05
104,Colombia,Sweden,2,4e-05
104,Curaçao,Sweden,2,4e-05
104,Belgium,Iraq,2,4e-05
104,Sweden,Iran,2,4e-05
104,Senegal,Tunisia,2,4e-05
104,Croatia,New Zealand,2,4e-05
104,New Zealand,Czechia,2,4e-05
104,Iraq,Uruguay,2,4e-05
104,Saudi Arabia,Croatia,2,4e-05
104,DR Congo,Côte d'Ivoire,2,4e-05
104,Tunisia,Morocco,2,4e-05
104,Brazil,Iraq,2,4e-05
104,DR Congo,Türkiye,2,4e-05
104,Norway,Panama,2,4e-05
104,Sweden,Norway,2,4e-05
104,South Africa,United States,2,4e-05
104,Curaçao,Türkiye,2,4e-05
104,Tunisia,Norway,2,4e-05
104,Türkiye,DR Congo,2,4e-05
104,Uruguay,Egypt,2,4e-05
104,Curaçao,Austria,2,4e-05
104,Ghana,Australia,2,4e-05
104,Algeria,Ghana,2,4e-05
104,Ecuador,New Zealand,2,4e-05
104,Egypt,Scotland,2,4e-05
104,Bosnia and Herzegovina,Morocco,2,4e-05
104,Scotland,Croatia,2,4e-05
104,Curaçao,Algeria,2,4e-05
104,Argentina,Bosnia and Herzegovina,2,4e-05
104,Qatar,Croatia,2,4e-05
104,Iran,Curaçao,2,4e-05
104,Paraguay,DR Congo,2,4e-05
104,Curaçao,Egypt,2,4e-05
104,South Africa,South Korea,2,4e-05
104,Uzbekistan,Switzerland,2,4e-05
104,Colombia,Scotland,2,4e-05
104,Uzbekistan,Austria,2,4e-05
104,Egypt,Algeria,2,4e-05
104,Ghana,Netherlands,2,4e-05
104,Norway,Czechia,2,4e-05
104,Colombia,Jordan,2,4e-05
104,Scotland,Belgium,2,4e-05
104,Panama,Iran,2,4e-05
104,New Zealand,Croatia,2,4e-05
104,France,Panama,2,4e-05
104,Switzerland,Jordan,2,4e-05
104,Brazil,Haiti,2,4e-05
104,Jordan,New Zealand,2,4e-05
104,Haiti,Mexico,2,4e-05
104,Egypt,Sweden,2,4e-05
104,Portugal,Czechia,2,4e-05
104,Cape Verde,Switzerland,2,4e-05
104,Uzbekistan,Iran,2,4e-05
104,Ecuador,Scotland,2,4e-05
104,Uruguay,Algeria,2,4e-05
104,Austria,Paraguay,2,4e-05
104,Iran,Ecuador,2,4e-05
104,Japan,Jordan,2,4e-05
104,Iran,Scotland,2,4e-05
104,Iran,Austria,2,4e-05
104,Ghana,Mexico,2,4e-05
104,Morocco,Czechia,2,4e-05
104,Scotland,Canada,2,4e-05
104,DR Congo,Tunisia,2,4e-05
104,Jordan,Paraguay,2,4e-05
104,Paraguay,Mexico,2,4e-05
104,DR Congo,Iran,2,4e-05
104,Croatia,Saudi Arabia,2,4e-05
104,Cape Verde,England,2,4e-05
104,South Korea,Iraq,2,4e-05
104,Mexico,Sweden,2,4e-05
104,Jordan,Colombia,2,4e-05
104,Egypt,DR Congo,2,4e-05
104,Uruguay,United States,2,4e-05
104,Senegal,Jordan,2,4e-05
104,Türkiye,Tunisia,2,4e-05
104,Colombia,Paraguay,2,4e-05
104,Canada,Paraguay,2,4e-05
104,South Korea,Sweden,2,4e-05
104,Brazil,Panama,2,4e-05
104,Bosnia and Herzegovina,Uruguay,2,4e-05
104,Haiti,Belgium,2,4e-05
104,Iraq,New Zealand,2,4e-05
104,South Korea,Paraguay,2,4e-05
104,New Zealand,Switzerland,2,4e-05
104,Colombia,Panama,2,4e-05
104,Jordan,Croatia,2,4e-05
104,Japan,Sweden,2,4e-05
104,Colombia,Tunisia,2,4e-05
104,South Africa,Croatia,2,4e-05
104,Australia,Germany,2,4e-05
104,Egypt,Austria,2,4e-05
104,Australia,South Korea,2,4e-05
104,United States,Sweden,2,4e-05
104,Qatar,Senegal,2,4e-05
104,Paraguay,Uruguay,2,4e-05
104,England,Bosnia and Herzegovina,2,4e-05
104,Portugal,Jordan,2,4e-05
104,United States,Tunisia,2,4e-05
104,Scotland,Côte d'Ivoire,2,4e-05
104,Australia,Algeria,2,4e-05
104,Ghana,New Zealand,2,4e-05
104,Tunisia,Switzerland,2,4e-05
104,Colombia,Haiti,2,4e-05
104,Côte d'Ivoire,Jordan,2,4e-05
104,United States,Cape Verde,2,4e-05
104,Brazil,Curaçao,2,4e-05
104,Saudi Arabia,Belgium,2,4e-05
104,United States,Panama,2,4e-05
104,Croatia,Haiti,2,4e-05
104,New Zealand,United States,2,4e-05
104,Jordan,United States,2,4e-05
104,Australia,Czechia,2,4e-05
104,Algeria,Ecuador,2,4e-05
104,Curaçao,Panama,2,4e-05
104,Haiti,Brazil,2,4e-05
104,Algeria,Paraguay,2,4e-05
104,Uruguay,Colombia,2,4e-05
104,Czechia,Scotland,2,4e-05
104,Uruguay,Côte d'Ivoire,2,4e-05
104,Mexico,Cape Verde,2,4e-05
104,Curaçao,Iran,2,4e-05
104,Ghana,Austria,2,4e-05
104,Czechia,DR Congo,2,4e-05
104,Austria,Côte d'Ivoire,2,4e-05
104,Paraguay,United States,2,4e-05
104,Curaçao,DR Congo,2,4e-05
104,Curaçao,Mexico,2,4e-05
104,Brazil,Czechia,2,4e-05
104,Sweden,Panama,2,4e-05
104,Ghana,Norway,2,4e-05
104,Uzbekistan,Uruguay,2,4e-05
104,Iran,Iraq,2,4e-05
104,Haiti,Norway,2,4e-05
104,Egypt,Ecuador,2,4e-05
104,Ecuador,Saudi Arabia,2,4e-05
104,Scotland,Germany,2,4e-05
104,United States,Haiti,2,4e-05
104,Argentina,Czechia,2,4e-05
104,Ghana,Türkiye,2,4e-05
104,Iraq,Mexico,2,4e-05
104,United States,New Zealand,2,4e-05
104,United States,Czechia,2,4e-05
104,Algeria,Germany,2,4e-05
104,Paraguay,Morocco,2,4e-05
104,Côte d'Ivoire,Ghana,2,4e-05
104,Côte d'Ivoire,Czechia,2,4e-05
104,Canada,Austria,2,4e-05
104,Haiti,Switzerland,2,4e-05
104,Qatar,Canada,2,4e-05
104,Cape Verde,France,2,4e-05
104,Iran,Germany,2,4e-05
104,Iraq,Uzbekistan,2,4e-05
104,Qatar,Türkiye,2,4e-05
104,South Africa,New Zealand,1,2e-05
104,Qatar,Australia,1,2e-05
104,Scotland,Türkiye,1,2e-05
104,Uruguay,Czechia,1,2e-05
104,Iraq,Iran,1,2e-05
104,Czechia,Tunisia,1,2e-05
104,Czechia,Cape Verde,1,2e-05
104,Austria,Iraq,1,2e-05
104,Sweden,Côte d'Ivoire,1,2e-05
104,Ecuador,Qatar,1,2e-05
104,Panama,Egypt,1,2e-05
104,Saudi Arabia,Switzerland,1,2e-05
104,South Africa,Egypt,1,2e-05
104,Saudi Arabia,South Korea,1,2e-05
104,Tunisia,DR Congo,1,2e-05
104,Jordan,Bosnia and Herzegovina,1,2e-05
104,South Africa,Haiti,1,2e-05
104,South Korea,Jordan,1,2e-05
104,Saudi Arabia,DR Congo,1,2e-05
104,Ghana,Sweden,1,2e-05
104,Tunisia,Iraq,1,2e-05
104,Sweden,Egypt,1,2e-05
104,New Zealand,Austria,1,2e-05
104,South Africa,Switzerland,1,2e-05
104,Panama,Curaçao,1,2e-05
104,Switzerland,Czechia,1,2e-05
104,Haiti,United States,1,2e-05
104,South Korea,Curaçao,1,2e-05
104,Sweden,Brazil,1,2e-05
104,Haiti,Colombia,1,2e-05
104,Tunisia,Scotland,1,2e-05
104,Ghana,Czechia,1,2e-05
104,Colombia,Curaçao,1,2e-05
104,Paraguay,Ecuador,1,2e-05
104,Morocco,Bosnia and Herzegovina,1,2e-05
104,Bosnia and Herzegovina,Switzerland,1,2e-05
104,Australia,Haiti,1,2e-05
104,Czechia,United States,1,2e-05
104,Tunisia,South Korea,1,2e-05
104,Bosnia and Herzegovina,Norway,1,2e-05
104,Panama,South Korea,1,2e-05
104,Jordan,Germany,1,2e-05
104,Iraq,Scotland,1,2e-05
104,Bosnia and Herzegovina,Paraguay,1,2e-05
104,Cape Verde,Argentina,1,2e-05
104,Uzbekistan,United States,1,2e-05
104,South Africa,Iran,1,2e-05
104,Ecuador,Sweden,1,2e-05
104,Czechia,Uzbekistan,1,2e-05
104,Bosnia and Herzegovina,Iran,1,2e-05
104,Côte d'Ivoire,Tunisia,1,2e-05
104,Iran,Qatar,1,2e-05
104,Australia,Iran,1,2e-05
104,Iran,Jordan,1,2e-05
104,Bosnia and Herzegovina,Egypt,1,2e-05
104,New Zealand,Haiti,1,2e-05
104,Uzbekistan,Sweden,1,2e-05
104,Curaçao,Australia,1,2e-05
104,Switzerland,Cape Verde,1,2e-05
104,Senegal,Iraq,1,2e-05
104,Panama,Canada,1,2e-05
104,New Zealand,Saudi Arabia,1,2e-05
104,South Africa,Germany,1,2e-05
104,Egypt,Uzbekistan,1,2e-05
104,Paraguay,Brazil,1,2e-05
104,Czechia,Austria,1,2e-05
104,Algeria,Jordan,1,2e-05
104,Qatar,Brazil,1,2e-05
104,Sweden,Austria,1,2e-05
104,New Zealand,South Korea,1,2e-05
104,Belgium,Bosnia and Herzegovina,1,2e-05
104,Egypt,South Africa,1,2e-05
104,Côte d'Ivoire,Curaçao,1,2e-05
104,Bosnia and Herzegovina,Saudi Arabia,1,2e-05
104,Türkiye,Côte d'Ivoire,1,2e-05
104,Egypt,Saudi Arabia,1,2e-05
104,Bosnia and Herzegovina,Ghana,1,2e-05
104,Uruguay,Canada,1,2e-05
104,Austria,Saudi Arabia,1,2e-05
104,Haiti,Curaçao,1,2e-05
104,DR Congo,Canada,1,2e-05
104,Uzbekistan,Tunisia,1,2e-05
104,New Zealand,Ecuador,1,2e-05
104,Colombia,Qatar,1,2e-05
104,Ghana,DR Congo,1,2e-05
104,Curaçao,Côte d'Ivoire,1,2e-05
104,Jordan,Iran,1,2e-05
104,Uruguay,Uzbekistan,1,2e-05
104,Bosnia and Herzegovina,New Zealand,1,2e-05
104,Ghana,Iran,1,2e-05
104,Ecuador,Jordan,1,2e-05
104,Panama,Scotland,1,2e-05
104,Uruguay,Tunisia,1,2e-05
104,Senegal,Bosnia and Herzegovina,1,2e-05
104,Canada,Curaçao,1,2e-05
104,Czechia,Croatia,1,2e-05
104,New Zealand,Algeria,1,2e-05
104,Czechia,New Zealand,1,2e-05
104,New Zealand,Qatar,1,2e-05
104,Ghana,Algeria,1,2e-05
104,Ecuador,Haiti,1,2e-05
104,Uzbekistan,Jordan,1,2e-05
104,Uruguay,Switzerland,1,2e-05
104,Australia,Tunisia,1,2e-05
104,Türkiye,Uzbekistan,1,2e-05
104,New Zealand,Türkiye,1,2e-05
104,Sweden,United States,1,2e-05
104,Egypt,Côte d'Ivoire,1,2e-05
104,Paraguay,Australia,1,2e-05
104,Sweden,DR Congo,1,2e-05
104,Iraq,Australia,1,2e-05
104,Croatia,Ghana,1,2e-05
104,Australia,Cape Verde,1,2e-05
104,Jordan,Ecuador,1,2e-05
104,Côte d'Ivoire,Bosnia and Herzegovina,1,2e-05
104,Sweden,Paraguay,1,2e-05
104,Paraguay,Scotland,1,2e-05
104,South Korea,South Africa,1,2e-05
104,Bosnia and Herzegovina,Croatia,1,2e-05
104,Panama,Croatia,1,2e-05
104,Sweden,Scotland,1,2e-05
104,Norway,Qatar,1,2e-05
104,Curaçao,Jordan,1,2e-05
104,Norway,Cape Verde,1,2e-05
104,Czechia,Canada,1,2e-05
104,Bosnia and Herzegovina,Uzbekistan,1,2e-05
104,Côte d'Ivoire,Cape Verde,1,2e-05
104,Jordan,Uruguay,1,2e-05
104,Haiti,Iran,1,2e-05
104,Japan,Qatar,1,2e-05
104,Netherlands,South Africa,1,2e-05
104,South Africa,Paraguay,1,2e-05
104,Bosnia and Herzegovina,Algeria,1,2e-05
104,Egypt,Czechia,1,2e-05
104,Austria,Ghana,1,2e-05
104,Croatia,Czechia,1,2e-05
104,Egypt,Cape Verde,1,2e-05
104,Ecuador,Cape Verde,1,2e-05
104,Uruguay,Austria,1,2e-05
104,New Zealand,DR Congo,1,2e-05
104,Ecuador,South Africa,1,2e-05
104,Egypt,Tunisia,1,2e-05
104,Japan,Panama,1,2e-05
104,Türkiye,New Zealand,1,2e-05
104,Czechia,Algeria,1,2e-05
104,Haiti,Ecuador,1,2e-05
104,Curaçao,Ecuador,1,2e-05
104,Scotland,Colombia,1,2e-05
104,Qatar,South Korea,1,2e-05
104,Sweden,South Korea,1,2e-05
104,United States,Ghana,1,2e-05
104,Saudi Arabia,Norway,1,2e-05
104,Sweden,Uzbekistan,1,2e-05
104,Iraq,Panama,1,2e-05
104,Australia,Scotland,1,2e-05
104,Cape Verde,Belgium,1,2e-05
104,Tunisia,United States,1,2e-05
104,Ghana,Scotland,1,2e-05
104,Iran,Uzbekistan,1,2e-05
104,Czechia,Paraguay,1,2e-05
104,Egypt,Paraguay,1,2e-05
104,Croatia,Tunisia,1,2e-05
104,Ghana,Saudi Arabia,1,2e-05
104,Cape Verde,Morocco,1,2e-05
104,Bosnia and Herzegovina,Czechia,1,2e-05
104,Brazil,Bosnia and Herzegovina,1,2e-05
104,Iraq,Croatia,1,2e-05
104,Austria,New Zealand,1,2e-05
104,Haiti,Ghana,1,2e-05
104,Scotland,Austria,1,2e-05
104,Australia,Sweden,1,2e-05
104,Saudi Arabia,Iran,1,2e-05
104,Paraguay,Norway,1,2e-05
104,Haiti,DR Congo,1,2e-05
104,Senegal,Curaçao,1,2e-05
104,Iraq,Ecuador,1,2e-05
104,Jordan,Sweden,1,2e-05
104,Algeria,South Korea,1,2e-05
104,Mexico,Paraguay,1,2e-05
104,Scotland,Sweden,1,2e-05
104,Norway,South Africa,1,2e-05
104,South Africa,Austria,1,2e-05
104,Panama,Uruguay,1,2e-05
104,Tunisia,Egypt,1,2e-05
104,Iraq,Canada,1,2e-05
104,Australia,Panama,1,2e-05
104,Algeria,Cape Verde,1,2e-05
104,Qatar,Colombia,1,2e-05
104,New Zealand,Uzbekistan,1,2e-05
104,Austria,South Africa,1,2e-05
104,Iraq,Austria,1,2e-05
104,Jordan,Türkiye,1,2e-05
104,Qatar,Germany,1,2e-05
104,Norway,Curaçao,1,2e-05
104,Paraguay,Haiti,1,2e-05
104,DR Congo,South Korea,1,2e-05
104,Uzbekistan,DR Congo,1,2e-05
104,South Africa,Türkiye,1,2e-05
104,Australia,DR Congo,1,2e-05
104,DR Congo,Haiti,1,2e-05
104,DR Congo,South Africa,1,2e-05
104,Iraq,Algeria,1,2e-05
104,Senegal,Czechia,1,2e-05
104,Canada,Panama,1,2e-05
104,Mexico,South Africa,1,2e-05
104,Scotland,Japan,1,2e-05
104,Haiti,South Korea,1,2e-05
104,Canada,Cape Verde,1,2e-05
104,Egypt,Haiti,1,2e-05
104,France,South Africa,1,2e-05
104,South Korea,Saudi Arabia,1,2e-05
104,Scotland,South Korea,1,2e-05
104,Austria,Curaçao,1,2e-05
104,Paraguay,Senegal,1,2e-05
104,Uzbekistan,Haiti,1,2e-05
104,Qatar,Mexico,1,2e-05
104,New Zealand,Tunisia,1,2e-05
104,Egypt,Panama,1,2e-05
104,Tunisia,Austria,1,2e-05
104,Canada,Haiti,1,2e-05
104,Algeria,Uzbekistan,1,2e-05
104,New Zealand,Belgium,1,2e-05
104,Australia,Ecuador,1,2e-05
104,Austria,Uzbekistan,1,2e-05
104,South Korea,Bosnia and Herzegovina,1,2e-05
104,Saudi Arabia,New Zealand,1,2e-05
104,Qatar,Belgium,1,2e-05
104,South Korea,Côte d'Ivoire,1,2e-05
104,Uruguay,Ecuador,1,2e-05
104,Uruguay,Paraguay,1,2e-05
104,Algeria,Iraq,1,2e-05
104,Ghana,United States,1,2e-05
104,Mexico,Panama,1,2e-05
104,South Africa,Ghana,1,2e-05
104,Bosnia and Herzegovina,Germany,1,2e-05
104,Senegal,Scotland,1,2e-05
104,Jordan,Austria,1,2e-05
104,Türkiye,Sweden,1,2e-05
104,Sweden,Ghana,1,2e-05
104,Sweden,Curaçao,1,2e-05
104,Türkiye,Curaçao,1,2e-05
104,Haiti,Morocco,1,2e-05
104,DR Congo,Curaçao,1,2e-05
104,Argentina,South Africa,1,2e-05
104,Paraguay,Bosnia and Herzegovina,1,2e-05
104,Croatia,Sweden,1,2e-05
104,Tunisia,Sweden,1,2e-05
104,Uzbekistan,Côte d'Ivoire,1,2e-05
104,Türkiye,Ecuador,1,2e-05
104,New Zealand,Cape Verde,1,2e-05
104,Egypt,Curaçao,1,2e-05
104,Uzbekistan,Saudi Arabia,1,2e-05
104,Saudi Arabia,Brazil,1,2e-05
104,Scotland,Uruguay,1,2e-05
104,Iraq,Germany,1,2e-05
104,South Africa,Saudi Arabia,1,2e-05
104,Netherlands,Czechia,1,2e-05
104,Curaçao,Scotland,1,2e-05
104,Norway,Sweden,1,2e-05
104,United States,Iraq,1,2e-05
104,Uruguay,Türkiye,1,2e-05
104,Bosnia and Herzegovina,Türkiye,1,2e-05
104,Czechia,Ecuador,1,2e-05
104,Türkiye,Panama,1,2e-05
104,DR Congo,Austria,1,2e-05
104,Curaçao,Paraguay,1,2e-05
104,Uruguay,Qatar,1,2e-05
104,Tunisia,Uzbekistan,1,2e-05
104,Bosnia and Herzegovina,Austria,1,2e-05
104,Japan,Ghana,1,2e-05
104,Iraq,Switzerland,1,2e-05
104,Qatar,United States,1,2e-05
104,Egypt,Australia,1,2e-05
104,Belgium,South Africa,1,2e-05
104,Paraguay,South Korea,1,2e-05
104,Norway,Bosnia and Herzegovina,1,2e-05
104,Uzbekistan,Ghana,1,2e-05
104,Ecuador,Iraq,1,2e-05
104,Jordan,Saudi Arabia,1,2e-05
104,Uzbekistan,Türkiye,1,2e-05
104,Czechia,Panama,1,2e-05
